Project Request,Scientific name,Point of Contact for Submission,Email,Common Name,Survey Type,species_code
NMFS AFSC GAP Survey,Hippoglossoides robustus (juvenile),Emily Markowtiz,emily.markowitz@noaa.gov,Bering flounder (juvenile),Encountered,10141
NMFS AFSC GAP Survey,Pleuronichthys guttulatus,Emily Markowtiz,emily.markowitz@noaa.gov,diamond turbot,Encountered,10145
NMFS AFSC GAP Survey,Lyopsetta exilis,Emily Markowtiz,emily.markowitz@noaa.gov,slender sole,Encountered,10150
NMFS AFSC GAP Survey,Liopsetta glacialis,Emily Markowtiz,emily.markowitz@noaa.gov,Arctic flounder,Encountered,10155
NMFS AFSC GAP Survey,Eopsetta jordani,Emily Markowtiz,emily.markowitz@noaa.gov,petrale sole,Encountered,10160
NMFS AFSC GAP Survey,Parophrys vetulus,Emily Markowtiz,emily.markowitz@noaa.gov,English sole,Encountered,10170
NMFS AFSC GAP Survey,Microstomus pacificus,Emily Markowtiz,emily.markowitz@noaa.gov,Dover sole,Encountered,10180
NMFS AFSC GAP Survey,Microstomus bathybius,Emily Markowtiz,emily.markowitz@noaa.gov,deepsea sole,Encountered,10190
NMFS AFSC GAP Survey,Glyptocephalus zachirus,Emily Markowtiz,emily.markowitz@noaa.gov,rex sole,Encountered,10200
NMFS AFSC GAP Survey,Glyptocephalus zachirus larvae,Emily Markowtiz,emily.markowitz@noaa.gov,rex sole larvae,Encountered,10201
NMFS AFSC GAP Survey,Limanda aspera (juvenile),Emily Markowtiz,emily.markowitz@noaa.gov,yellowfin sole (juvenile),Encountered,10209
NMFS AFSC GAP Survey,Limanda aspera,Emily Markowtiz,emily.markowitz@noaa.gov,yellowfin sole,Encountered,10210
NMFS AFSC GAP Survey,Myzopsetta proboscidea,Emily Markowtiz,emily.markowitz@noaa.gov,longhead dab,Encountered,10211
NMFS AFSC GAP Survey,Limanda sakhalinensis,Emily Markowtiz,emily.markowitz@noaa.gov,Sakhalin sole,Encountered,10212
NMFS AFSC GAP Survey,Platichthys stellatus,Emily Markowtiz,emily.markowitz@noaa.gov,starry flounder,Encountered,10220
NMFS AFSC GAP Survey,Platichthys stellatus X Pleuronectes quadrituberculatus hybrid,Emily Markowtiz,emily.markowitz@noaa.gov,hybrid starry flounder X Alaska plaice,Encountered,10221
NMFS AFSC GAP Survey,Clidoderma asperrimum,Emily Markowtiz,emily.markowitz@noaa.gov,roughscale sole,Encountered,10240
NMFS AFSC GAP Survey,Psettichthys melanostictus,Emily Markowtiz,emily.markowitz@noaa.gov,sand sole,Encountered,10250
NMFS AFSC GAP Survey,Lepidopsetta sp.,Emily Markowtiz,emily.markowitz@noaa.gov,rock sole unid.,Encountered,10260
NMFS AFSC GAP Survey,Lepidopsetta polyxystra,Emily Markowtiz,emily.markowitz@noaa.gov,northern rock sole,Encountered,10261
NMFS AFSC GAP Survey,NA,Emily Markowtiz,emily.markowitz@noaa.gov,fish egg unid.,Encountered,1
NMFS AFSC GAP Survey,NA,Emily Markowtiz,emily.markowitz@noaa.gov,fish larvae unid.,Encountered,2
NMFS AFSC GAP Survey,NA,Emily Markowtiz,emily.markowitz@noaa.gov,fish unid.,Encountered,3
NMFS AFSC GAP Survey,Petromyzontidae,Emily Markowtiz,emily.markowitz@noaa.gov,lamprey unid.,Encountered,10
NMFS AFSC GAP Survey,Entosphenus tridentatus,Emily Markowtiz,emily.markowitz@noaa.gov,Pacific lamprey,Encountered,21
NMFS AFSC GAP Survey,Myxinidae,Emily Markowtiz,emily.markowitz@noaa.gov,hagfish unid.,Encountered,100
NMFS AFSC GAP Survey,Eptatretus sp.,Emily Markowtiz,emily.markowitz@noaa.gov,NA,Encountered,109
NMFS AFSC GAP Survey,Eptatretus deani,Emily Markowtiz,emily.markowitz@noaa.gov,black hagfish,Encountered,110
NMFS AFSC GAP Survey,Eptatretus stoutii,Emily Markowtiz,emily.markowitz@noaa.gov,Pacific hagfish,Encountered,120
NMFS AFSC GAP Survey,Selachii,Emily Markowtiz,emily.markowitz@noaa.gov,shark unid.,Encountered,150
NMFS AFSC GAP Survey,Chondrichthyes,Emily Markowtiz,emily.markowitz@noaa.gov,cartilaginous fish unid.,Encountered,151
NMFS AFSC GAP Survey,Selachii egg case,Emily Markowtiz,emily.markowitz@noaa.gov,shark egg case unid.,Encountered,160
NMFS AFSC GAP Survey,Alopias vulpinus,Emily Markowtiz,emily.markowitz@noaa.gov,thresher shark,Encountered,180
NMFS AFSC GAP Survey,Scyliorhinidae,Emily Markowtiz,emily.markowitz@noaa.gov,cat shark unid.,Encountered,200
NMFS AFSC GAP Survey,Apristurus brunneus egg case,Emily Markowtiz,emily.markowitz@noaa.gov,brown cat shark egg case,Encountered,201
NMFS AFSC GAP Survey,Apristurus brunneus,Emily Markowtiz,emily.markowitz@noaa.gov,brown cat shark,Encountered,210
NMFS AFSC GAP Survey,Parmaturus xaniurus,Emily Markowtiz,emily.markowitz@noaa.gov,filetail cat shark,Encountered,211
NMFS AFSC GAP Survey,Apristurus kampae,Emily Markowtiz,emily.markowitz@noaa.gov,longnose cat shark,Encountered,212
NMFS AFSC GAP Survey,Apristurus sp.,Emily Markowtiz,emily.markowitz@noaa.gov,NA,Encountered,213
NMFS AFSC GAP Survey,Cephaloscyllium ventriosum,Emily Markowtiz,emily.markowitz@noaa.gov,swell shark,Encountered,214
NMFS AFSC GAP Survey,Hexanchus griseus,Emily Markowtiz,emily.markowitz@noaa.gov,sixgill shark,Encountered,222
NMFS AFSC GAP Survey,Lamna ditropis,Emily Markowtiz,emily.markowitz@noaa.gov,salmon shark,Encountered,232
NMFS AFSC GAP Survey,Cetorhinus maximus,Emily Markowtiz,emily.markowitz@noaa.gov,basking shark,Encountered,242
NMFS AFSC GAP Survey,Squatina californica,Emily Markowtiz,emily.markowitz@noaa.gov,Pacific angel shark,Encountered,252
NMFS AFSC GAP Survey,Squalus suckleyi,Emily Markowtiz,emily.markowitz@noaa.gov,spiny dogfish,Encountered,310
NMFS AFSC GAP Survey,Centroscyllium nigrum,Emily Markowtiz,emily.markowitz@noaa.gov,combtooth dogfish,Encountered,311
NMFS AFSC GAP Survey,Somniosus pacificus,Emily Markowtiz,emily.markowitz@noaa.gov,Pacific sleeper shark,Encountered,320
NMFS AFSC GAP Survey,Galeorhinus galeus,Emily Markowtiz,emily.markowitz@noaa.gov,soupfin shark,Encountered,332
NMFS AFSC GAP Survey,Mustelus sp.,Emily Markowtiz,emily.markowitz@noaa.gov,NA,Encountered,339
NMFS AFSC GAP Survey,Mustelus henlei,Emily Markowtiz,emily.markowitz@noaa.gov,brown smoothhound,Encountered,340
NMFS AFSC GAP Survey,Mustelus californicus,Emily Markowtiz,emily.markowitz@noaa.gov,gray smoothhound,Encountered,341
NMFS AFSC GAP Survey,Prionace glauca,Emily Markowtiz,emily.markowitz@noaa.gov,blue shark,Encountered,351
NMFS AFSC GAP Survey,Triakis semifasciata,Emily Markowtiz,emily.markowitz@noaa.gov,leopard shark,Encountered,355
NMFS AFSC GAP Survey,Rajidae,Emily Markowtiz,emily.markowitz@noaa.gov,skate unid.,Encountered,400
NMFS AFSC GAP Survey,Rajiformes egg case,Emily Markowtiz,emily.markowitz@noaa.gov,skate egg case unid.,Encountered,401
NMFS AFSC GAP Survey,Bathyraja sp. egg case,Emily Markowtiz,emily.markowitz@noaa.gov,Bathyraja sp. egg case,Encountered,402
NMFS AFSC GAP Survey,Raja sp. egg case,Emily Markowtiz,emily.markowitz@noaa.gov,Raja sp. egg case,Encountered,403
NMFS AFSC GAP Survey,Raja sp.,Emily Markowtiz,emily.markowitz@noaa.gov,NA,Encountered,404
NMFS AFSC GAP Survey,Bathyraja sp.,Emily Markowtiz,emily.markowitz@noaa.gov,NA,Encountered,405
NMFS AFSC GAP Survey,Bathyraja spinosissima,Emily Markowtiz,emily.markowitz@noaa.gov,white skate,Encountered,406
NMFS AFSC GAP Survey,Bathyraja abyssicola,Emily Markowtiz,emily.markowitz@noaa.gov,deepsea skate,Encountered,410
NMFS AFSC GAP Survey,Bathyraja abyssicola egg case,Emily Markowtiz,emily.markowitz@noaa.gov,deepsea skate egg case,Encountered,411
NMFS AFSC GAP Survey,Beringraja binoculata,Emily Markowtiz,emily.markowitz@noaa.gov,big skate,Encountered,420
NMFS AFSC GAP Survey,Beringraja binoculata egg case,Emily Markowtiz,emily.markowitz@noaa.gov,big skate egg case,Encountered,421
NMFS AFSC GAP Survey,Beringraja inornata,Emily Markowtiz,emily.markowitz@noaa.gov,California skate,Encountered,425
NMFS AFSC GAP Survey,Bathyraja interrupta,Emily Markowtiz,emily.markowitz@noaa.gov,Bering skate,Encountered,435
NMFS AFSC GAP Survey,Bathyraja interrupta egg case,Emily Markowtiz,emily.markowitz@noaa.gov,Bering skate egg case,Encountered,436
NMFS AFSC GAP Survey,Beringraja rhina,Emily Markowtiz,emily.markowitz@noaa.gov,longnose skate,Encountered,440
NMFS AFSC GAP Survey,Beringraja rhina egg case,Emily Markowtiz,emily.markowitz@noaa.gov,longnose skate egg case,Encountered,441
NMFS AFSC GAP Survey,Amblyraja hyperborea,Emily Markowtiz,emily.markowitz@noaa.gov,roughshoulder skate,Encountered,445
NMFS AFSC GAP Survey,Amblyraja hyperborea egg case,Emily Markowtiz,emily.markowitz@noaa.gov,roughshoulder skate egg case,Encountered,446
NMFS AFSC GAP Survey,Beringraja stellulata,Emily Markowtiz,emily.markowitz@noaa.gov,starry skate,Encountered,450
NMFS AFSC GAP Survey,Bathyraja taranetzi,Emily Markowtiz,emily.markowitz@noaa.gov,mud skate,Encountered,455
NMFS AFSC GAP Survey,Bathyraja taranetzi egg case,Emily Markowtiz,emily.markowitz@noaa.gov,mud skate egg case,Encountered,456
NMFS AFSC GAP Survey,Bathyraja trachura,Emily Markowtiz,emily.markowitz@noaa.gov,roughtail skate,Encountered,460
NMFS AFSC GAP Survey,Bathyraja trachura egg case,Emily Markowtiz,emily.markowitz@noaa.gov,roughtail skate egg case,Encountered,461
NMFS AFSC GAP Survey,Arctoraja parmifera,Emily Markowtiz,emily.markowitz@noaa.gov,Alaska skate,Encountered,471
NMFS AFSC GAP Survey,Bathyraja aleutica,Emily Markowtiz,emily.markowitz@noaa.gov,Aleutian skate,Encountered,472
NMFS AFSC GAP Survey,Bathyraja aleutica egg case,Emily Markowtiz,emily.markowitz@noaa.gov,Aleutian skate egg case,Encountered,473
NMFS AFSC GAP Survey,Arctoraja parmifera egg case,Emily Markowtiz,emily.markowitz@noaa.gov,Alaska skate egg case,Encountered,474
NMFS AFSC GAP Survey,Bathyraja lindbergi,Emily Markowtiz,emily.markowitz@noaa.gov,Commander skate,Encountered,475
NMFS AFSC GAP Survey,Bathyraja lindbergi egg case,Emily Markowtiz,emily.markowitz@noaa.gov,Commander skate egg case,Encountered,476
NMFS AFSC GAP Survey,Bathyraja panthera,Emily Markowtiz,emily.markowitz@noaa.gov,leopard skate,Encountered,477
NMFS AFSC GAP Survey,Bathyraja panthera egg case,Emily Markowtiz,emily.markowitz@noaa.gov,leopard skate egg case,Encountered,478
NMFS AFSC GAP Survey,Bathyraja maculata,Emily Markowtiz,emily.markowitz@noaa.gov,whiteblotched skate,Encountered,480
NMFS AFSC GAP Survey,Bathyraja maculata egg case,Emily Markowtiz,emily.markowitz@noaa.gov,whiteblotched skate egg case,Encountered,481
NMFS AFSC GAP Survey,Bathyraja mariposa,Emily Markowtiz,emily.markowitz@noaa.gov,butterfly skate,Encountered,483
NMFS AFSC GAP Survey,Bathyraja mariposa egg case,Emily Markowtiz,emily.markowitz@noaa.gov,butterfly skate egg case,Encountered,484
NMFS AFSC GAP Survey,Bathyraja minispinosa,Emily Markowtiz,emily.markowitz@noaa.gov,whitebrow skate,Encountered,485
NMFS AFSC GAP Survey,Bathyraja minispinosa egg case,Emily Markowtiz,emily.markowitz@noaa.gov,whitebrow skate egg case,Encountered,486
NMFS AFSC GAP Survey,Bathyraja smirnovi,Emily Markowtiz,emily.markowitz@noaa.gov,golden skate,Encountered,490
NMFS AFSC GAP Survey,Bathyraja violacea,Emily Markowtiz,emily.markowitz@noaa.gov,Okhotsk skate,Encountered,495
NMFS AFSC GAP Survey,Tetronarce californica,Emily Markowtiz,emily.markowitz@noaa.gov,Pacific electric ray,Encountered,610
NMFS AFSC GAP Survey,Hydrolagus colliei,Emily Markowtiz,emily.markowitz@noaa.gov,spotted ratfish,Encountered,710
NMFS AFSC GAP Survey,Hydrolagus colliei egg case,Emily Markowtiz,emily.markowitz@noaa.gov,spotted ratfish egg case,Encountered,711
NMFS AFSC GAP Survey,Pleuronectiformes,Emily Markowtiz,emily.markowitz@noaa.gov,flatfish unid.,Encountered,10001
NMFS AFSC GAP Survey,Pleuronectiformes larvae,Emily Markowtiz,emily.markowitz@noaa.gov,flatfish larvae,Encountered,10002
NMFS AFSC GAP Survey,Bothidae,Emily Markowtiz,emily.markowitz@noaa.gov,lefteye flounder unid.,Encountered,10003
NMFS AFSC GAP Survey,Citharichthys sp.,Emily Markowtiz,emily.markowitz@noaa.gov,sanddab unid.,Encountered,10008
NMFS AFSC GAP Survey,Citharichthys xanthostigma,Emily Markowtiz,emily.markowitz@noaa.gov,longfin sanddab,Encountered,10009
NMFS AFSC GAP Survey,Citharichthys sordidus,Emily Markowtiz,emily.markowitz@noaa.gov,Pacific sanddab,Encountered,10010
NMFS AFSC GAP Survey,Citharichthys stigmaeus,Emily Markowtiz,emily.markowitz@noaa.gov,speckled sanddab,Encountered,10020
NMFS AFSC GAP Survey,Hippoglossina stomata,Emily Markowtiz,emily.markowitz@noaa.gov,bigmouth sole,Encountered,10041
NMFS AFSC GAP Survey,Paralichthys californicus,Emily Markowtiz,emily.markowitz@noaa.gov,California halibut,Encountered,10050
NMFS AFSC GAP Survey,Xystreurys liolepis,Emily Markowtiz,emily.markowitz@noaa.gov,fantail sole,Encountered,10060
NMFS AFSC GAP Survey,Pleuronectidae,Emily Markowtiz,emily.markowitz@noaa.gov,righteye flounder unid.,Encountered,10100
NMFS AFSC GAP Survey,Atheresthes stomias,Emily Markowtiz,emily.markowitz@noaa.gov,arrowtooth flounder,Encountered,10110
NMFS AFSC GAP Survey,Atheresthes sp.,Emily Markowtiz,emily.markowitz@noaa.gov,NA,Encountered,10111
NMFS AFSC GAP Survey,Atheresthes evermanni,Emily Markowtiz,emily.markowitz@noaa.gov,Kamchatka flounder,Encountered,10112
NMFS AFSC GAP Survey,Reinhardtius hippoglossoides,Emily Markowtiz,emily.markowitz@noaa.gov,Greenland turbot,Encountered,10115
NMFS AFSC GAP Survey,Reinhardtius hippoglossoides (juvenile),Emily Markowtiz,emily.markowitz@noaa.gov,Greenland turbot (juvenile),Encountered,10116
NMFS AFSC GAP Survey,Hippoglossus stenolepis,Emily Markowtiz,emily.markowitz@noaa.gov,Pacific halibut,Encountered,10120
NMFS AFSC GAP Survey,Hippoglossus stenolepis (juvenile),Emily Markowtiz,emily.markowitz@noaa.gov,Pacific halibut (juvenile),Encountered,10121
NMFS AFSC GAP Survey,Parophrys vetulus X Platichthys stellatus hybrid,Emily Markowtiz,emily.markowitz@noaa.gov,hybrid sole,Encountered,10122
NMFS AFSC GAP Survey,Hippoglossoides sp.,Emily Markowtiz,emily.markowitz@noaa.gov,NA,Encountered,10129
NMFS AFSC GAP Survey,Hippoglossoides elassodon,Emily Markowtiz,emily.markowitz@noaa.gov,flathead sole,Encountered,10130
NMFS AFSC GAP Survey,Hippoglossoides robustus,Emily Markowtiz,emily.markowitz@noaa.gov,Bering flounder,Encountered,10140
NMFS AFSC GAP Survey,Alepocephalidae,Emily Markowtiz,emily.markowitz@noaa.gov,slickhead unid.,Encountered,20100
NMFS AFSC GAP Survey,Asquamiceps caeruleus,Emily Markowtiz,emily.markowitz@noaa.gov,caerulean slickhead,Encountered,20105
NMFS AFSC GAP Survey,Alepocephalus sp.,Emily Markowtiz,emily.markowitz@noaa.gov,NA,Encountered,20110
NMFS AFSC GAP Survey,Alepocephalus tenebrosus,Emily Markowtiz,emily.markowitz@noaa.gov,California slickhead,Encountered,20120
NMFS AFSC GAP Survey,Bajacalifornia burragei,Emily Markowtiz,emily.markowitz@noaa.gov,sharpchin slickhead,Encountered,20121
NMFS AFSC GAP Survey,Bajacalifornia megalops,Emily Markowtiz,emily.markowitz@noaa.gov,NA,Encountered,20122
NMFS AFSC GAP Survey,Rouleina attrita,Emily Markowtiz,emily.markowitz@noaa.gov,softskin slickhead,Encountered,20130
NMFS AFSC GAP Survey,Talismania bifurcata,Emily Markowtiz,emily.markowitz@noaa.gov,threadfin slickhead,Encountered,20150
NMFS AFSC GAP Survey,Maulisia sp.,Emily Markowtiz,emily.markowitz@noaa.gov,NA,Encountered,20179
NMFS AFSC GAP Survey,Maulisia mauli,Emily Markowtiz,emily.markowitz@noaa.gov,NA,Encountered,20180
NMFS AFSC GAP Survey,Maulisia argipalla,Emily Markowtiz,emily.markowitz@noaa.gov,pitted tubeshoulder,Encountered,20181
NMFS AFSC GAP Survey,Ammodytes sp.,Emily Markowtiz,emily.markowitz@noaa.gov,sand lance unid.,Encountered,20202
NMFS AFSC GAP Survey,Ammodytes hexapterus,Emily Markowtiz,emily.markowitz@noaa.gov,Arctic sand lance,Encountered,20203
NMFS AFSC GAP Survey,Ammodytes personatus,Emily Markowtiz,emily.markowitz@noaa.gov,Pacific sand lance,Encountered,20204
NMFS AFSC GAP Survey,Anarrhichthys ocellatus,Emily Markowtiz,emily.markowitz@noaa.gov,wolf-eel,Encountered,20320
NMFS AFSC GAP Survey,Anarhichas orientalis,Emily Markowtiz,emily.markowitz@noaa.gov,Bering wolffish,Encountered,20322
NMFS AFSC GAP Survey,Anoplogaster cornuta,Emily Markowtiz,emily.markowitz@noaa.gov,fangtooth,Encountered,20420
NMFS AFSC GAP Survey,Anoplopoma fimbria,Emily Markowtiz,emily.markowitz@noaa.gov,sablefish,Encountered,20510
NMFS AFSC GAP Survey,Aulorhynchus flavidus,Emily Markowtiz,emily.markowitz@noaa.gov,tube-snout,Encountered,20542
NMFS AFSC GAP Survey,Argentiniformes,Emily Markowtiz,emily.markowitz@noaa.gov,marine smelts,Encountered,20570
NMFS AFSC GAP Survey,Argentinidae,Emily Markowtiz,emily.markowitz@noaa.gov,argentine unid.,Encountered,20571
NMFS AFSC GAP Survey,Nansenia candida,Emily Markowtiz,emily.markowitz@noaa.gov,bluethroat argentine,Encountered,20572
NMFS AFSC GAP Survey,Argentina sialis,Emily Markowtiz,emily.markowitz@noaa.gov,Pacific argentine,Encountered,20573
NMFS AFSC GAP Survey,Atherinidae,Emily Markowtiz,emily.markowitz@noaa.gov,silverside unid.,Encountered,20575
NMFS AFSC GAP Survey,Atherinops affinis,Emily Markowtiz,emily.markowitz@noaa.gov,topsmelt,Encountered,20576
NMFS AFSC GAP Survey,Atherinopsis californiensis,Emily Markowtiz,emily.markowitz@noaa.gov,jacksmelt,Encountered,20577
NMFS AFSC GAP Survey,Engraulis mordax,Emily Markowtiz,emily.markowitz@noaa.gov,northern anchovy,Encountered,20610
NMFS AFSC GAP Survey,Bathylagidae,Emily Markowtiz,emily.markowitz@noaa.gov,deepsea smelt unid.,Encountered,20614
NMFS AFSC GAP Survey,Bathylagus pacificus,Emily Markowtiz,emily.markowitz@noaa.gov,Pacific blacksmelt,Encountered,20615
NMFS AFSC GAP Survey,Bathylagus sp.,Emily Markowtiz,emily.markowitz@noaa.gov,blacksmelt unid.,Encountered,20619
NMFS AFSC GAP Survey,Pseudobathylagus milleri,Emily Markowtiz,emily.markowitz@noaa.gov,robust blacksmelt,Encountered,20620
NMFS AFSC GAP Survey,Leuroglossus schmidti,Emily Markowtiz,emily.markowitz@noaa.gov,northern smoothtongue,Encountered,20622
NMFS AFSC GAP Survey,Lipolagus ochotensis,Emily Markowtiz,emily.markowitz@noaa.gov,popeye blacksmelt,Encountered,20624
NMFS AFSC GAP Survey,Leuroglossus sp.,Emily Markowtiz,emily.markowitz@noaa.gov,NA,Encountered,20660
NMFS AFSC GAP Survey,Leuroglossus stilbius,Emily Markowtiz,emily.markowitz@noaa.gov,California smoothtongue,Encountered,20662
NMFS AFSC GAP Survey,Bathymasteridae,Emily Markowtiz,emily.markowitz@noaa.gov,ronquil unid.,Encountered,20700
NMFS AFSC GAP Survey,Ronquilus jordani,Emily Markowtiz,emily.markowitz@noaa.gov,northern ronquil,Encountered,20702
NMFS AFSC GAP Survey,Bathymaster caeruleofasciatus,Emily Markowtiz,emily.markowitz@noaa.gov,Alaskan ronquil,Encountered,20712
NMFS AFSC GAP Survey,Bathymaster leurolepis,Emily Markowtiz,emily.markowitz@noaa.gov,smallmouth ronquil,Encountered,20713
NMFS AFSC GAP Survey,Bathymaster signatus,Emily Markowtiz,emily.markowitz@noaa.gov,searcher,Encountered,20720
NMFS AFSC GAP Survey,Bathymaster derjugini,Emily Markowtiz,emily.markowitz@noaa.gov,bluecheek ronquil,Encountered,20722
NMFS AFSC GAP Survey,Rathbunella hypoplecta,Emily Markowtiz,emily.markowitz@noaa.gov,smooth ronquil,Encountered,20731
NMFS AFSC GAP Survey,Porichthys notatus,Emily Markowtiz,emily.markowitz@noaa.gov,plainfin midshipman,Encountered,20801
NMFS AFSC GAP Survey,Porichthys sp.,Emily Markowtiz,emily.markowitz@noaa.gov,NA,Encountered,20802
NMFS AFSC GAP Survey,Batrachoididae,Emily Markowtiz,emily.markowitz@noaa.gov,toadfishes,Encountered,20803
NMFS AFSC GAP Survey,Brama japonica,Emily Markowtiz,emily.markowitz@noaa.gov,Pacific pomfret,Encountered,20842
NMFS AFSC GAP Survey,Bathylaco nigricans,Emily Markowtiz,emily.markowitz@noaa.gov,bonythroat,Encountered,20871
NMFS AFSC GAP Survey,Ophidiidae,Emily Markowtiz,emily.markowitz@noaa.gov,cusk-eel unid.,Encountered,20900
NMFS AFSC GAP Survey,Chilara taylori,Emily Markowtiz,emily.markowitz@noaa.gov,spotted cusk-eel,Encountered,20901
NMFS AFSC GAP Survey,Ophidion scrippsae,Emily Markowtiz,emily.markowitz@noaa.gov,basketweave cusk-eel,Encountered,20902
NMFS AFSC GAP Survey,Lamprogrammus niger,Emily Markowtiz,emily.markowitz@noaa.gov,paperbone cusk-eel,Encountered,20905
NMFS AFSC GAP Survey,Dicrolene sp.,Emily Markowtiz,emily.markowitz@noaa.gov,NA,Encountered,20908
NMFS AFSC GAP Survey,Dicrolene filamentosa,Emily Markowtiz,emily.markowitz@noaa.gov,threadfin cusk-eel,Encountered,20910
NMFS AFSC GAP Survey,Melanonus zugmayeri,Emily Markowtiz,emily.markowitz@noaa.gov,arrowtail,Encountered,20915
NMFS AFSC GAP Survey,Bassozetus zenkevitchi,Emily Markowtiz,emily.markowitz@noaa.gov,pelagic assfish,Encountered,20916
NMFS AFSC GAP Survey,Cataetyx sp.,Emily Markowtiz,emily.markowitz@noaa.gov,NA,Encountered,20920
NMFS AFSC GAP Survey,Cataetyx rubrirostris,Emily Markowtiz,emily.markowitz@noaa.gov,rubynose brotula,Encountered,20921
NMFS AFSC GAP Survey,Brosmophycis marginata,Emily Markowtiz,emily.markowitz@noaa.gov,red brotula,Encountered,20930
NMFS AFSC GAP Survey,Trachurus symmetricus,Emily Markowtiz,emily.markowitz@noaa.gov,jack mackerel,Encountered,20952
NMFS AFSC GAP Survey,Ceratioidei,Emily Markowtiz,emily.markowitz@noaa.gov,NA,Encountered,20960
NMFS AFSC GAP Survey,Scorpaenichthys marmoratus,Emily Markowtiz,emily.markowitz@noaa.gov,cabezon,Encountered,21330
NMFS AFSC GAP Survey,Artediellus sp.,Emily Markowtiz,emily.markowitz@noaa.gov,NA,Encountered,21331
NMFS AFSC GAP Survey,Artediellus miacanthus,Emily Markowtiz,emily.markowitz@noaa.gov,bride sculpin,Encountered,21332
NMFS AFSC GAP Survey,Artediellus pacificus,Emily Markowtiz,emily.markowitz@noaa.gov,hookhorn sculpin,Encountered,21333
NMFS AFSC GAP Survey,Artediellus scaber,Emily Markowtiz,emily.markowitz@noaa.gov,hamecon,Encountered,21334
NMFS AFSC GAP Survey,Artediellus uncinatus,Emily Markowtiz,emily.markowitz@noaa.gov,Arctic hookear sculpin,Encountered,21335
NMFS AFSC GAP Survey,Artediellus gomojunovi,Emily Markowtiz,emily.markowitz@noaa.gov,spinyhook sculpin,Encountered,21336
NMFS AFSC GAP Survey,Bolinia euryptera,Emily Markowtiz,emily.markowitz@noaa.gov,broadfin sculpin,Encountered,21337
NMFS AFSC GAP Survey,Malacocottus aleuticus,Emily Markowtiz,emily.markowitz@noaa.gov,whitetail sculpin,Encountered,21338
NMFS AFSC GAP Survey,Malacocottus sp.,Emily Markowtiz,emily.markowitz@noaa.gov,NA,Encountered,21339
NMFS AFSC GAP Survey,Malacocottus kincaidi,Emily Markowtiz,emily.markowitz@noaa.gov,blackfin sculpin,Encountered,21340
NMFS AFSC GAP Survey,Malacocottus zonurus,Emily Markowtiz,emily.markowitz@noaa.gov,darkfin sculpin,Encountered,21341
NMFS AFSC GAP Survey,Hemilepidotus sp.,Emily Markowtiz,emily.markowitz@noaa.gov,Irish lord,Encountered,21342
NMFS AFSC GAP Survey,Hemilepidotus gilberti,Emily Markowtiz,emily.markowitz@noaa.gov,banded Irish lord,Encountered,21343
NMFS AFSC GAP Survey,Hemilepidotus spinosus,Emily Markowtiz,emily.markowitz@noaa.gov,brown Irish lord,Encountered,21344
NMFS AFSC GAP Survey,Hemilepidotus zapus,Emily Markowtiz,emily.markowitz@noaa.gov,longfin Irish lord,Encountered,21345
NMFS AFSC GAP Survey,Hemilepidotus hemilepidotus,Emily Markowtiz,emily.markowitz@noaa.gov,red Irish lord,Encountered,21346
NMFS AFSC GAP Survey,Hemilepidotus jordani,Emily Markowtiz,emily.markowitz@noaa.gov,yellow Irish lord,Encountered,21347
NMFS AFSC GAP Survey,Hemilepidotus papilio,Emily Markowtiz,emily.markowitz@noaa.gov,butterfly sculpin,Encountered,21348
NMFS AFSC GAP Survey,Archistes plumarius,Emily Markowtiz,emily.markowitz@noaa.gov,plumed sculpin,Encountered,21349
NMFS AFSC GAP Survey,Melanocetus johnsonii,Emily Markowtiz,emily.markowitz@noaa.gov,common blackdevil,Encountered,20971
NMFS AFSC GAP Survey,Ceratiidae,Emily Markowtiz,emily.markowitz@noaa.gov,seadevils unid.,Encountered,20980
NMFS AFSC GAP Survey,Cryptopsaras couesii,Emily Markowtiz,emily.markowitz@noaa.gov,triplewart seadevil,Encountered,20981
NMFS AFSC GAP Survey,Cetomimidae,Emily Markowtiz,emily.markowitz@noaa.gov,flabby whalefishes,Encountered,20990
NMFS AFSC GAP Survey,Rondeletia loricata,Emily Markowtiz,emily.markowitz@noaa.gov,armored redmouth whalefish,Encountered,20995
NMFS AFSC GAP Survey,Chauliodontinae,Emily Markowtiz,emily.markowitz@noaa.gov,viperfish unid.,Encountered,21000
NMFS AFSC GAP Survey,Chauliodus sp.,Emily Markowtiz,emily.markowitz@noaa.gov,NA,Encountered,21009
NMFS AFSC GAP Survey,Chauliodus macouni,Emily Markowtiz,emily.markowitz@noaa.gov,Pacific viperfish,Encountered,21010
NMFS AFSC GAP Survey,Clupea pallasii,Emily Markowtiz,emily.markowitz@noaa.gov,Pacific herring,Encountered,21110
NMFS AFSC GAP Survey,Alosa sapidissima,Emily Markowtiz,emily.markowitz@noaa.gov,American shad,Encountered,21120
NMFS AFSC GAP Survey,Sardinops sagax,Emily Markowtiz,emily.markowitz@noaa.gov,Pacific sardine,Encountered,21130
NMFS AFSC GAP Survey,Gigantactis sp.,Emily Markowtiz,emily.markowitz@noaa.gov,NA,Encountered,21150
NMFS AFSC GAP Survey,Macrouridae,Emily Markowtiz,emily.markowitz@noaa.gov,grenadier unid.,Encountered,21200
NMFS AFSC GAP Survey,Nezumia stelgidolepis,Emily Markowtiz,emily.markowitz@noaa.gov,California grenadier,Encountered,21201
NMFS AFSC GAP Survey,Nezumia liolepis,Emily Markowtiz,emily.markowitz@noaa.gov,smooth grenadier,Encountered,21202
NMFS AFSC GAP Survey,Coelorinchus scaphopsis,Emily Markowtiz,emily.markowitz@noaa.gov,shoulderspot grenadier,Encountered,21204
NMFS AFSC GAP Survey,Coryphaenoides sp.,Emily Markowtiz,emily.markowitz@noaa.gov,NA,Encountered,21210
NMFS AFSC GAP Survey,Coryphaenoides acrolepis,Emily Markowtiz,emily.markowitz@noaa.gov,Pacific grenadier,Encountered,21220
NMFS AFSC GAP Survey,Albatrossia pectoralis,Emily Markowtiz,emily.markowitz@noaa.gov,giant grenadier,Encountered,21230
NMFS AFSC GAP Survey,Coryphaenoides cinereus,Emily Markowtiz,emily.markowitz@noaa.gov,popeye grenadier,Encountered,21232
NMFS AFSC GAP Survey,Coryphaenoides filifer,Emily Markowtiz,emily.markowitz@noaa.gov,filamented grenadier,Encountered,21238
NMFS AFSC GAP Survey,Coryphaenoides longifilis,Emily Markowtiz,emily.markowitz@noaa.gov,longfin grenadier,Encountered,21239
NMFS AFSC GAP Survey,Malacocephalus laevis,Emily Markowtiz,emily.markowitz@noaa.gov,softhead grenadier,Encountered,21240
NMFS AFSC GAP Survey,Cottidae,Emily Markowtiz,emily.markowitz@noaa.gov,sculpin unid.,Encountered,21300
NMFS AFSC GAP Survey,Zesticelus profundorum,Emily Markowtiz,emily.markowitz@noaa.gov,flabby sculpin,Encountered,21305
NMFS AFSC GAP Survey,Icelinus sp.,Emily Markowtiz,emily.markowitz@noaa.gov,NA,Encountered,21307
NMFS AFSC GAP Survey,Thyriscus anoplus,Emily Markowtiz,emily.markowitz@noaa.gov,sponge sculpin,Encountered,21308
NMFS AFSC GAP Survey,Icelinus oculatus,Emily Markowtiz,emily.markowitz@noaa.gov,frogmouth sculpin,Encountered,21309
NMFS AFSC GAP Survey,Icelinus filamentosus,Emily Markowtiz,emily.markowitz@noaa.gov,threadfin sculpin,Encountered,21310
NMFS AFSC GAP Survey,Icelinus borealis,Emily Markowtiz,emily.markowitz@noaa.gov,northern sculpin,Encountered,21311
NMFS AFSC GAP Survey,Icelinus tenuis,Emily Markowtiz,emily.markowitz@noaa.gov,spotfin sculpin,Encountered,21312
NMFS AFSC GAP Survey,Gymnocanthus sp.,Emily Markowtiz,emily.markowitz@noaa.gov,NA,Encountered,21313
NMFS AFSC GAP Survey,Gymnocanthus pistilliger,Emily Markowtiz,emily.markowitz@noaa.gov,threaded sculpin,Encountered,21314
NMFS AFSC GAP Survey,Gymnocanthus tricuspis,Emily Markowtiz,emily.markowitz@noaa.gov,Arctic staghorn sculpin,Encountered,21315
NMFS AFSC GAP Survey,Gymnocanthus galeatus,Emily Markowtiz,emily.markowitz@noaa.gov,armorhead sculpin,Encountered,21316
NMFS AFSC GAP Survey,Icelinus fimbriatus,Emily Markowtiz,emily.markowitz@noaa.gov,fringed sculpin,Encountered,21318
NMFS AFSC GAP Survey,Radulinus asprellus,Emily Markowtiz,emily.markowitz@noaa.gov,slim sculpin,Encountered,21320
NMFS AFSC GAP Survey,Clinocottus acuticeps,Emily Markowtiz,emily.markowitz@noaa.gov,sharpnose sculpin,Encountered,21327
NMFS AFSC GAP Survey,Artediellus camchaticus,Emily Markowtiz,emily.markowitz@noaa.gov,Kamchatka hookear sculpin,Encountered,21328
NMFS AFSC GAP Survey,Gymnocanthus detrisus,Emily Markowtiz,emily.markowitz@noaa.gov,purplegray sculpin,Encountered,21329
NMFS AFSC GAP Survey,Lepidopsetta bilineata,Emily Markowtiz,emily.markowitz@noaa.gov,southern rock sole,Encountered,10262
NMFS AFSC GAP Survey,Lepidopsetta polyxystra (juvenile),Emily Markowtiz,emily.markowitz@noaa.gov,northern rock sole (juvenile),Encountered,10263
NMFS AFSC GAP Survey,Isopsetta isolepis,Emily Markowtiz,emily.markowitz@noaa.gov,butter sole,Encountered,10270
NMFS AFSC GAP Survey,Pleuronichthys decurrens,Emily Markowtiz,emily.markowitz@noaa.gov,curlfin sole,Encountered,10280
NMFS AFSC GAP Survey,Pleuronichthys verticalis,Emily Markowtiz,emily.markowitz@noaa.gov,hornyhead turbot,Encountered,10281
NMFS AFSC GAP Survey,Pleuronectes quadrituberculatus,Emily Markowtiz,emily.markowitz@noaa.gov,Alaska plaice,Encountered,10285
NMFS AFSC GAP Survey,Pleuronichthys coenosus,Emily Markowtiz,emily.markowitz@noaa.gov,C-O sole,Encountered,10290
NMFS AFSC GAP Survey,Pleuronichthys sp.,Emily Markowtiz,emily.markowitz@noaa.gov,NA,Encountered,10291
NMFS AFSC GAP Survey,Pleuronichthys ritteri,Emily Markowtiz,emily.markowitz@noaa.gov,spotted turbot,Encountered,10295
NMFS AFSC GAP Survey,Symphurus atricauda,Emily Markowtiz,emily.markowitz@noaa.gov,California tonguefish,Encountered,10400
NMFS AFSC GAP Survey,Latisipho sp.,Emily Markowtiz,emily.markowitz@noaa.gov,NA,Encountered,71735
NMFS AFSC GAP Survey,Agonidae,Emily Markowtiz,emily.markowitz@noaa.gov,poacher unid.,Encountered,20000
NMFS AFSC GAP Survey,Pallasina barbata,Emily Markowtiz,emily.markowitz@noaa.gov,tubenose poacher,Encountered,20001
NMFS AFSC GAP Survey,Percis japonica,Emily Markowtiz,emily.markowitz@noaa.gov,dragon poacher,Encountered,20002
NMFS AFSC GAP Survey,Leptagonus sp.,Emily Markowtiz,emily.markowitz@noaa.gov,NA,Encountered,20004
NMFS AFSC GAP Survey,Sarritor leptorhynchus,Emily Markowtiz,emily.markowitz@noaa.gov,longnose poacher,Encountered,20005
NMFS AFSC GAP Survey,Sarritor frenatus,Emily Markowtiz,emily.markowitz@noaa.gov,sawback poacher,Encountered,20006
NMFS AFSC GAP Survey,Leptagonus decagonus,Emily Markowtiz,emily.markowitz@noaa.gov,Atlantic poacher,Encountered,20007
NMFS AFSC GAP Survey,Agonopsis vulsa,Emily Markowtiz,emily.markowitz@noaa.gov,northern spearnose poacher,Encountered,20015
NMFS AFSC GAP Survey,Odontopyxis trispinosa,Emily Markowtiz,emily.markowitz@noaa.gov,pygmy poacher,Encountered,20018
NMFS AFSC GAP Survey,Xeneretmus latifrons,Emily Markowtiz,emily.markowitz@noaa.gov,blacktip poacher,Encountered,20020
NMFS AFSC GAP Survey,Xeneretmus triacanthus,Emily Markowtiz,emily.markowitz@noaa.gov,bluespotted poacher,Encountered,20021
NMFS AFSC GAP Survey,Xeneretmus leiops,Emily Markowtiz,emily.markowitz@noaa.gov,smootheye poacher,Encountered,20022
NMFS AFSC GAP Survey,Xeneretmus sp.,Emily Markowtiz,emily.markowitz@noaa.gov,NA,Encountered,20023
NMFS AFSC GAP Survey,Bathyagonus sp.,Emily Markowtiz,emily.markowitz@noaa.gov,starsnout poacher unid.,Encountered,20034
NMFS AFSC GAP Survey,Bathyagonus alascanus,Emily Markowtiz,emily.markowitz@noaa.gov,gray starsnout,Encountered,20035
NMFS AFSC GAP Survey,Bathyagonus infraspinatus,Emily Markowtiz,emily.markowitz@noaa.gov,spinycheek starsnout,Encountered,20036
NMFS AFSC GAP Survey,Bathyagonus pentacanthus,Emily Markowtiz,emily.markowitz@noaa.gov,bigeye poacher,Encountered,20037
NMFS AFSC GAP Survey,Bathyagonus nigripinnis,Emily Markowtiz,emily.markowitz@noaa.gov,blackfin poacher,Encountered,20038
NMFS AFSC GAP Survey,Podothecus sp.,Emily Markowtiz,emily.markowitz@noaa.gov,NA,Encountered,20039
NMFS AFSC GAP Survey,Podothecus accipenserinus,Emily Markowtiz,emily.markowitz@noaa.gov,sturgeon poacher,Encountered,20040
NMFS AFSC GAP Survey,Podothecus veternus,Emily Markowtiz,emily.markowitz@noaa.gov,veteran poacher,Encountered,20041
NMFS AFSC GAP Survey,Aspidophoroides monopterygius,Emily Markowtiz,emily.markowitz@noaa.gov,Aleutian alligatorfish,Encountered,20050
NMFS AFSC GAP Survey,Aspidophoroides olrikii,Emily Markowtiz,emily.markowitz@noaa.gov,Arctic alligatorfish,Encountered,20051
NMFS AFSC GAP Survey,Anoplagonus inermis,Emily Markowtiz,emily.markowitz@noaa.gov,smooth alligatorfish,Encountered,20055
NMFS AFSC GAP Survey,Chesnonia verrucosa,Emily Markowtiz,emily.markowitz@noaa.gov,warty poacher,Encountered,20060
NMFS AFSC GAP Survey,Occella dodecaedron,Emily Markowtiz,emily.markowitz@noaa.gov,Bering poacher,Encountered,20061
NMFS AFSC GAP Survey,Hypsagonus quadricornis,Emily Markowtiz,emily.markowitz@noaa.gov,fourhorn poacher,Encountered,20071
NMFS AFSC GAP Survey,Stellerina xyosterna,Emily Markowtiz,emily.markowitz@noaa.gov,pricklebreast poacher,Encountered,20075
NMFS AFSC GAP Survey,Triglops sp.,Emily Markowtiz,emily.markowitz@noaa.gov,NA,Encountered,21350
NMFS AFSC GAP Survey,Triglops nybelini,Emily Markowtiz,emily.markowitz@noaa.gov,bigeye sculpin,Encountered,21351
NMFS AFSC GAP Survey,Triglops forficatus,Emily Markowtiz,emily.markowitz@noaa.gov,scissortail sculpin,Encountered,21352
NMFS AFSC GAP Survey,Triglops metopias,Emily Markowtiz,emily.markowitz@noaa.gov,highbrow sculpin,Encountered,21353
NMFS AFSC GAP Survey,Triglops scepticus,Emily Markowtiz,emily.markowitz@noaa.gov,spectacled sculpin,Encountered,21354
NMFS AFSC GAP Survey,Triglops pingelii,Emily Markowtiz,emily.markowitz@noaa.gov,ribbed sculpin,Encountered,21355
NMFS AFSC GAP Survey,Triglops macellus,Emily Markowtiz,emily.markowitz@noaa.gov,roughspine sculpin,Encountered,21356
NMFS AFSC GAP Survey,Archistes biseriatus,Emily Markowtiz,emily.markowitz@noaa.gov,scaled sculpin,Encountered,21359
NMFS AFSC GAP Survey,Microcottus sellaris,Emily Markowtiz,emily.markowitz@noaa.gov,brightbelly sculpin,Encountered,21360
NMFS AFSC GAP Survey,Artedius fenestralis,Emily Markowtiz,emily.markowitz@noaa.gov,padded sculpin,Encountered,21362
NMFS AFSC GAP Survey,Artedius lateralis,Emily Markowtiz,emily.markowitz@noaa.gov,smoothhead sculpin,Encountered,21363
NMFS AFSC GAP Survey,Chitonotus pugetensis,Emily Markowtiz,emily.markowitz@noaa.gov,roughback sculpin,Encountered,21366
NMFS AFSC GAP Survey,Myoxocephalus scorpius,Emily Markowtiz,emily.markowitz@noaa.gov,shorthorn (=warty) sculpin,Encountered,21368
NMFS AFSC GAP Survey,Myoxocephalus niger,Emily Markowtiz,emily.markowitz@noaa.gov,warthead sculpin,Encountered,21369
NMFS AFSC GAP Survey,Myoxocephalus polyacanthocephalus,Emily Markowtiz,emily.markowitz@noaa.gov,great sculpin,Encountered,21370
NMFS AFSC GAP Survey,Myoxocephalus jaok,Emily Markowtiz,emily.markowitz@noaa.gov,plain sculpin,Encountered,21371
NMFS AFSC GAP Survey,Myoxocephalus stelleri,Emily Markowtiz,emily.markowitz@noaa.gov,frog sculpin,Encountered,21373
NMFS AFSC GAP Survey,Myoxocephalus sp.,Emily Markowtiz,emily.markowitz@noaa.gov,NA,Encountered,21375
NMFS AFSC GAP Survey,Megalocottus platycephalus,Emily Markowtiz,emily.markowitz@noaa.gov,belligerent sculpin,Encountered,21376
NMFS AFSC GAP Survey,Myoxocephalus quadricornis,Emily Markowtiz,emily.markowitz@noaa.gov,fourhorn sculpin,Encountered,21377
NMFS AFSC GAP Survey,Myoxocephalus scorpioides,Emily Markowtiz,emily.markowitz@noaa.gov,Arctic sculpin,Encountered,21378
NMFS AFSC GAP Survey,Trichocottus brashnikovi,Emily Markowtiz,emily.markowitz@noaa.gov,hairhead sculpin,Encountered,21379
NMFS AFSC GAP Survey,Leptocottus armatus,Emily Markowtiz,emily.markowitz@noaa.gov,Pacific staghorn sculpin,Encountered,21380
NMFS AFSC GAP Survey,Psychrolutes sigalutes,Emily Markowtiz,emily.markowitz@noaa.gov,soft sculpin,Encountered,21383
NMFS AFSC GAP Survey,Enophrys sp.,Emily Markowtiz,emily.markowitz@noaa.gov,NA,Encountered,21384
NMFS AFSC GAP Survey,Enophrys bison,Emily Markowtiz,emily.markowitz@noaa.gov,buffalo sculpin,Encountered,21386
NMFS AFSC GAP Survey,Enophrys lucasi,Emily Markowtiz,emily.markowitz@noaa.gov,leister sculpin,Encountered,21387
NMFS AFSC GAP Survey,Enophrys diceraus,Emily Markowtiz,emily.markowitz@noaa.gov,antlered sculpin,Encountered,21388
NMFS AFSC GAP Survey,Enophrys taurina,Emily Markowtiz,emily.markowitz@noaa.gov,bull sculpin,Encountered,21389
NMFS AFSC GAP Survey,Dasycottus setiger,Emily Markowtiz,emily.markowitz@noaa.gov,spinyhead sculpin,Encountered,21390
NMFS AFSC GAP Survey,Psychrolutidae,Emily Markowtiz,emily.markowitz@noaa.gov,NA,Encountered,21392
NMFS AFSC GAP Survey,Psychrolutes sp.,Emily Markowtiz,emily.markowitz@noaa.gov,NA,Encountered,21393
NMFS AFSC GAP Survey,Psychrolutes paradoxus,Emily Markowtiz,emily.markowitz@noaa.gov,tadpole sculpin,Encountered,21394
NMFS AFSC GAP Survey,Psychrolutes phrictus,Emily Markowtiz,emily.markowitz@noaa.gov,blob sculpin,Encountered,21395
NMFS AFSC GAP Survey,Blepsias bilobus,Emily Markowtiz,emily.markowitz@noaa.gov,crested sculpin,Encountered,21397
NMFS AFSC GAP Survey,Blepsias cirrhosus,Emily Markowtiz,emily.markowitz@noaa.gov,silverspotted sculpin,Encountered,21398
NMFS AFSC GAP Survey,Nautichthys sp.,Emily Markowtiz,emily.markowitz@noaa.gov,NA,Encountered,21404
NMFS AFSC GAP Survey,Nautichthys pribilovius,Emily Markowtiz,emily.markowitz@noaa.gov,eyeshade sculpin,Encountered,21405
NMFS AFSC GAP Survey,Nautichthys oculofasciatus,Emily Markowtiz,emily.markowitz@noaa.gov,sailfin sculpin,Encountered,21406
NMFS AFSC GAP Survey,Hexagrammos decagrammus,Emily Markowtiz,emily.markowitz@noaa.gov,kelp greenling,Encountered,21935
NMFS AFSC GAP Survey,Zaniolepis latipinnis,Emily Markowtiz,emily.markowitz@noaa.gov,longspine combfish,Encountered,21936
NMFS AFSC GAP Survey,Zaniolepis frenata,Emily Markowtiz,emily.markowitz@noaa.gov,shortspine combfish,Encountered,21937
NMFS AFSC GAP Survey,Icosteus aenigmaticus,Emily Markowtiz,emily.markowitz@noaa.gov,ragfish,Encountered,22010
NMFS AFSC GAP Survey,Idiacanthus antrostomus,Emily Markowtiz,emily.markowitz@noaa.gov,Pacific blackdragon,Encountered,22110
NMFS AFSC GAP Survey,Idiacanthus sp.,Emily Markowtiz,emily.markowitz@noaa.gov,NA,Encountered,22111
NMFS AFSC GAP Survey,Medialuna californiensis,Emily Markowtiz,emily.markowitz@noaa.gov,halfmoon,Encountered,22121
NMFS AFSC GAP Survey,Cyclopteridae,Emily Markowtiz,emily.markowitz@noaa.gov,lumpsucker unid.,Encountered,22170
NMFS AFSC GAP Survey,Lethotremus sp.,Emily Markowtiz,emily.markowitz@noaa.gov,NA,Encountered,22173
NMFS AFSC GAP Survey,Aptocyclus ventricosus,Emily Markowtiz,emily.markowitz@noaa.gov,smooth lumpsucker,Encountered,22175
NMFS AFSC GAP Survey,Lethotremus muticus,Emily Markowtiz,emily.markowitz@noaa.gov,docked snailfish,Encountered,22176
NMFS AFSC GAP Survey,Eumicrotremus asperrimus,Emily Markowtiz,emily.markowitz@noaa.gov,round lumpsucker,Encountered,22177
NMFS AFSC GAP Survey,Eumicrotremus orbis,Emily Markowtiz,emily.markowitz@noaa.gov,Pacific spiny lumpsucker,Encountered,22178
NMFS AFSC GAP Survey,Eumicrotremus derjugini,Emily Markowtiz,emily.markowitz@noaa.gov,leatherfin lumpsucker,Encountered,22179
NMFS AFSC GAP Survey,Eumicrotremus gyrinops,Emily Markowtiz,emily.markowitz@noaa.gov,Alaskan lumpsucker,Encountered,22180
NMFS AFSC GAP Survey,Eumicrotremus andriashevi,Emily Markowtiz,emily.markowitz@noaa.gov,pimpled lumpsucker,Encountered,22182
NMFS AFSC GAP Survey,Eumicrotremus sp.,Emily Markowtiz,emily.markowitz@noaa.gov,spiny lumpsuckers,Encountered,22183
NMFS AFSC GAP Survey,Eumicrotremus barbatus,Emily Markowtiz,emily.markowitz@noaa.gov,papillose lumpsucker,Encountered,22184
NMFS AFSC GAP Survey,Eumicrotremus phrynoides,Emily Markowtiz,emily.markowitz@noaa.gov,toad lumpsucker,Encountered,22190
NMFS AFSC GAP Survey,Nautichthys robustus,Emily Markowtiz,emily.markowitz@noaa.gov,shortmast sculpin,Encountered,21407
NMFS AFSC GAP Survey,Rhamphocottus richardsonii,Emily Markowtiz,emily.markowitz@noaa.gov,grunt sculpin,Encountered,21415
NMFS AFSC GAP Survey,Hemitripterus bolini,Emily Markowtiz,emily.markowitz@noaa.gov,bigmouth sculpin,Encountered,21420
NMFS AFSC GAP Survey,Hemitripterus villosus,Emily Markowtiz,emily.markowitz@noaa.gov,sea raven,Encountered,21421
NMFS AFSC GAP Survey,Hemitripterus bolini egg,Emily Markowtiz,emily.markowitz@noaa.gov,bigmouth sculpin egg,Encountered,21422
NMFS AFSC GAP Survey,Eurymen gyrinus,Emily Markowtiz,emily.markowitz@noaa.gov,smoothcheek sculpin,Encountered,21423
NMFS AFSC GAP Survey,Triglops xenostethus,Emily Markowtiz,emily.markowitz@noaa.gov,scalybreasted sculpin,Encountered,21429
NMFS AFSC GAP Survey,Ruscarius meanyi,Emily Markowtiz,emily.markowitz@noaa.gov,Puget Sound sculpin,Encountered,21436
NMFS AFSC GAP Survey,Icelinus burchami,Emily Markowtiz,emily.markowitz@noaa.gov,dusky sculpin,Encountered,21437
NMFS AFSC GAP Survey,Icelus spiniger,Emily Markowtiz,emily.markowitz@noaa.gov,thorny sculpin,Encountered,21438
NMFS AFSC GAP Survey,Icelus canaliculatus,Emily Markowtiz,emily.markowitz@noaa.gov,blacknose sculpin,Encountered,21439
NMFS AFSC GAP Survey,Icelus euryops,Emily Markowtiz,emily.markowitz@noaa.gov,wide-eye sculpin,Encountered,21440
NMFS AFSC GAP Survey,Icelus spatula,Emily Markowtiz,emily.markowitz@noaa.gov,spatulate sculpin,Encountered,21441
NMFS AFSC GAP Survey,Icelus uncinalis,Emily Markowtiz,emily.markowitz@noaa.gov,uncinate sculpin,Encountered,21443
NMFS AFSC GAP Survey,Rastrinus scutiger,Emily Markowtiz,emily.markowitz@noaa.gov,roughskin sculpin,Encountered,21444
NMFS AFSC GAP Survey,Jordania zonope,Emily Markowtiz,emily.markowitz@noaa.gov,longfin sculpin,Encountered,21445
NMFS AFSC GAP Survey,Icelus sp.,Emily Markowtiz,emily.markowitz@noaa.gov,NA,Encountered,21446
NMFS AFSC GAP Survey,Paricelinus hopliticus,Emily Markowtiz,emily.markowitz@noaa.gov,thornback sculpin,Encountered,21447
NMFS AFSC GAP Survey,Paralabrax nebulifer,Emily Markowtiz,emily.markowitz@noaa.gov,barred sand bass,Encountered,21484
NMFS AFSC GAP Survey,Embiotocidae,Emily Markowtiz,emily.markowitz@noaa.gov,surfperch unid.,Encountered,21500
NMFS AFSC GAP Survey,Amphistichus argenteus,Emily Markowtiz,emily.markowitz@noaa.gov,barred surfperch,Encountered,21501
NMFS AFSC GAP Survey,Amphistichus rhodoterus,Emily Markowtiz,emily.markowitz@noaa.gov,redtail surfperch,Encountered,21502
NMFS AFSC GAP Survey,Hyperprosopon argenteum,Emily Markowtiz,emily.markowitz@noaa.gov,walleye surfperch,Encountered,21503
NMFS AFSC GAP Survey,Embiotoca lateralis,Emily Markowtiz,emily.markowitz@noaa.gov,striped surfperch,Encountered,21506
NMFS AFSC GAP Survey,Cymatogaster aggregata,Emily Markowtiz,emily.markowitz@noaa.gov,shiner perch,Encountered,21510
NMFS AFSC GAP Survey,Hyperprosopon anale,Emily Markowtiz,emily.markowitz@noaa.gov,spotfin surfperch,Encountered,21515
NMFS AFSC GAP Survey,Phanerodon vacca,Emily Markowtiz,emily.markowitz@noaa.gov,pile perch,Encountered,21521
NMFS AFSC GAP Survey,Zalembius rosaceus,Emily Markowtiz,emily.markowitz@noaa.gov,pink seaperch,Encountered,21522
NMFS AFSC GAP Survey,Trichodon trichodon,Emily Markowtiz,emily.markowitz@noaa.gov,Pacific sandfish,Encountered,21592
NMFS AFSC GAP Survey,Chiasmodontidae,Emily Markowtiz,emily.markowitz@noaa.gov,swallowers,Encountered,21594
NMFS AFSC GAP Survey,Kali indica,Emily Markowtiz,emily.markowitz@noaa.gov,shortnose swallower,Encountered,21595
NMFS AFSC GAP Survey,Chiasmodon niger,Emily Markowtiz,emily.markowitz@noaa.gov,black swallower,Encountered,21596
NMFS AFSC GAP Survey,Kali kerberti,Emily Markowtiz,emily.markowitz@noaa.gov,needletooth swallower,Encountered,21597
NMFS AFSC GAP Survey,Pseudoscopelus sp.,Emily Markowtiz,emily.markowitz@noaa.gov,NA,Encountered,21598
NMFS AFSC GAP Survey,Gadidae,Emily Markowtiz,emily.markowitz@noaa.gov,cod unid.,Encountered,21705
NMFS AFSC GAP Survey,Microgadus proximus,Emily Markowtiz,emily.markowitz@noaa.gov,Pacific tomcod,Encountered,21710
NMFS AFSC GAP Survey,Gadus macrocephalus,Emily Markowtiz,emily.markowitz@noaa.gov,Pacific cod,Encountered,21720
NMFS AFSC GAP Survey,Gadus macrocephalus (juvenile),Emily Markowtiz,emily.markowitz@noaa.gov,Pacific cod (juvenile),Encountered,21721
NMFS AFSC GAP Survey,Gadus macrocephalus (adult),Emily Markowtiz,emily.markowitz@noaa.gov,Pacific cod (adult),Encountered,21722
NMFS AFSC GAP Survey,Boreogadus saida,Emily Markowtiz,emily.markowitz@noaa.gov,Arctic cod,Encountered,21725
NMFS AFSC GAP Survey,Moridae,Emily Markowtiz,emily.markowitz@noaa.gov,codlings unid.,Encountered,21726
NMFS AFSC GAP Survey,Halargyreus johnsonii,Emily Markowtiz,emily.markowitz@noaa.gov,slender codling,Encountered,21727
NMFS AFSC GAP Survey,Antimora microlepis,Emily Markowtiz,emily.markowitz@noaa.gov,Pacific flatnose,Encountered,21731
NMFS AFSC GAP Survey,Physiculus rastrelliger,Emily Markowtiz,emily.markowitz@noaa.gov,hundred fathom codling,Encountered,21732
NMFS AFSC GAP Survey,Laemonema longipes,Emily Markowtiz,emily.markowitz@noaa.gov,longfin codling,Encountered,21733
NMFS AFSC GAP Survey,Eleginus gracilis,Emily Markowtiz,emily.markowitz@noaa.gov,saffron cod,Encountered,21735
NMFS AFSC GAP Survey,Eleginus gracilis (juvenile),Emily Markowtiz,emily.markowitz@noaa.gov,saffron cod (juvenile),Encountered,21736
NMFS AFSC GAP Survey,Eleginus gracilis (adult),Emily Markowtiz,emily.markowitz@noaa.gov,saffron cod (adult),Encountered,21737
NMFS AFSC GAP Survey,Gadus chalcogrammus,Emily Markowtiz,emily.markowitz@noaa.gov,walleye pollock,Encountered,21740
NMFS AFSC GAP Survey,Gadus chalcogrammus (juvenile),Emily Markowtiz,emily.markowitz@noaa.gov,walleye pollock (juvenile),Encountered,21741
NMFS AFSC GAP Survey,Gadus chalcogrammus (adult),Emily Markowtiz,emily.markowitz@noaa.gov,walleye pollock (adult),Encountered,21742
NMFS AFSC GAP Survey,Gadus chalcogrammus larva,Emily Markowtiz,emily.markowitz@noaa.gov,walleye pollock larva,Encountered,21744
NMFS AFSC GAP Survey,Gasterosteus aculeatus,Emily Markowtiz,emily.markowitz@noaa.gov,threespine stickleback,Encountered,21752
NMFS AFSC GAP Survey,Pungitius pungitius,Emily Markowtiz,emily.markowitz@noaa.gov,ninespine stickleback,Encountered,21753
NMFS AFSC GAP Survey,Syngnathidae,Emily Markowtiz,emily.markowitz@noaa.gov,pipefish unid.,Encountered,21760
NMFS AFSC GAP Survey,Gobiidae,Emily Markowtiz,emily.markowitz@noaa.gov,goby unid.,Encountered,21770
NMFS AFSC GAP Survey,Gonostomatidae,Emily Markowtiz,emily.markowitz@noaa.gov,bristlemouth unid.,Encountered,21800
NMFS AFSC GAP Survey,Sigmops gracilis,Emily Markowtiz,emily.markowitz@noaa.gov,slender fangjaw,Encountered,21805
NMFS AFSC GAP Survey,Cyclothone sp.,Emily Markowtiz,emily.markowitz@noaa.gov,NA,Encountered,21810
NMFS AFSC GAP Survey,Cyclothone atraria,Emily Markowtiz,emily.markowitz@noaa.gov,black bristlemouth,Encountered,21811
NMFS AFSC GAP Survey,Cyclothone pseudopallida,Emily Markowtiz,emily.markowitz@noaa.gov,slender bristlemouth,Encountered,21812
NMFS AFSC GAP Survey,Cyclothone signata,Emily Markowtiz,emily.markowitz@noaa.gov,showy bristlemouth,Encountered,21813
NMFS AFSC GAP Survey,Cyclothone acclinidens,Emily Markowtiz,emily.markowitz@noaa.gov,benttooth bristlemouth,Encountered,21815
NMFS AFSC GAP Survey,Gonostoma sp.,Emily Markowtiz,emily.markowitz@noaa.gov,NA,Encountered,21818
NMFS AFSC GAP Survey,Sternoptychidae,Emily Markowtiz,emily.markowitz@noaa.gov,hatchetfish unid.,Encountered,21820
NMFS AFSC GAP Survey,Argyropelecus sladeni,Emily Markowtiz,emily.markowitz@noaa.gov,silvery hatchetfish,Encountered,21821
NMFS AFSC GAP Survey,Argyropelecus sp.,Emily Markowtiz,emily.markowitz@noaa.gov,NA,Encountered,21822
NMFS AFSC GAP Survey,Argyropelecus lychnus,Emily Markowtiz,emily.markowitz@noaa.gov,tropical hatchetfish,Encountered,21823
NMFS AFSC GAP Survey,Argyropelecus affinis,Emily Markowtiz,emily.markowitz@noaa.gov,slender hatchetfish,Encountered,21824
NMFS AFSC GAP Survey,Sternoptyx diaphana,Emily Markowtiz,emily.markowitz@noaa.gov,longspine hatchetfish,Encountered,21825
NMFS AFSC GAP Survey,Sternoptyx sp.,Emily Markowtiz,emily.markowitz@noaa.gov,NA,Encountered,21827
NMFS AFSC GAP Survey,Stomias atriventer,Emily Markowtiz,emily.markowitz@noaa.gov,blackbelly dragonfish,Encountered,21845
NMFS AFSC GAP Survey,Stomiiformes,Emily Markowtiz,emily.markowitz@noaa.gov,NA,Encountered,21846
NMFS AFSC GAP Survey,Stomiidae,Emily Markowtiz,emily.markowitz@noaa.gov,barbeled dragonfish,Encountered,21847
NMFS AFSC GAP Survey,Pachystomias microdon,Emily Markowtiz,emily.markowitz@noaa.gov,NA,Encountered,21848
NMFS AFSC GAP Survey,Opostomias mitsuii,Emily Markowtiz,emily.markowitz@noaa.gov,pitgum lanternfish,Encountered,21849
NMFS AFSC GAP Survey,Rhadinesthes decimus,Emily Markowtiz,emily.markowitz@noaa.gov,slender snaggletooth,Encountered,21850
NMFS AFSC GAP Survey,Hexagrammidae,Emily Markowtiz,emily.markowitz@noaa.gov,greenling unid.,Encountered,21900
NMFS AFSC GAP Survey,Ophiodon elongatus,Emily Markowtiz,emily.markowitz@noaa.gov,lingcod,Encountered,21910
NMFS AFSC GAP Survey,Oxylebius pictus,Emily Markowtiz,emily.markowitz@noaa.gov,painted greenling,Encountered,21915
NMFS AFSC GAP Survey,Pleurogrammus monopterygius,Emily Markowtiz,emily.markowitz@noaa.gov,Atka mackerel,Encountered,21921
NMFS AFSC GAP Survey,Hexagrammos sp.,Emily Markowtiz,emily.markowitz@noaa.gov,NA,Encountered,21930
NMFS AFSC GAP Survey,Hexagrammos octogrammus,Emily Markowtiz,emily.markowitz@noaa.gov,masked greenling,Encountered,21931
NMFS AFSC GAP Survey,Hexagrammos stelleri,Emily Markowtiz,emily.markowitz@noaa.gov,whitespotted greenling,Encountered,21932
NMFS AFSC GAP Survey,Hexagrammos lagocephalus,Emily Markowtiz,emily.markowitz@noaa.gov,rock greenling,Encountered,21934
NMFS AFSC GAP Survey,Temnocora candida,Emily Markowtiz,emily.markowitz@noaa.gov,bigeye snailfish,Encountered,22240
NMFS AFSC GAP Survey,Paraliparis dactylosus,Emily Markowtiz,emily.markowitz@noaa.gov,red snailfish,Encountered,22241
NMFS AFSC GAP Survey,Paraliparis rosaceus,Emily Markowtiz,emily.markowitz@noaa.gov,rosy snailfish,Encountered,22242
NMFS AFSC GAP Survey,Paraliparis deani,Emily Markowtiz,emily.markowitz@noaa.gov,prickly snailfish,Encountered,22243
NMFS AFSC GAP Survey,Paraliparis cephalus,Emily Markowtiz,emily.markowitz@noaa.gov,swellhead snailfish,Encountered,22244
NMFS AFSC GAP Survey,Careproctus lycopersicus,Emily Markowtiz,emily.markowitz@noaa.gov,tomato snailfish,Encountered,22245
NMFS AFSC GAP Survey,Careproctus comus,Emily Markowtiz,emily.markowitz@noaa.gov,comic snailfish,Encountered,22246
NMFS AFSC GAP Survey,Careproctus oregonensis,Emily Markowtiz,emily.markowitz@noaa.gov,Oregon snailfish,Encountered,22247
NMFS AFSC GAP Survey,Careproctus microstomus,Emily Markowtiz,emily.markowitz@noaa.gov,smallmouth snailfish,Encountered,22248
NMFS AFSC GAP Survey,Paraliparis pectoralis,Emily Markowtiz,emily.markowitz@noaa.gov,pectoral snailfish,Encountered,22249
NMFS AFSC GAP Survey,Paraliparis sp.,Emily Markowtiz,emily.markowitz@noaa.gov,NA,Encountered,22250
NMFS AFSC GAP Survey,Careproctus ostentum,Emily Markowtiz,emily.markowitz@noaa.gov,microdisk snailfish,Encountered,22251
NMFS AFSC GAP Survey,Paraliparis paucidens,Emily Markowtiz,emily.markowitz@noaa.gov,toothless snailfish,Encountered,22252
NMFS AFSC GAP Survey,Lipariscus nanus,Emily Markowtiz,emily.markowitz@noaa.gov,pygmy snailfish,Encountered,22253
NMFS AFSC GAP Survey,Liparis bathyarcticus,Emily Markowtiz,emily.markowitz@noaa.gov,nebulous snailfish,Encountered,22254
NMFS AFSC GAP Survey,Nectoliparis pelagicus,Emily Markowtiz,emily.markowitz@noaa.gov,tadpole snailfish,Encountered,22255
NMFS AFSC GAP Survey,Careproctus staufferi,Emily Markowtiz,emily.markowitz@noaa.gov,wry snailfish,Encountered,22256
NMFS AFSC GAP Survey,Gyrinichthys minytremus,Emily Markowtiz,emily.markowitz@noaa.gov,smallpore snailfish,Encountered,22257
NMFS AFSC GAP Survey,Careproctus lerikimae,Emily Markowtiz,emily.markowitz@noaa.gov,dusty snailfish,Encountered,22258
NMFS AFSC GAP Survey,Careproctus sp. F,Emily Markowtiz,emily.markowitz@noaa.gov,two-tone snailfish,Encountered,22259
NMFS AFSC GAP Survey,Rhinoliparis sp.,Emily Markowtiz,emily.markowitz@noaa.gov,NA,Encountered,22260
NMFS AFSC GAP Survey,Rhinoliparis barbulifer,Emily Markowtiz,emily.markowitz@noaa.gov,longnose snailfish,Encountered,22261
NMFS AFSC GAP Survey,Rhinoliparis attenuatus,Emily Markowtiz,emily.markowitz@noaa.gov,slim snailfish,Encountered,22262
NMFS AFSC GAP Survey,Prognatholiparis ptychomandibularis,Emily Markowtiz,emily.markowitz@noaa.gov,wrinkle-jaw snailfish,Encountered,22263
NMFS AFSC GAP Survey,Lopholiparis flerxi,Emily Markowtiz,emily.markowitz@noaa.gov,hardhead snailfish,Encountered,22264
NMFS AFSC GAP Survey,Liparis marmoratus,Emily Markowtiz,emily.markowitz@noaa.gov,festive snailfish,Encountered,22265
NMFS AFSC GAP Survey,Careproctus sp. J (Orr),Emily Markowtiz,emily.markowitz@noaa.gov,teardrop snailfish,Encountered,22266
NMFS AFSC GAP Survey,Elassodiscus nyctereutes,Emily Markowtiz,emily.markowitz@noaa.gov,racoon snailfish,Encountered,22267
NMFS AFSC GAP Survey,Careproctus sp. A2 (Orr),Emily Markowtiz,emily.markowitz@noaa.gov,pimpled snailfish,Encountered,22268
NMFS AFSC GAP Survey,Careproctus sp. A1 (Orr),Emily Markowtiz,emily.markowitz@noaa.gov,Katherine snailfish,Encountered,22269
NMFS AFSC GAP Survey,Allocareproctus sp.,Emily Markowtiz,emily.markowitz@noaa.gov,NA,Encountered,22270
NMFS AFSC GAP Survey,Acantholiparis opercularis,Emily Markowtiz,emily.markowitz@noaa.gov,spiny snailfish,Encountered,22271
NMFS AFSC GAP Survey,Allocareproctus kallaion,Emily Markowtiz,emily.markowitz@noaa.gov,combed snailfish,Encountered,22272
NMFS AFSC GAP Survey,Allocareproctus ungak,Emily Markowtiz,emily.markowitz@noaa.gov,whiskered snailfish,Encountered,22273
NMFS AFSC GAP Survey,Allocareproctus unangas,Emily Markowtiz,emily.markowitz@noaa.gov,goldeneye snailfish,Encountered,22274
NMFS AFSC GAP Survey,Careproctus faunus,Emily Markowtiz,emily.markowitz@noaa.gov,mischievous snailfish,Encountered,22275
NMFS AFSC GAP Survey,Paraliparis sp. cf. dactylosus (Orr and Baldwin),Emily Markowtiz,emily.markowitz@noaa.gov,bluntnose snailfish,Encountered,22276
NMFS AFSC GAP Survey,Paraliparis sp. cf. ulochir (Orr and Baldwin),Emily Markowtiz,emily.markowitz@noaa.gov,NA,Encountered,22277
NMFS AFSC GAP Survey,Paraliparis sp. cf. grandis (Orr and Baldwin),Emily Markowtiz,emily.markowitz@noaa.gov,surly snailfish,Encountered,22278
NMFS AFSC GAP Survey,Paraliparis adustus,Emily Markowtiz,emily.markowitz@noaa.gov,brown snailfish,Encountered,22279
NMFS AFSC GAP Survey,Paraliparis bullacephalus,Emily Markowtiz,emily.markowitz@noaa.gov,bubblehead snailfish,Encountered,22280
NMFS AFSC GAP Survey,Paraliparis grandis,Emily Markowtiz,emily.markowitz@noaa.gov,grand snailfish,Encountered,22281
NMFS AFSC GAP Survey,Paraliparis sp. cf. pectoralis (Orr and Baldwin),Emily Markowtiz,emily.markowitz@noaa.gov,rusty snailfish,Encountered,22282
NMFS AFSC GAP Survey,Paraliparis penicillus,Emily Markowtiz,emily.markowitz@noaa.gov,comet snailfish,Encountered,22283
NMFS AFSC GAP Survey,Paraliparis holomelas,Emily Markowtiz,emily.markowitz@noaa.gov,ebony snailfish,Encountered,22284
NMFS AFSC GAP Survey,Paraliparis albeolus,Emily Markowtiz,emily.markowitz@noaa.gov,white snailfish,Encountered,22285
NMFS AFSC GAP Survey,Paraliparis mento,Emily Markowtiz,emily.markowitz@noaa.gov,NA,Encountered,22286
NMFS AFSC GAP Survey,Paraliparis melanobranchus,Emily Markowtiz,emily.markowitz@noaa.gov,blackmouth snailfish,Encountered,22287
NMFS AFSC GAP Survey,Elassodiscus obscurus,Emily Markowtiz,emily.markowitz@noaa.gov,NA,Encountered,22288
NMFS AFSC GAP Survey,Lopholiparis sp.,Emily Markowtiz,emily.markowitz@noaa.gov,hardhead snailfishes,Encountered,22289
NMFS AFSC GAP Survey,Careproctus ambustus,Emily Markowtiz,emily.markowitz@noaa.gov,scorched snailfish,Encountered,22290
NMFS AFSC GAP Survey,Careproctus sp. M (Orr),Emily Markowtiz,emily.markowitz@noaa.gov,NA,Encountered,22291
NMFS AFSC GAP Survey,Careproctus bromius,Emily Markowtiz,emily.markowitz@noaa.gov,boisterous snailfish,Encountered,22292
NMFS AFSC GAP Survey,Melamphaidae,Emily Markowtiz,emily.markowitz@noaa.gov,bigscale unid.,Encountered,22300
NMFS AFSC GAP Survey,Poromitra crassiceps,Emily Markowtiz,emily.markowitz@noaa.gov,crested bigscale,Encountered,22310
NMFS AFSC GAP Survey,Poromitra cristiceps,Emily Markowtiz,emily.markowitz@noaa.gov,NA,Encountered,22311
NMFS AFSC GAP Survey,Melamphaes lugubris,Emily Markowtiz,emily.markowitz@noaa.gov,highsnout bigscale,Encountered,22320
NMFS AFSC GAP Survey,Scopeloberyx robustus,Emily Markowtiz,emily.markowitz@noaa.gov,longjaw bigscale,Encountered,22321
NMFS AFSC GAP Survey,Allocyttus folletti,Emily Markowtiz,emily.markowitz@noaa.gov,oxeye oreo,Encountered,22390
NMFS AFSC GAP Survey,Melanostomiinae,Emily Markowtiz,emily.markowitz@noaa.gov,scaleless dragonfish unid.,Encountered,22400
NMFS AFSC GAP Survey,Flagellostomias boureei,Emily Markowtiz,emily.markowitz@noaa.gov,NA,Encountered,22401
NMFS AFSC GAP Survey,Tactostoma macropus,Emily Markowtiz,emily.markowitz@noaa.gov,longfin dragonfish,Encountered,22410
NMFS AFSC GAP Survey,Bathophilus flemingi,Emily Markowtiz,emily.markowitz@noaa.gov,highfin dragonfish,Encountered,22420
NMFS AFSC GAP Survey,Borostomias panamensis,Emily Markowtiz,emily.markowitz@noaa.gov,NA,Encountered,22450
NMFS AFSC GAP Survey,Caristius macropus,Emily Markowtiz,emily.markowitz@noaa.gov,manefish,Encountered,22461
NMFS AFSC GAP Survey,Merluccius productus,Emily Markowtiz,emily.markowitz@noaa.gov,Pacific hake,Encountered,22500
NMFS AFSC GAP Survey,Merluccius productus (juvenile),Emily Markowtiz,emily.markowitz@noaa.gov,Pacific hake (juvenile),Encountered,22501
NMFS AFSC GAP Survey,Merluccius productus (adult),Emily Markowtiz,emily.markowitz@noaa.gov,Pacific hake (adult),Encountered,22502
NMFS AFSC GAP Survey,Anotopterus nikparini,Emily Markowtiz,emily.markowitz@noaa.gov,North Pacific daggertooth,Encountered,22570
NMFS AFSC GAP Survey,Mola mola,Emily Markowtiz,emily.markowitz@noaa.gov,ocean sunfish,Encountered,22582
NMFS AFSC GAP Survey,Scopelengys tristis,Emily Markowtiz,emily.markowitz@noaa.gov,blackchin,Encountered,22595
NMFS AFSC GAP Survey,Myctophidae,Emily Markowtiz,emily.markowitz@noaa.gov,lanternfish unid.,Encountered,22600
NMFS AFSC GAP Survey,Stenobrachius sp.,Emily Markowtiz,emily.markowitz@noaa.gov,NA,Encountered,22601
NMFS AFSC GAP Survey,Caulophryne jordani,Emily Markowtiz,emily.markowitz@noaa.gov,fanfin angler,Encountered,22924
NMFS AFSC GAP Survey,Caulophryne pelagica,Emily Markowtiz,emily.markowitz@noaa.gov,NA,Encountered,22925
NMFS AFSC GAP Survey,Paralepididae,Emily Markowtiz,emily.markowitz@noaa.gov,barracudina unid.,Encountered,22951
NMFS AFSC GAP Survey,Magnisudis atlantica,Emily Markowtiz,emily.markowitz@noaa.gov,duckbill barracudina,Encountered,22952
NMFS AFSC GAP Survey,Lestidiops ringens,Emily Markowtiz,emily.markowitz@noaa.gov,slender barracudina,Encountered,22955
NMFS AFSC GAP Survey,Arctozenus risso,Emily Markowtiz,emily.markowitz@noaa.gov,ribbon barracudina,Encountered,22956
NMFS AFSC GAP Survey,Osmeridae,Emily Markowtiz,emily.markowitz@noaa.gov,smelt unid.,Encountered,23000
NMFS AFSC GAP Survey,Thaleichthys pacificus,Emily Markowtiz,emily.markowitz@noaa.gov,eulachon,Encountered,23010
NMFS AFSC GAP Survey,Hypomesus pretiosus,Emily Markowtiz,emily.markowitz@noaa.gov,surf smelt,Encountered,23020
NMFS AFSC GAP Survey,Allosmerus elongatus,Emily Markowtiz,emily.markowitz@noaa.gov,whitebait smelt,Encountered,23030
NMFS AFSC GAP Survey,Mallotus villosus,Emily Markowtiz,emily.markowitz@noaa.gov,Pacific capelin,Encountered,23041
NMFS AFSC GAP Survey,Osmerus mordax,Emily Markowtiz,emily.markowitz@noaa.gov,rainbow smelt,Encountered,23055
NMFS AFSC GAP Survey,Spirinchus starksi,Emily Markowtiz,emily.markowitz@noaa.gov,night smelt,Encountered,23060
NMFS AFSC GAP Survey,Spirinchus thaleichthys,Emily Markowtiz,emily.markowitz@noaa.gov,longfin smelt,Encountered,23061
NMFS AFSC GAP Survey,Hypomesus olidus,Emily Markowtiz,emily.markowitz@noaa.gov,pond smelt,Encountered,23071
NMFS AFSC GAP Survey,Salmonidae,Emily Markowtiz,emily.markowitz@noaa.gov,salmon and trouts unid.,Encountered,23201
NMFS AFSC GAP Survey,Oncorhynchus sp.,Emily Markowtiz,emily.markowitz@noaa.gov,salmon unid.,Encountered,23202
NMFS AFSC GAP Survey,Oncorhynchus tshawytscha,Emily Markowtiz,emily.markowitz@noaa.gov,chinook salmon,Encountered,23220
NMFS AFSC GAP Survey,Oncorhynchus kisutch,Emily Markowtiz,emily.markowitz@noaa.gov,coho salmon,Encountered,23225
NMFS AFSC GAP Survey,Oncorhynchus gorbuscha,Emily Markowtiz,emily.markowitz@noaa.gov,pink salmon,Encountered,23230
NMFS AFSC GAP Survey,Oncorhynchus keta,Emily Markowtiz,emily.markowitz@noaa.gov,chum salmon,Encountered,23235
NMFS AFSC GAP Survey,Stenobrachius leucopsarus,Emily Markowtiz,emily.markowitz@noaa.gov,northern lampfish,Encountered,22602
NMFS AFSC GAP Survey,Stenobrachius nannochir,Emily Markowtiz,emily.markowitz@noaa.gov,garnet lampfish,Encountered,22603
NMFS AFSC GAP Survey,Diaphus sp.,Emily Markowtiz,emily.markowitz@noaa.gov,NA,Encountered,22609
NMFS AFSC GAP Survey,Diaphus theta,Emily Markowtiz,emily.markowitz@noaa.gov,California headlightfish,Encountered,22610
NMFS AFSC GAP Survey,Lampanyctus sp.,Emily Markowtiz,emily.markowitz@noaa.gov,NA,Encountered,22620
NMFS AFSC GAP Survey,Lampanyctus ritteri,Emily Markowtiz,emily.markowitz@noaa.gov,broadfin lanternfish,Encountered,22623
NMFS AFSC GAP Survey,Lampanyctus regalis,Emily Markowtiz,emily.markowitz@noaa.gov,pinpoint lampfish,Encountered,22624
NMFS AFSC GAP Survey,Lampanyctus jordani,Emily Markowtiz,emily.markowitz@noaa.gov,brokenline lampfish,Encountered,22625
NMFS AFSC GAP Survey,Nannobrachium sp.,Emily Markowtiz,emily.markowitz@noaa.gov,NA,Encountered,22626
NMFS AFSC GAP Survey,Lampanyctus niger,Emily Markowtiz,emily.markowitz@noaa.gov,black lanternfish,Encountered,22627
NMFS AFSC GAP Survey,Ceratoscopelus townsendi,Emily Markowtiz,emily.markowitz@noaa.gov,NA,Encountered,22630
NMFS AFSC GAP Survey,Hygophum reinhardtii,Emily Markowtiz,emily.markowitz@noaa.gov,slender lanternfish,Encountered,22640
NMFS AFSC GAP Survey,Notoscopelus resplendens,Emily Markowtiz,emily.markowitz@noaa.gov,patchwork lampfish,Encountered,22642
NMFS AFSC GAP Survey,Protomyctophum crockeri,Emily Markowtiz,emily.markowitz@noaa.gov,California flashlightfish,Encountered,22647
NMFS AFSC GAP Survey,Protomyctophum sp.,Emily Markowtiz,emily.markowitz@noaa.gov,NA,Encountered,22648
NMFS AFSC GAP Survey,Protomyctophum thompsoni,Emily Markowtiz,emily.markowitz@noaa.gov,northern flashlightfish,Encountered,22649
NMFS AFSC GAP Survey,Tarletonbeania sp.,Emily Markowtiz,emily.markowitz@noaa.gov,NA,Encountered,22650
NMFS AFSC GAP Survey,Tarletonbeania crenularis,Emily Markowtiz,emily.markowitz@noaa.gov,blue lanternfish,Encountered,22651
NMFS AFSC GAP Survey,Symbolophorus californiensis,Emily Markowtiz,emily.markowitz@noaa.gov,California lanternfish,Encountered,22656
NMFS AFSC GAP Survey,Nemichthyidae,Emily Markowtiz,emily.markowitz@noaa.gov,snipe eel unid.,Encountered,22701
NMFS AFSC GAP Survey,Nemichthys scolopaceus,Emily Markowtiz,emily.markowitz@noaa.gov,slender snipe eel,Encountered,22702
NMFS AFSC GAP Survey,Avocettina sp.,Emily Markowtiz,emily.markowitz@noaa.gov,NA,Encountered,22703
NMFS AFSC GAP Survey,Avocettina infans,Emily Markowtiz,emily.markowitz@noaa.gov,blackline snipe eel,Encountered,22704
NMFS AFSC GAP Survey,Nemichthys larseni,Emily Markowtiz,emily.markowitz@noaa.gov,pale snipe eel,Encountered,22705
NMFS AFSC GAP Survey,Serrivomer sector,Emily Markowtiz,emily.markowitz@noaa.gov,sawtooth eel,Encountered,22721
NMFS AFSC GAP Survey,Linophrynidae,Emily Markowtiz,emily.markowitz@noaa.gov,NA,Encountered,22750
NMFS AFSC GAP Survey,Notacanthidae,Emily Markowtiz,emily.markowitz@noaa.gov,spiny eel unid.,Encountered,22800
NMFS AFSC GAP Survey,Polyacanthonotus challengeri,Emily Markowtiz,emily.markowitz@noaa.gov,NA,Encountered,22810
NMFS AFSC GAP Survey,Notacanthus chemnitzii,Emily Markowtiz,emily.markowitz@noaa.gov,snubnosed spiny eel,Encountered,22815
NMFS AFSC GAP Survey,Oneirodidae,Emily Markowtiz,emily.markowitz@noaa.gov,dreamer unid.,Encountered,22900
NMFS AFSC GAP Survey,Bertella idiomorpha,Emily Markowtiz,emily.markowitz@noaa.gov,NA,Encountered,22901
NMFS AFSC GAP Survey,Oneirodes sp.,Emily Markowtiz,emily.markowitz@noaa.gov,NA,Encountered,22912
NMFS AFSC GAP Survey,Oneirodes acanthias,Emily Markowtiz,emily.markowitz@noaa.gov,spiny dreamer,Encountered,22913
NMFS AFSC GAP Survey,Oneirodes bulbosus,Emily Markowtiz,emily.markowitz@noaa.gov,hairy-lure dreamer,Encountered,22914
NMFS AFSC GAP Survey,Oneirodes thompsoni,Emily Markowtiz,emily.markowitz@noaa.gov,NA,Encountered,22915
NMFS AFSC GAP Survey,Chaenophryne longiceps,Emily Markowtiz,emily.markowitz@noaa.gov,NA,Encountered,22917
NMFS AFSC GAP Survey,Chaenophryne melanorhabdus,Emily Markowtiz,emily.markowitz@noaa.gov,NA,Encountered,22918
NMFS AFSC GAP Survey,Chaenophryne draco,Emily Markowtiz,emily.markowitz@noaa.gov,smooth dreamer,Encountered,22919
NMFS AFSC GAP Survey,Gigantactis vanhoeffeni,Emily Markowtiz,emily.markowitz@noaa.gov,whipnose,Encountered,22920
NMFS AFSC GAP Survey,Gigantactis microdontis,Emily Markowtiz,emily.markowitz@noaa.gov,NA,Encountered,22921
NMFS AFSC GAP Survey,Liparidae,Emily Markowtiz,emily.markowitz@noaa.gov,snailfish unid.,Encountered,22200
NMFS AFSC GAP Survey,Liparis sp.,Emily Markowtiz,emily.markowitz@noaa.gov,NA,Encountered,22201
NMFS AFSC GAP Survey,Liparis fucensis,Emily Markowtiz,emily.markowitz@noaa.gov,slipskin snailfish,Encountered,22202
NMFS AFSC GAP Survey,Liparis bristolensis,Emily Markowtiz,emily.markowitz@noaa.gov,Bristol snailfish,Encountered,22203
NMFS AFSC GAP Survey,Liparis dennyi,Emily Markowtiz,emily.markowitz@noaa.gov,marbled snailfish,Encountered,22204
NMFS AFSC GAP Survey,Liparis gibbus,Emily Markowtiz,emily.markowitz@noaa.gov,variegated snailfish,Encountered,22205
NMFS AFSC GAP Survey,Crystallichthys cyclospilus,Emily Markowtiz,emily.markowitz@noaa.gov,blotched snailfish,Encountered,22206
NMFS AFSC GAP Survey,Liparis megacephalus,Emily Markowtiz,emily.markowitz@noaa.gov,bighead snailfish,Encountered,22207
NMFS AFSC GAP Survey,Liparis pulchellus,Emily Markowtiz,emily.markowitz@noaa.gov,showy snailfish,Encountered,22208
NMFS AFSC GAP Survey,Liparis callyodon,Emily Markowtiz,emily.markowitz@noaa.gov,spotted snailfish,Encountered,22209
NMFS AFSC GAP Survey,Liparis ochotensis,Emily Markowtiz,emily.markowitz@noaa.gov,Okhotsk snailfish,Encountered,22210
NMFS AFSC GAP Survey,Liparis cyclopus,Emily Markowtiz,emily.markowitz@noaa.gov,ribbon snailfish,Encountered,22211
NMFS AFSC GAP Survey,Liparis fabricii,Emily Markowtiz,emily.markowitz@noaa.gov,gelatinous seasnail,Encountered,22212
NMFS AFSC GAP Survey,Liparis rutteri,Emily Markowtiz,emily.markowitz@noaa.gov,ringtail snailfish,Encountered,22213
NMFS AFSC GAP Survey,Elassodiscus sp.,Emily Markowtiz,emily.markowitz@noaa.gov,NA,Encountered,22214
NMFS AFSC GAP Survey,Elassodiscus caudatus,Emily Markowtiz,emily.markowitz@noaa.gov,humpback snailfish,Encountered,22215
NMFS AFSC GAP Survey,Elassodiscus tremebundus,Emily Markowtiz,emily.markowitz@noaa.gov,blacklip snailfish,Encountered,22216
NMFS AFSC GAP Survey,Allocareproctus jordani,Emily Markowtiz,emily.markowitz@noaa.gov,cherry snailfish,Encountered,22217
NMFS AFSC GAP Survey,Allocareproctus tanix,Emily Markowtiz,emily.markowitz@noaa.gov,peach snailfish,Encountered,22218
NMFS AFSC GAP Survey,Careproctus sp.,Emily Markowtiz,emily.markowitz@noaa.gov,NA,Encountered,22219
NMFS AFSC GAP Survey,Careproctus melanurus,Emily Markowtiz,emily.markowitz@noaa.gov,blacktail snailfish,Encountered,22220
NMFS AFSC GAP Survey,Careproctus curilanus,Emily Markowtiz,emily.markowitz@noaa.gov,Kuril snailfish,Encountered,22221
NMFS AFSC GAP Survey,Careproctus bowersianus,Emily Markowtiz,emily.markowitz@noaa.gov,Bowers Bank snailfish,Encountered,22222
NMFS AFSC GAP Survey,Careproctus simus,Emily Markowtiz,emily.markowitz@noaa.gov,proboscis snailfish,Encountered,22223
NMFS AFSC GAP Survey,Careproctus ectenes,Emily Markowtiz,emily.markowitz@noaa.gov,shovelhead snailfish,Encountered,22224
NMFS AFSC GAP Survey,Careproctus canus,Emily Markowtiz,emily.markowitz@noaa.gov,gray snailfish,Encountered,22225
NMFS AFSC GAP Survey,Careproctus phasma,Emily Markowtiz,emily.markowitz@noaa.gov,monster snailfish,Encountered,22226
NMFS AFSC GAP Survey,Careproctus nelsoni,Emily Markowtiz,emily.markowitz@noaa.gov,saddleback snailfish,Encountered,22227
NMFS AFSC GAP Survey,Careproctus cypselurus,Emily Markowtiz,emily.markowitz@noaa.gov,blackfin snailfish,Encountered,22228
NMFS AFSC GAP Survey,Careproctus furcellus,Emily Markowtiz,emily.markowitz@noaa.gov,emarginate snailfish,Encountered,22229
NMFS AFSC GAP Survey,Careproctus abbreviatus,Emily Markowtiz,emily.markowitz@noaa.gov,short snailfish,Encountered,22230
NMFS AFSC GAP Survey,Paraliparis ulochir,Emily Markowtiz,emily.markowitz@noaa.gov,broadfin snailfish,Encountered,22231
NMFS AFSC GAP Survey,Careproctus scottae,Emily Markowtiz,emily.markowitz@noaa.gov,peachskin snailfish,Encountered,22232
NMFS AFSC GAP Survey,Careproctus gilberti,Emily Markowtiz,emily.markowitz@noaa.gov,smalldisk snailfish,Encountered,22233
NMFS AFSC GAP Survey,Careproctus sp. cf. gilberti (Orr),Emily Markowtiz,emily.markowitz@noaa.gov,dominator snailfish,Encountered,22234
NMFS AFSC GAP Survey,Careproctus colletti,Emily Markowtiz,emily.markowitz@noaa.gov,Alaska snailfish,Encountered,22235
NMFS AFSC GAP Survey,Careproctus rastrinus,Emily Markowtiz,emily.markowitz@noaa.gov,salmon snailfish,Encountered,22236
NMFS AFSC GAP Survey,Careproctus ovigerus,Emily Markowtiz,emily.markowitz@noaa.gov,abyssal snailfish,Encountered,22237
NMFS AFSC GAP Survey,Liparis tunicatus,Emily Markowtiz,emily.markowitz@noaa.gov,kelp snailfish,Encountered,22238
NMFS AFSC GAP Survey,Careproctus zachirus,Emily Markowtiz,emily.markowitz@noaa.gov,paintbrush snailfish,Encountered,22239
NMFS AFSC GAP Survey,Oncorhynchus nerka,Emily Markowtiz,emily.markowitz@noaa.gov,sockeye salmon,Encountered,23240
NMFS AFSC GAP Survey,Salvelinus alpinus,Emily Markowtiz,emily.markowitz@noaa.gov,Arctic char,Encountered,23250
NMFS AFSC GAP Survey,Salvelinus malma,Emily Markowtiz,emily.markowitz@noaa.gov,Dolly Varden,Encountered,23252
NMFS AFSC GAP Survey,Oncorhynchus mykiss,Emily Markowtiz,emily.markowitz@noaa.gov,steelhead,Encountered,23260
NMFS AFSC GAP Survey,Coregonus laurettae,Emily Markowtiz,emily.markowitz@noaa.gov,Bering cisco,Encountered,23310
NMFS AFSC GAP Survey,Genyonemus lineatus,Emily Markowtiz,emily.markowitz@noaa.gov,white croaker,Encountered,23402
NMFS AFSC GAP Survey,Scombridae,Emily Markowtiz,emily.markowitz@noaa.gov,mackerel unid.,Encountered,23500
NMFS AFSC GAP Survey,Scomber japonicus,Emily Markowtiz,emily.markowitz@noaa.gov,chub mackerel,Encountered,23524
NMFS AFSC GAP Survey,Cololabis saira,Emily Markowtiz,emily.markowitz@noaa.gov,Pacific saury,Encountered,23562
NMFS AFSC GAP Survey,Neoscopelus macrolepidotus,Emily Markowtiz,emily.markowitz@noaa.gov,glowingfish,Encountered,23590
NMFS AFSC GAP Survey,Benthalbella sp.,Emily Markowtiz,emily.markowitz@noaa.gov,NA,Encountered,23602
NMFS AFSC GAP Survey,Benthalbella dentata,Emily Markowtiz,emily.markowitz@noaa.gov,northern pearleye,Encountered,23603
NMFS AFSC GAP Survey,Scopelosaurus harryi,Emily Markowtiz,emily.markowitz@noaa.gov,scaly paperbone,Encountered,23620
NMFS AFSC GAP Survey,Scopelosaurus sp.,Emily Markowtiz,emily.markowitz@noaa.gov,NA,Encountered,23621
NMFS AFSC GAP Survey,Scopelosaurus adleri,Emily Markowtiz,emily.markowitz@noaa.gov,Adler waryfish,Encountered,23622
NMFS AFSC GAP Survey,Alepisaurus ferox,Emily Markowtiz,emily.markowitz@noaa.gov,longnose lancetfish,Encountered,23657
NMFS AFSC GAP Survey,Platytroctidae,Emily Markowtiz,emily.markowitz@noaa.gov,tubeshoulder unid.,Encountered,23700
NMFS AFSC GAP Survey,Mentodus eubranchus,Emily Markowtiz,emily.markowitz@noaa.gov,NA,Encountered,23709
NMFS AFSC GAP Survey,Sagamichthys abei,Emily Markowtiz,emily.markowitz@noaa.gov,shining tubeshoulder,Encountered,23710
NMFS AFSC GAP Survey,Holtbyrnia sp.,Emily Markowtiz,emily.markowitz@noaa.gov,NA,Encountered,23711
NMFS AFSC GAP Survey,Holtbyrnia innesi,Emily Markowtiz,emily.markowitz@noaa.gov,lanternjaw tubeshoulder,Encountered,23712
NMFS AFSC GAP Survey,Mirorictus taningi,Emily Markowtiz,emily.markowitz@noaa.gov,striped tubeshoulder,Encountered,23720
NMFS AFSC GAP Survey,Cryptacanthodes aleutensis,Emily Markowtiz,emily.markowitz@noaa.gov,dwarf wrymouth,Encountered,23791
NMFS AFSC GAP Survey,Cryptacanthodes giganteus,Emily Markowtiz,emily.markowitz@noaa.gov,giant wrymouth,Encountered,23792
NMFS AFSC GAP Survey,Stichaeidae,Emily Markowtiz,emily.markowitz@noaa.gov,prickleback unid.,Encountered,23800
NMFS AFSC GAP Survey,Lumpenus sp.,Emily Markowtiz,emily.markowitz@noaa.gov,NA,Encountered,23801
NMFS AFSC GAP Survey,Plectobranchus evides,Emily Markowtiz,emily.markowitz@noaa.gov,bluebarred prickleback,Encountered,23802
NMFS AFSC GAP Survey,Eumesogrammus praecisus,Emily Markowtiz,emily.markowitz@noaa.gov,fourline snakeblenny,Encountered,23803
NMFS AFSC GAP Survey,Stichaeus punctatus,Emily Markowtiz,emily.markowitz@noaa.gov,Arctic shanny,Encountered,23804
NMFS AFSC GAP Survey,Leptoclinus maculatus,Emily Markowtiz,emily.markowitz@noaa.gov,daubed shanny,Encountered,23805
NMFS AFSC GAP Survey,Anisarchus medius,Emily Markowtiz,emily.markowitz@noaa.gov,stout eelblenny,Encountered,23806
NMFS AFSC GAP Survey,Lumpenus fabricii,Emily Markowtiz,emily.markowitz@noaa.gov,slender eelblenny,Encountered,23807
NMFS AFSC GAP Survey,Lumpenus sagitta,Emily Markowtiz,emily.markowitz@noaa.gov,snake prickleback,Encountered,23808
NMFS AFSC GAP Survey,Acantholumpenus mackayi,Emily Markowtiz,emily.markowitz@noaa.gov,pighead prickleback,Encountered,23809
NMFS AFSC GAP Survey,Lumpenella longirostris,Emily Markowtiz,emily.markowitz@noaa.gov,longsnout prickleback,Encountered,23836
NMFS AFSC GAP Survey,Chirolophis sp.,Emily Markowtiz,emily.markowitz@noaa.gov,NA,Encountered,23840
NMFS AFSC GAP Survey,Chirolophis decoratus,Emily Markowtiz,emily.markowitz@noaa.gov,decorated warbonnet,Encountered,23841
NMFS AFSC GAP Survey,Chirolophis snyderi,Emily Markowtiz,emily.markowitz@noaa.gov,bearded warbonnet,Encountered,23843
NMFS AFSC GAP Survey,Chirolophis tarsodes,Emily Markowtiz,emily.markowitz@noaa.gov,matcheek warbonnet,Encountered,23844
NMFS AFSC GAP Survey,Aristostomias scintillans,Emily Markowtiz,emily.markowitz@noaa.gov,shining loosejaw,Encountered,26053
NMFS AFSC GAP Survey,Neonesthes capensis,Emily Markowtiz,emily.markowitz@noaa.gov,NA,Encountered,26060
NMFS AFSC GAP Survey,Lampris guttatus,Emily Markowtiz,emily.markowitz@noaa.gov,opah,Encountered,27020
NMFS AFSC GAP Survey,Stylephorus chordatus,Emily Markowtiz,emily.markowitz@noaa.gov,tube-eye,Encountered,27028
NMFS AFSC GAP Survey,Synodontidae,Emily Markowtiz,emily.markowitz@noaa.gov,lizardfish unid.,Encountered,27050
NMFS AFSC GAP Survey,Synodus lucioceps,Emily Markowtiz,emily.markowitz@noaa.gov,California lizardfish,Encountered,27051
NMFS AFSC GAP Survey,Facciolella gilbertii,Emily Markowtiz,emily.markowitz@noaa.gov,dogface witch-eel,Encountered,28001
NMFS AFSC GAP Survey,Venefica sp.,Emily Markowtiz,emily.markowitz@noaa.gov,whipsnout eels,Encountered,28002
NMFS AFSC GAP Survey,Howella sherborni,Emily Markowtiz,emily.markowitz@noaa.gov,Sherborn cardinalfish,Encountered,28532
NMFS AFSC GAP Survey,Howella brodiei,Emily Markowtiz,emily.markowitz@noaa.gov,pelagic basslet,Encountered,28533
NMFS AFSC GAP Survey,Pentaceros wheeleri,Emily Markowtiz,emily.markowitz@noaa.gov,North Pacific pelagic armorhead,Encountered,28700
NMFS AFSC GAP Survey,Eurypharynx pelecanoides,Emily Markowtiz,emily.markowitz@noaa.gov,umbrellamouth gulper,Encountered,29990
NMFS AFSC GAP Survey,Saccopharynx sp.,Emily Markowtiz,emily.markowitz@noaa.gov,NA,Encountered,29996
NMFS AFSC GAP Survey,Saccopharynx lavenbergi,Emily Markowtiz,emily.markowitz@noaa.gov,NA,Encountered,29997
NMFS AFSC GAP Survey,NA,Emily Markowtiz,emily.markowitz@noaa.gov,roundfish unid.,Encountered,29999
NMFS AFSC GAP Survey,Scorpaenidae,Emily Markowtiz,emily.markowitz@noaa.gov,scorpionfish and rockfish unid.,Encountered,30000
NMFS AFSC GAP Survey,Sebastolobus sp.,Emily Markowtiz,emily.markowitz@noaa.gov,thornyhead unid.,Encountered,30010
NMFS AFSC GAP Survey,Sebastolobus alascanus,Emily Markowtiz,emily.markowitz@noaa.gov,shortspine thornyhead,Encountered,30020
NMFS AFSC GAP Survey,Sebastolobus macrochir,Emily Markowtiz,emily.markowitz@noaa.gov,broadfin thornyhead,Encountered,30025
NMFS AFSC GAP Survey,Sebastolobus altivelis,Emily Markowtiz,emily.markowitz@noaa.gov,longspine thornyhead,Encountered,30030
NMFS AFSC GAP Survey,Poroclinus rothrocki,Emily Markowtiz,emily.markowitz@noaa.gov,whitebarred prickleback,Encountered,23850
NMFS AFSC GAP Survey,Chirolophis nugator,Emily Markowtiz,emily.markowitz@noaa.gov,mosshead warbonnet,Encountered,23851
NMFS AFSC GAP Survey,Bryozoichthys lysimus,Emily Markowtiz,emily.markowitz@noaa.gov,nutcracker prickleback,Encountered,23861
NMFS AFSC GAP Survey,Bryozoichthys marjorius,Emily Markowtiz,emily.markowitz@noaa.gov,pearly prickleback,Encountered,23862
NMFS AFSC GAP Survey,Bryozoichthys sp.,Emily Markowtiz,emily.markowitz@noaa.gov,NA,Encountered,23863
NMFS AFSC GAP Survey,Anoplarchus purpurescens,Emily Markowtiz,emily.markowitz@noaa.gov,high cockscomb,Encountered,23865
NMFS AFSC GAP Survey,Anoplarchus insignis,Emily Markowtiz,emily.markowitz@noaa.gov,slender cockscomb,Encountered,23866
NMFS AFSC GAP Survey,Pholidae,Emily Markowtiz,emily.markowitz@noaa.gov,gunnel unid.,Encountered,23871
NMFS AFSC GAP Survey,Pholis sp.,Emily Markowtiz,emily.markowitz@noaa.gov,NA,Encountered,23872
NMFS AFSC GAP Survey,Pholis laeta,Emily Markowtiz,emily.markowitz@noaa.gov,crescent gunnel,Encountered,23873
NMFS AFSC GAP Survey,Stromateidae,Emily Markowtiz,emily.markowitz@noaa.gov,butterfish unid.,Encountered,23900
NMFS AFSC GAP Survey,Peprilus simillimus,Emily Markowtiz,emily.markowitz@noaa.gov,Pacific pompano,Encountered,23911
NMFS AFSC GAP Survey,Icichthys lockingtoni,Emily Markowtiz,emily.markowitz@noaa.gov,medusafish,Encountered,23915
NMFS AFSC GAP Survey,Trachipterus altivelis,Emily Markowtiz,emily.markowitz@noaa.gov,king-of-the-salmon,Encountered,23932
NMFS AFSC GAP Survey,Desmodema lorum,Emily Markowtiz,emily.markowitz@noaa.gov,whiptail ribbonfish,Encountered,23933
NMFS AFSC GAP Survey,Trichiuridae,Emily Markowtiz,emily.markowitz@noaa.gov,NA,Encountered,23940
NMFS AFSC GAP Survey,Benthodesmus pacificus,Emily Markowtiz,emily.markowitz@noaa.gov,North Pacific frostfish,Encountered,23942
NMFS AFSC GAP Survey,Benthodesmus sp.,Emily Markowtiz,emily.markowitz@noaa.gov,NA,Encountered,23943
NMFS AFSC GAP Survey,Aphanopus arigato,Emily Markowtiz,emily.markowitz@noaa.gov,Pacific black scabbardfish,Encountered,23944
NMFS AFSC GAP Survey,Lepidopus fitchi,Emily Markowtiz,emily.markowitz@noaa.gov,scabbardfish,Encountered,23945
NMFS AFSC GAP Survey,Anguilliformes,Emily Markowtiz,emily.markowitz@noaa.gov,eel unid.,Encountered,23950
NMFS AFSC GAP Survey,NA,Emily Markowtiz,emily.markowitz@noaa.gov,leptocephalus unid.,Encountered,23952
NMFS AFSC GAP Survey,Opisthoproctidae,Emily Markowtiz,emily.markowitz@noaa.gov,spookfish unid.,Encountered,23958
NMFS AFSC GAP Survey,Dolichopteryx sp.,Emily Markowtiz,emily.markowitz@noaa.gov,NA,Encountered,23960
NMFS AFSC GAP Survey,Dolichopteryx longipes,Emily Markowtiz,emily.markowitz@noaa.gov,brownsnout spookfish,Encountered,23961
NMFS AFSC GAP Survey,Macropinna microstoma,Emily Markowtiz,emily.markowitz@noaa.gov,barreleye,Encountered,23962
NMFS AFSC GAP Survey,Bathylychnops sp.,Emily Markowtiz,emily.markowitz@noaa.gov,NA,Encountered,23963
NMFS AFSC GAP Survey,Bathylychnops exilis,Emily Markowtiz,emily.markowitz@noaa.gov,javelin spookfish,Encountered,23964
NMFS AFSC GAP Survey,Gigantura indica,Emily Markowtiz,emily.markowitz@noaa.gov,NA,Encountered,23970
NMFS AFSC GAP Survey,Zaprora silenus,Emily Markowtiz,emily.markowitz@noaa.gov,prowfish,Encountered,24001
NMFS AFSC GAP Survey,Ptilichthys goodei,Emily Markowtiz,emily.markowitz@noaa.gov,quillfish,Encountered,24005
NMFS AFSC GAP Survey,Zoarcidae,Emily Markowtiz,emily.markowitz@noaa.gov,eelpout unid.,Encountered,24100
NMFS AFSC GAP Survey,Bothrocara sp. cf. brunneum group,Emily Markowtiz,emily.markowitz@noaa.gov,NA,Encountered,24109
NMFS AFSC GAP Survey,Bothrocara brunneum,Emily Markowtiz,emily.markowitz@noaa.gov,twoline eelpout,Encountered,24110
NMFS AFSC GAP Survey,Bothrocara pusillum,Emily Markowtiz,emily.markowitz@noaa.gov,Alaska eelpout,Encountered,24111
NMFS AFSC GAP Survey,Bothrocara zestum,Emily Markowtiz,emily.markowitz@noaa.gov,western eelpout,Encountered,24112
NMFS AFSC GAP Survey,Bothrocara nyx,Emily Markowtiz,emily.markowitz@noaa.gov,shadow eelpout,Encountered,24114
NMFS AFSC GAP Survey,Bothrocara hollandi,Emily Markowtiz,emily.markowitz@noaa.gov,Japan-sea eelpout,Encountered,24115
NMFS AFSC GAP Survey,Bothrocara brunneum (juvenile),Emily Markowtiz,emily.markowitz@noaa.gov,twoline eelpout (juvenile),Encountered,24116
NMFS AFSC GAP Survey,Bothrocara molle,Emily Markowtiz,emily.markowitz@noaa.gov,soft eelpout,Encountered,24120
NMFS AFSC GAP Survey,Lycenchelys crotalinus,Emily Markowtiz,emily.markowitz@noaa.gov,snakehead eelpout,Encountered,24130
NMFS AFSC GAP Survey,Lycodes cortezianus,Emily Markowtiz,emily.markowitz@noaa.gov,bigfin eelpout,Encountered,24140
NMFS AFSC GAP Survey,Lycenchelys sp.,Emily Markowtiz,emily.markowitz@noaa.gov,NA,Encountered,24150
NMFS AFSC GAP Survey,Lycenchelys jordani,Emily Markowtiz,emily.markowitz@noaa.gov,shortjaw eelpout,Encountered,24151
NMFS AFSC GAP Survey,Lycenchelys camchatica,Emily Markowtiz,emily.markowitz@noaa.gov,Kamchatka eelpout,Encountered,24152
NMFS AFSC GAP Survey,Lycenchelys ratmanovi,Emily Markowtiz,emily.markowitz@noaa.gov,NA,Encountered,24153
NMFS AFSC GAP Survey,Lycodapus endemoscotus,Emily Markowtiz,emily.markowitz@noaa.gov,deepwater eelpout,Encountered,24158
NMFS AFSC GAP Survey,Lycodapus fierasfer,Emily Markowtiz,emily.markowitz@noaa.gov,blackmouth eelpout,Encountered,24160
NMFS AFSC GAP Survey,Lycodapus dermatinus,Emily Markowtiz,emily.markowitz@noaa.gov,looseskin eelpout,Encountered,24165
NMFS AFSC GAP Survey,Lycodapus psarostomatus,Emily Markowtiz,emily.markowitz@noaa.gov,specklemouth eelpout,Encountered,24166
NMFS AFSC GAP Survey,Lycodapus pachysoma,Emily Markowtiz,emily.markowitz@noaa.gov,stout eelpout,Encountered,24167
NMFS AFSC GAP Survey,Lycodapus mandibularis,Emily Markowtiz,emily.markowitz@noaa.gov,pallid eelpout,Encountered,24170
NMFS AFSC GAP Survey,Lycodes sp.,Emily Markowtiz,emily.markowitz@noaa.gov,NA,Encountered,24180
NMFS AFSC GAP Survey,Lycodes rossi,Emily Markowtiz,emily.markowitz@noaa.gov,threespot eelpout,Encountered,24181
NMFS AFSC GAP Survey,Lycodes soldatovi,Emily Markowtiz,emily.markowitz@noaa.gov,dipline eelpout,Encountered,24182
NMFS AFSC GAP Survey,Lycodes akuugun,Emily Markowtiz,emily.markowitz@noaa.gov,bicolor eelpout,Encountered,24183
NMFS AFSC GAP Survey,Lycodes raridens,Emily Markowtiz,emily.markowitz@noaa.gov,marbled eelpout,Encountered,24184
NMFS AFSC GAP Survey,Lycodes palearis,Emily Markowtiz,emily.markowitz@noaa.gov,wattled eelpout,Encountered,24185
NMFS AFSC GAP Survey,Lycodes mucosus,Emily Markowtiz,emily.markowitz@noaa.gov,saddled eelpout,Encountered,24186
NMFS AFSC GAP Survey,Lycodes concolor,Emily Markowtiz,emily.markowitz@noaa.gov,ebony eelpout,Encountered,24187
NMFS AFSC GAP Survey,Lycodes polaris,Emily Markowtiz,emily.markowitz@noaa.gov,Canadian eelpout,Encountered,24188
NMFS AFSC GAP Survey,Lycodes turneri,Emily Markowtiz,emily.markowitz@noaa.gov,polar eelpout,Encountered,24189
NMFS AFSC GAP Survey,Lycodes diapterus,Emily Markowtiz,emily.markowitz@noaa.gov,black eelpout,Encountered,24190
NMFS AFSC GAP Survey,Lycodes brevipes,Emily Markowtiz,emily.markowitz@noaa.gov,shortfin eelpout,Encountered,24191
NMFS AFSC GAP Survey,Gymnelus viridis,Emily Markowtiz,emily.markowitz@noaa.gov,fish doctor,Encountered,24192
NMFS AFSC GAP Survey,Gymnelus sp.,Emily Markowtiz,emily.markowitz@noaa.gov,NA,Encountered,24193
NMFS AFSC GAP Survey,Gymnelus hemifasciatus,Emily Markowtiz,emily.markowitz@noaa.gov,halfbarred eelpout,Encountered,24194
NMFS AFSC GAP Survey,Lycodes beringi,Emily Markowtiz,emily.markowitz@noaa.gov,Bering eelpout,Encountered,24195
NMFS AFSC GAP Survey,Lycodes seminudus,Emily Markowtiz,emily.markowitz@noaa.gov,longear eelpout,Encountered,24196
NMFS AFSC GAP Survey,Lycodes reticulatus,Emily Markowtiz,emily.markowitz@noaa.gov,Arctic eelpout,Encountered,24197
NMFS AFSC GAP Survey,Lycodes pacificus,Emily Markowtiz,emily.markowitz@noaa.gov,blackbelly eelpout,Encountered,24200
NMFS AFSC GAP Survey,Bothrocara sp.,Emily Markowtiz,emily.markowitz@noaa.gov,NA,Encountered,24220
NMFS AFSC GAP Survey,Pachycara lepinium,Emily Markowtiz,emily.markowitz@noaa.gov,scalynape eelpout,Encountered,24221
NMFS AFSC GAP Survey,Lycodapus sp.,Emily Markowtiz,emily.markowitz@noaa.gov,NA,Encountered,24230
NMFS AFSC GAP Survey,Lycodapus poecilus,Emily Markowtiz,emily.markowitz@noaa.gov,variform eelpout,Encountered,24231
NMFS AFSC GAP Survey,Lycodapus parviceps,Emily Markowtiz,emily.markowitz@noaa.gov,smallhead eelpout,Encountered,24232
NMFS AFSC GAP Survey,Lycodapus leptus,Emily Markowtiz,emily.markowitz@noaa.gov,slender eelpout,Encountered,24234
NMFS AFSC GAP Survey,Lyconema barbatum,Emily Markowtiz,emily.markowitz@noaa.gov,bearded eelpout,Encountered,24240
NMFS AFSC GAP Survey,Melanostigma pammelas,Emily Markowtiz,emily.markowitz@noaa.gov,midwater eelpout,Encountered,24393
NMFS AFSC GAP Survey,Puzanovia rubra,Emily Markowtiz,emily.markowitz@noaa.gov,coral eelpout,Encountered,24394
NMFS AFSC GAP Survey,Nalbantichthys elongatus,Emily Markowtiz,emily.markowitz@noaa.gov,thinskin eelpout,Encountered,24395
NMFS AFSC GAP Survey,Gibbonsia metzi,Emily Markowtiz,emily.markowitz@noaa.gov,striped kelpfish,Encountered,24404
NMFS AFSC GAP Survey,Acipenseridae,Emily Markowtiz,emily.markowitz@noaa.gov,sturgeon unid.,Encountered,25100
NMFS AFSC GAP Survey,Acipenser medirostris,Emily Markowtiz,emily.markowitz@noaa.gov,green sturgeon,Encountered,25120
NMFS AFSC GAP Survey,Malacosteinae,Emily Markowtiz,emily.markowitz@noaa.gov,loosejaw unid.,Encountered,26050
NMFS AFSC GAP Survey,Photonectes margarita,Emily Markowtiz,emily.markowitz@noaa.gov,NA,Encountered,26051
NMFS AFSC GAP Survey,Sebastes miniatus,Emily Markowtiz,emily.markowitz@noaa.gov,vermilion rockfish,Encountered,30350
NMFS AFSC GAP Survey,Sebastes mystinus,Emily Markowtiz,emily.markowitz@noaa.gov,blue rockfish,Encountered,30360
NMFS AFSC GAP Survey,Sebastes nebulosus,Emily Markowtiz,emily.markowitz@noaa.gov,China rockfish,Encountered,30370
NMFS AFSC GAP Survey,Sebastes nigrocinctus,Emily Markowtiz,emily.markowitz@noaa.gov,tiger rockfish,Encountered,30380
NMFS AFSC GAP Survey,Sebastes ovalis,Emily Markowtiz,emily.markowitz@noaa.gov,speckled rockfish,Encountered,30390
NMFS AFSC GAP Survey,Sebastes paucispinis,Emily Markowtiz,emily.markowitz@noaa.gov,bocaccio,Encountered,30400
NMFS AFSC GAP Survey,Sebastes pinniger,Emily Markowtiz,emily.markowitz@noaa.gov,canary rockfish,Encountered,30410
NMFS AFSC GAP Survey,Sebastes polyspinis,Emily Markowtiz,emily.markowitz@noaa.gov,northern rockfish,Encountered,30420
NMFS AFSC GAP Survey,Sebastes proriger,Emily Markowtiz,emily.markowitz@noaa.gov,redstripe rockfish,Encountered,30430
NMFS AFSC GAP Survey,Sebastes rastrelliger,Emily Markowtiz,emily.markowitz@noaa.gov,grass rockfish,Encountered,30450
NMFS AFSC GAP Survey,Sebastes rosaceus,Emily Markowtiz,emily.markowitz@noaa.gov,rosy rockfish,Encountered,30460
NMFS AFSC GAP Survey,Sebastes ruberrimus,Emily Markowtiz,emily.markowitz@noaa.gov,yelloweye rockfish,Encountered,30470
NMFS AFSC GAP Survey,Sebastes babcocki,Emily Markowtiz,emily.markowitz@noaa.gov,redbanded rockfish,Encountered,30475
NMFS AFSC GAP Survey,Sebastes rubrivinctus,Emily Markowtiz,emily.markowitz@noaa.gov,flag rockfish,Encountered,30480
NMFS AFSC GAP Survey,Sebastes saxicola,Emily Markowtiz,emily.markowitz@noaa.gov,stripetail rockfish,Encountered,30490
NMFS AFSC GAP Survey,Sebastes semicinctus,Emily Markowtiz,emily.markowitz@noaa.gov,halfbanded rockfish,Encountered,30500
NMFS AFSC GAP Survey,Sebastes serranoides,Emily Markowtiz,emily.markowitz@noaa.gov,olive rockfish,Encountered,30510
NMFS AFSC GAP Survey,Sebastes serriceps,Emily Markowtiz,emily.markowitz@noaa.gov,tree rockfish,Encountered,30525
NMFS AFSC GAP Survey,Sebastes variegatus,Emily Markowtiz,emily.markowitz@noaa.gov,harlequin rockfish,Encountered,30535
NMFS AFSC GAP Survey,Sebastes wilsoni,Emily Markowtiz,emily.markowitz@noaa.gov,pygmy rockfish,Encountered,30550
NMFS AFSC GAP Survey,Sebastes zacentrus,Emily Markowtiz,emily.markowitz@noaa.gov,sharpchin rockfish,Encountered,30560
NMFS AFSC GAP Survey,Sebastes phillipsi,Emily Markowtiz,emily.markowitz@noaa.gov,chameleon rockfish,Encountered,30570
NMFS AFSC GAP Survey,Sebastes rufus,Emily Markowtiz,emily.markowitz@noaa.gov,bank rockfish,Encountered,30575
NMFS AFSC GAP Survey,Sebastes borealis,Emily Markowtiz,emily.markowitz@noaa.gov,shortraker rockfish,Encountered,30576
NMFS AFSC GAP Survey,NA,Emily Markowtiz,emily.markowitz@noaa.gov,black rockfish unid.,Encountered,30580
NMFS AFSC GAP Survey,NA,Emily Markowtiz,emily.markowitz@noaa.gov,red rockfish unid.,Encountered,30590
NMFS AFSC GAP Survey,Sebastes reedi,Emily Markowtiz,emily.markowitz@noaa.gov,yellowmouth rockfish,Encountered,30600
NMFS AFSC GAP Survey,Sebastes rosenblatti,Emily Markowtiz,emily.markowitz@noaa.gov,greenblotched rockfish,Encountered,30611
NMFS AFSC GAP Survey,Sebastes simulator,Emily Markowtiz,emily.markowitz@noaa.gov,pinkrose rockfish,Encountered,30620
NMFS AFSC GAP Survey,Scorpaena guttata,Emily Markowtiz,emily.markowitz@noaa.gov,California scorpionfish,Encountered,31501
NMFS AFSC GAP Survey,Prionotus stephanophrys,Emily Markowtiz,emily.markowitz@noaa.gov,lumptail searobin,Encountered,31550
NMFS AFSC GAP Survey,Eumetopias jubatus,Emily Markowtiz,emily.markowitz@noaa.gov,Steller sea lion,Encountered,39100
NMFS AFSC GAP Survey,Cnidaria,Emily Markowtiz,emily.markowitz@noaa.gov,coelenterate unid.,Encountered,40001
NMFS AFSC GAP Survey,Campanulariidae,Emily Markowtiz,emily.markowitz@noaa.gov,campanulariid hydroid,Encountered,40008
NMFS AFSC GAP Survey,Plumulariidae,Emily Markowtiz,emily.markowitz@noaa.gov,plumulariid hydroids,Encountered,40009
NMFS AFSC GAP Survey,Hydrozoa,Emily Markowtiz,emily.markowitz@noaa.gov,NA,Encountered,40010
NMFS AFSC GAP Survey,Hydroidolina,Emily Markowtiz,emily.markowitz@noaa.gov,hydroid unid.,Encountered,40011
NMFS AFSC GAP Survey,Bonneviella sp. A (Clark 2006),Emily Markowtiz,emily.markowitz@noaa.gov,champagne flute hydroid,Encountered,40012
NMFS AFSC GAP Survey,Bonneviella sp.,Emily Markowtiz,emily.markowitz@noaa.gov,NA,Encountered,40013
NMFS AFSC GAP Survey,NA,Emily Markowtiz,emily.markowitz@noaa.gov,pussywillow hydroid,Encountered,40015
NMFS AFSC GAP Survey,Ptychogena,Emily Markowtiz,emily.markowitz@noaa.gov,NA,Encountered,40016
NMFS AFSC GAP Survey,Ptychogena lactea,Emily Markowtiz,emily.markowitz@noaa.gov,NA,Encountered,40017
NMFS AFSC GAP Survey,Hydractinia sp.,Emily Markowtiz,emily.markowitz@noaa.gov,NA,Encountered,40020
NMFS AFSC GAP Survey,Aglaophenia sp.,Emily Markowtiz,emily.markowitz@noaa.gov,ostrich plume hydroid,Encountered,40028
NMFS AFSC GAP Survey,Abietinaria sp.,Emily Markowtiz,emily.markowitz@noaa.gov,NA,Encountered,40034
NMFS AFSC GAP Survey,Amphisbetia greenei,Emily Markowtiz,emily.markowitz@noaa.gov,bushy white hydroid,Encountered,40035
NMFS AFSC GAP Survey,Abietinaria sp. A (Clark 2006),Emily Markowtiz,emily.markowitz@noaa.gov,white tangled hydroid,Encountered,40036
NMFS AFSC GAP Survey,Tubulariidae,Emily Markowtiz,emily.markowitz@noaa.gov,tubulariid hydroids,Encountered,40040
NMFS AFSC GAP Survey,Sertulariidae,Emily Markowtiz,emily.markowitz@noaa.gov,Sertulariid hydroid,Encountered,40049
NMFS AFSC GAP Survey,Sertularia robusta,Emily Markowtiz,emily.markowitz@noaa.gov,NA,Encountered,40050
NMFS AFSC GAP Survey,Velella velella,Emily Markowtiz,emily.markowitz@noaa.gov,by-the-wind sailor,Encountered,40060
NMFS AFSC GAP Survey,Neoturris breviconis,Emily Markowtiz,emily.markowitz@noaa.gov,blob-top jelly,Encountered,40061
NMFS AFSC GAP Survey,Scyphozoa,Emily Markowtiz,emily.markowitz@noaa.gov,jellyfish unid.,Encountered,40500
NMFS AFSC GAP Survey,Chrysaora sp.,Emily Markowtiz,emily.markowitz@noaa.gov,chrysaora jelly,Encountered,40501
NMFS AFSC GAP Survey,Periphylla sp.,Emily Markowtiz,emily.markowitz@noaa.gov,NA,Encountered,40502
NMFS AFSC GAP Survey,Periphylla periphylla,Emily Markowtiz,emily.markowitz@noaa.gov,helmet jelly,Encountered,40503
NMFS AFSC GAP Survey,Chrysaora melanaster,Emily Markowtiz,emily.markowitz@noaa.gov,NA,Encountered,40504
NMFS AFSC GAP Survey,Phacellophora camtschatica,Emily Markowtiz,emily.markowitz@noaa.gov,egg yolk jelly,Encountered,40505
NMFS AFSC GAP Survey,Aequorea sp.,Emily Markowtiz,emily.markowitz@noaa.gov,NA,Encountered,40506
NMFS AFSC GAP Survey,Bolinopsis sp.,Emily Markowtiz,emily.markowitz@noaa.gov,NA,Encountered,40507
NMFS AFSC GAP Survey,Polyorchis sp.,Emily Markowtiz,emily.markowitz@noaa.gov,NA,Encountered,40508
NMFS AFSC GAP Survey,Phacellophora sp.,Emily Markowtiz,emily.markowitz@noaa.gov,NA,Encountered,40509
NMFS AFSC GAP Survey,Atolla sp.,Emily Markowtiz,emily.markowitz@noaa.gov,NA,Encountered,40510
NMFS AFSC GAP Survey,Aurelia sp.,Emily Markowtiz,emily.markowitz@noaa.gov,NA,Encountered,40511
NMFS AFSC GAP Survey,Aurelia labiata,Emily Markowtiz,emily.markowitz@noaa.gov,NA,Encountered,40512
NMFS AFSC GAP Survey,Aurelia aurita,Emily Markowtiz,emily.markowitz@noaa.gov,NA,Encountered,40513
NMFS AFSC GAP Survey,Chrysaora fuscescens,Emily Markowtiz,emily.markowitz@noaa.gov,sea nettle,Encountered,40515
NMFS AFSC GAP Survey,Staurostoma mertensii,Emily Markowtiz,emily.markowitz@noaa.gov,whitecross jelly,Encountered,40519
NMFS AFSC GAP Survey,Aurelia limbata,Emily Markowtiz,emily.markowitz@noaa.gov,brown rimmed jelly,Encountered,40520
NMFS AFSC GAP Survey,Balticina sp.,Emily Markowtiz,emily.markowitz@noaa.gov,NA,Encountered,42006
NMFS AFSC GAP Survey,Protoptilum sp.,Emily Markowtiz,emily.markowitz@noaa.gov,NA,Encountered,42007
NMFS AFSC GAP Survey,Balticina sp. A (Stone 2015),Emily Markowtiz,emily.markowitz@noaa.gov,maroon sea whip,Encountered,42009
NMFS AFSC GAP Survey,Balticina finmarchica,Emily Markowtiz,emily.markowitz@noaa.gov,NA,Encountered,42010
NMFS AFSC GAP Survey,Balticina willemoesi,Emily Markowtiz,emily.markowitz@noaa.gov,NA,Encountered,42012
NMFS AFSC GAP Survey,Balticina californica,Emily Markowtiz,emily.markowitz@noaa.gov,NA,Encountered,42013
NMFS AFSC GAP Survey,Umbellula lindahli,Emily Markowtiz,emily.markowitz@noaa.gov,NA,Encountered,42014
NMFS AFSC GAP Survey,Umbellula sp.,Emily Markowtiz,emily.markowitz@noaa.gov,NA,Encountered,42015
NMFS AFSC GAP Survey,Ptilosarcus sp.,Emily Markowtiz,emily.markowitz@noaa.gov,NA,Encountered,42016
NMFS AFSC GAP Survey,Ptilosarcus gurneyi,Emily Markowtiz,emily.markowitz@noaa.gov,orange sea pen,Encountered,42017
NMFS AFSC GAP Survey,Pennatulidae,Emily Markowtiz,emily.markowitz@noaa.gov,pennatulid sea pens,Encountered,42018
NMFS AFSC GAP Survey,Pennatula phosphorea,Emily Markowtiz,emily.markowitz@noaa.gov,deep-sea sea pen,Encountered,42019
NMFS AFSC GAP Survey,Anthoptilum grandiflorum,Emily Markowtiz,emily.markowitz@noaa.gov,NA,Encountered,42020
NMFS AFSC GAP Survey,Anthoptilum murrayi,Emily Markowtiz,emily.markowitz@noaa.gov,Murray sea pen,Encountered,42021
NMFS AFSC GAP Survey,Actiniaria,Emily Markowtiz,emily.markowitz@noaa.gov,sea anemone unid.,Encountered,43000
NMFS AFSC GAP Survey,Actinauge verrillii,Emily Markowtiz,emily.markowitz@noaa.gov,reticulate anemone,Encountered,43001
NMFS AFSC GAP Survey,Actinostola faeculenta,Emily Markowtiz,emily.markowitz@noaa.gov,rough purple sea anemone,Encountered,43002
NMFS AFSC GAP Survey,Actinoscyphia sp.,Emily Markowtiz,emily.markowitz@noaa.gov,NA,Encountered,43003
NMFS AFSC GAP Survey,Paraphelliactis pabista,Emily Markowtiz,emily.markowitz@noaa.gov,NA,Encountered,43004
NMFS AFSC GAP Survey,Actinernus sp.,Emily Markowtiz,emily.markowitz@noaa.gov,NA,Encountered,43005
NMFS AFSC GAP Survey,NA,Emily Markowtiz,emily.markowitz@noaa.gov,purple striated sea anemone,Encountered,43006
NMFS AFSC GAP Survey,NA,Emily Markowtiz,emily.markowitz@noaa.gov,red striated sea anemone,Encountered,43007
NMFS AFSC GAP Survey,Ptychodactis patula,Emily Markowtiz,emily.markowitz@noaa.gov,NA,Encountered,43008
NMFS AFSC GAP Survey,Corallimorphus sp.,Emily Markowtiz,emily.markowitz@noaa.gov,NA,Encountered,43009
NMFS AFSC GAP Survey,Cyanea sp.,Emily Markowtiz,emily.markowitz@noaa.gov,NA,Encountered,40560
NMFS AFSC GAP Survey,Cyanea capillata,Emily Markowtiz,emily.markowitz@noaa.gov,lion's mane jelly,Encountered,40561
NMFS AFSC GAP Survey,Anthozoa,Emily Markowtiz,emily.markowitz@noaa.gov,NA,Encountered,41000
NMFS AFSC GAP Survey,Octocorallia,Emily Markowtiz,emily.markowitz@noaa.gov,soft coral unid.,Encountered,41099
NMFS AFSC GAP Survey,Alcyonium sp.,Emily Markowtiz,emily.markowitz@noaa.gov,NA,Encountered,41102
NMFS AFSC GAP Survey,Alcyonium sp. A (Clark 2006),Emily Markowtiz,emily.markowitz@noaa.gov,pink orange mushroom coral,Encountered,41104
NMFS AFSC GAP Survey,Alcyonium sp. B (Clark 2006),Emily Markowtiz,emily.markowitz@noaa.gov,NA,Encountered,41105
NMFS AFSC GAP Survey,Cavernularia vansyoci,Emily Markowtiz,emily.markowitz@noaa.gov,Bob mushroom coral,Encountered,41106
NMFS AFSC GAP Survey,Gersemia sp.,Emily Markowtiz,emily.markowitz@noaa.gov,sea raspberry,Encountered,41201
NMFS AFSC GAP Survey,Gersemia fruticosa,Emily Markowtiz,emily.markowitz@noaa.gov,NA,Encountered,41220
NMFS AFSC GAP Survey,Gersemia rubiformis,Emily Markowtiz,emily.markowitz@noaa.gov,NA,Encountered,41221
NMFS AFSC GAP Survey,Gersemia lambi,Emily Markowtiz,emily.markowitz@noaa.gov,Lamb sea raspberry,Encountered,41222
NMFS AFSC GAP Survey,Anthomastus sp.,Emily Markowtiz,emily.markowitz@noaa.gov,NA,Encountered,41300
NMFS AFSC GAP Survey,Anthomastus sp. A,Emily Markowtiz,emily.markowitz@noaa.gov,red mushroom coral,Encountered,41331
NMFS AFSC GAP Survey,Anthomastus sp. B,Emily Markowtiz,emily.markowitz@noaa.gov,gray mushroom coral,Encountered,41332
NMFS AFSC GAP Survey,Heteropolypus sp. cf. japonicus (Bayer et al.),Emily Markowtiz,emily.markowitz@noaa.gov,NA,Encountered,41333
NMFS AFSC GAP Survey,Ideogorgia sp.,Emily Markowtiz,emily.markowitz@noaa.gov,NA,Encountered,41510
NMFS AFSC GAP Survey,Primnoidae,Emily Markowtiz,emily.markowitz@noaa.gov,primnoid coral unid.,Encountered,41519
NMFS AFSC GAP Survey,Primnoa sp.,Emily Markowtiz,emily.markowitz@noaa.gov,NA,Encountered,41520
NMFS AFSC GAP Survey,Primnoa pacifica,Emily Markowtiz,emily.markowitz@noaa.gov,NA,Encountered,41521
NMFS AFSC GAP Survey,Primnoa pacifica var. willeyi,Emily Markowtiz,emily.markowitz@noaa.gov,red tree coral,Encountered,41522
NMFS AFSC GAP Survey,Primnoa resedaeformis,Emily Markowtiz,emily.markowitz@noaa.gov,NA,Encountered,41523
NMFS AFSC GAP Survey,Antipatharia,Emily Markowtiz,emily.markowitz@noaa.gov,black coral,Encountered,41525
NMFS AFSC GAP Survey,Antipathes sp.,Emily Markowtiz,emily.markowitz@noaa.gov,NA,Encountered,41526
NMFS AFSC GAP Survey,Chrysopathes speciosa,Emily Markowtiz,emily.markowitz@noaa.gov,NA,Encountered,41530
NMFS AFSC GAP Survey,Chrysopathes sp.,Emily Markowtiz,emily.markowitz@noaa.gov,NA,Encountered,41531
NMFS AFSC GAP Survey,Bathypathes sp.,Emily Markowtiz,emily.markowitz@noaa.gov,NA,Encountered,41540
NMFS AFSC GAP Survey,Bathypathes patula,Emily Markowtiz,emily.markowitz@noaa.gov,NA,Encountered,41541
NMFS AFSC GAP Survey,Parantipathes sp.,Emily Markowtiz,emily.markowitz@noaa.gov,NA,Encountered,41550
NMFS AFSC GAP Survey,Lillipathes lillei,Emily Markowtiz,emily.markowitz@noaa.gov,NA,Encountered,41551
NMFS AFSC GAP Survey,Lillipathes sp. A (Clark 2006),Emily Markowtiz,emily.markowitz@noaa.gov,NA,Encountered,41552
NMFS AFSC GAP Survey,Lillipathes sp. B (Clark 2006),Emily Markowtiz,emily.markowitz@noaa.gov,NA,Encountered,41553
NMFS AFSC GAP Survey,Swiftia sp.,Emily Markowtiz,emily.markowitz@noaa.gov,NA,Encountered,41570
NMFS AFSC GAP Survey,Callistephanus pacificus,Emily Markowtiz,emily.markowitz@noaa.gov,NA,Encountered,41571
NMFS AFSC GAP Survey,Callistephanus simplex,Emily Markowtiz,emily.markowitz@noaa.gov,NA,Encountered,41572
NMFS AFSC GAP Survey,Calcigorgia beringi,Emily Markowtiz,emily.markowitz@noaa.gov,Bering red sea fan,Encountered,41573
NMFS AFSC GAP Survey,Alaskagorgia sp. 1 (Stone),Emily Markowtiz,emily.markowitz@noaa.gov,yellow sea fan,Encountered,41576
NMFS AFSC GAP Survey,Paragorgia sp.,Emily Markowtiz,emily.markowitz@noaa.gov,NA,Encountered,41580
NMFS AFSC GAP Survey,Coralliidae,Emily Markowtiz,emily.markowitz@noaa.gov,NA,Encountered,41581
NMFS AFSC GAP Survey,Paragorgia arborea,Emily Markowtiz,emily.markowitz@noaa.gov,Kamchatka coral,Encountered,41582
NMFS AFSC GAP Survey,Paragorgia arborea var. pacifica,Emily Markowtiz,emily.markowitz@noaa.gov,NA,Encountered,41583
NMFS AFSC GAP Survey,Plexauridae,Emily Markowtiz,emily.markowitz@noaa.gov,plexaurid corals,Encountered,41584
NMFS AFSC GAP Survey,Euplexaura sp.,Emily Markowtiz,emily.markowitz@noaa.gov,NA,Encountered,41585
NMFS AFSC GAP Survey,Chromoplexaura marki,Emily Markowtiz,emily.markowitz@noaa.gov,NA,Encountered,41586
NMFS AFSC GAP Survey,Alaskagorgia sp.,Emily Markowtiz,emily.markowitz@noaa.gov,NA,Encountered,41590
NMFS AFSC GAP Survey,Alaskagorgia aleutiana,Emily Markowtiz,emily.markowitz@noaa.gov,NA,Encountered,41591
NMFS AFSC GAP Survey,Cryogorgia koolsae,Emily Markowtiz,emily.markowitz@noaa.gov,NA,Encountered,41595
NMFS AFSC GAP Survey,Callogorgia sp.,Emily Markowtiz,emily.markowitz@noaa.gov,NA,Encountered,41600
NMFS AFSC GAP Survey,Callogorgia kinoshitai,Emily Markowtiz,emily.markowitz@noaa.gov,NA,Encountered,41601
NMFS AFSC GAP Survey,Parastenella sp. A (Clark 2006),Emily Markowtiz,emily.markowitz@noaa.gov,sugar coral,Encountered,41605
NMFS AFSC GAP Survey,Calcigorgia sp.,Emily Markowtiz,emily.markowitz@noaa.gov,NA,Encountered,41700
NMFS AFSC GAP Survey,Calcigorgia spiculifera,Emily Markowtiz,emily.markowitz@noaa.gov,NA,Encountered,41701
NMFS AFSC GAP Survey,Clavularia sp.,Emily Markowtiz,emily.markowitz@noaa.gov,NA,Encountered,41750
NMFS AFSC GAP Survey,Clavularia sp. cf. evagorgiacrustans (Bayer et al.),Emily Markowtiz,emily.markowitz@noaa.gov,NA,Encountered,41751
NMFS AFSC GAP Survey,Clavularia incrustans,Emily Markowtiz,emily.markowitz@noaa.gov,encrusting coral,Encountered,41752
NMFS AFSC GAP Survey,Pennatuloidea,Emily Markowtiz,emily.markowitz@noaa.gov,sea whip or sea pen unid.,Encountered,42000
NMFS AFSC GAP Survey,Virgularia sp.,Emily Markowtiz,emily.markowitz@noaa.gov,smoothstem seawhip,Encountered,42001
NMFS AFSC GAP Survey,Stylatula elongata,Emily Markowtiz,emily.markowitz@noaa.gov,NA,Encountered,42002
NMFS AFSC GAP Survey,Virgulariidae,Emily Markowtiz,emily.markowitz@noaa.gov,NA,Encountered,42003
NMFS AFSC GAP Survey,Stylatula sp.,Emily Markowtiz,emily.markowitz@noaa.gov,slender seawhips,Encountered,42004
NMFS AFSC GAP Survey,Stylatula gracilis,Emily Markowtiz,emily.markowitz@noaa.gov,roughstem seawhip,Encountered,42005
NMFS AFSC GAP Survey,Adelosebastes latens,Emily Markowtiz,emily.markowitz@noaa.gov,Aleutian scorpionfish,Encountered,30035
NMFS AFSC GAP Survey,Sebastes sp.,Emily Markowtiz,emily.markowitz@noaa.gov,white spotted red rockfish unid.,Encountered,30040
NMFS AFSC GAP Survey,Sebastes umbrosus,Emily Markowtiz,emily.markowitz@noaa.gov,honeycomb rockfish,Encountered,30045
NMFS AFSC GAP Survey,NA,Emily Markowtiz,emily.markowitz@noaa.gov,rougheye and blackspotted rockfish unid.,Encountered,30050
NMFS AFSC GAP Survey,Sebastes aleutianus,Emily Markowtiz,emily.markowitz@noaa.gov,rougheye rockfish,Encountered,30051
NMFS AFSC GAP Survey,Sebastes melanostictus,Emily Markowtiz,emily.markowitz@noaa.gov,blackspotted rockfish,Encountered,30052
NMFS AFSC GAP Survey,Sebastes alutus,Emily Markowtiz,emily.markowitz@noaa.gov,Pacific ocean perch,Encountered,30060
NMFS AFSC GAP Survey,Sebastes atrovirens,Emily Markowtiz,emily.markowitz@noaa.gov,kelp rockfish,Encountered,30070
NMFS AFSC GAP Survey,Sebastes auriculatus,Emily Markowtiz,emily.markowitz@noaa.gov,brown rockfish,Encountered,30080
NMFS AFSC GAP Survey,Sebastes aurora,Emily Markowtiz,emily.markowitz@noaa.gov,aurora rockfish,Encountered,30090
NMFS AFSC GAP Survey,Sebastes brevispinis,Emily Markowtiz,emily.markowitz@noaa.gov,silvergray rockfish,Encountered,30100
NMFS AFSC GAP Survey,Sebastes carnatus,Emily Markowtiz,emily.markowitz@noaa.gov,gopher rockfish,Encountered,30110
NMFS AFSC GAP Survey,Sebastes caurinus,Emily Markowtiz,emily.markowitz@noaa.gov,copper rockfish,Encountered,30120
NMFS AFSC GAP Survey,Sebastes chlorostictus,Emily Markowtiz,emily.markowitz@noaa.gov,greenspotted rockfish,Encountered,30130
NMFS AFSC GAP Survey,NA,Emily Markowtiz,emily.markowitz@noaa.gov,dusky and dark rockfishes unid.,Encountered,30150
NMFS AFSC GAP Survey,Sebastes ciliatus,Emily Markowtiz,emily.markowitz@noaa.gov,dark rockfish,Encountered,30151
NMFS AFSC GAP Survey,Sebastes variabilis,Emily Markowtiz,emily.markowitz@noaa.gov,dusky rockfish,Encountered,30152
NMFS AFSC GAP Survey,Sebastes chrysomelas,Emily Markowtiz,emily.markowitz@noaa.gov,black and yellow rockfish,Encountered,30155
NMFS AFSC GAP Survey,Sebastes constellatus,Emily Markowtiz,emily.markowitz@noaa.gov,starry rockfish,Encountered,30160
NMFS AFSC GAP Survey,Sebastes crameri,Emily Markowtiz,emily.markowitz@noaa.gov,darkblotched rockfish,Encountered,30170
NMFS AFSC GAP Survey,Sebastes dallii,Emily Markowtiz,emily.markowitz@noaa.gov,calico rockfish,Encountered,30180
NMFS AFSC GAP Survey,Sebastes diaconus,Emily Markowtiz,emily.markowitz@noaa.gov,deacon rockfish,Encountered,30185
NMFS AFSC GAP Survey,Sebastes diploproa,Emily Markowtiz,emily.markowitz@noaa.gov,splitnose rockfish,Encountered,30190
NMFS AFSC GAP Survey,Sebastes elongatus,Emily Markowtiz,emily.markowitz@noaa.gov,greenstriped rockfish,Encountered,30200
NMFS AFSC GAP Survey,Sebastes emphaeus,Emily Markowtiz,emily.markowitz@noaa.gov,Puget Sound rockfish,Encountered,30210
NMFS AFSC GAP Survey,Sebastes entomelas,Emily Markowtiz,emily.markowitz@noaa.gov,widow rockfish,Encountered,30220
NMFS AFSC GAP Survey,Sebastes eos,Emily Markowtiz,emily.markowitz@noaa.gov,pink rockfish,Encountered,30230
NMFS AFSC GAP Survey,Sebastes flavidus,Emily Markowtiz,emily.markowitz@noaa.gov,yellowtail rockfish,Encountered,30240
NMFS AFSC GAP Survey,Sebastes gilli,Emily Markowtiz,emily.markowitz@noaa.gov,bronzespotted rockfish,Encountered,30250
NMFS AFSC GAP Survey,Sebastes glaucus,Emily Markowtiz,emily.markowitz@noaa.gov,gray rockfish,Encountered,30255
NMFS AFSC GAP Survey,Sebastes goodei,Emily Markowtiz,emily.markowitz@noaa.gov,chilipepper,Encountered,30260
NMFS AFSC GAP Survey,Sebastes helvomaculatus,Emily Markowtiz,emily.markowitz@noaa.gov,rosethorn rockfish,Encountered,30270
NMFS AFSC GAP Survey,Sebastes hopkinsi,Emily Markowtiz,emily.markowitz@noaa.gov,squarespot rockfish,Encountered,30280
NMFS AFSC GAP Survey,Sebastes jordani,Emily Markowtiz,emily.markowitz@noaa.gov,shortbelly rockfish,Encountered,30290
NMFS AFSC GAP Survey,Sebastes lentiginosus,Emily Markowtiz,emily.markowitz@noaa.gov,freckled rockfish,Encountered,30295
NMFS AFSC GAP Survey,Sebastes levis,Emily Markowtiz,emily.markowitz@noaa.gov,cowcod,Encountered,30300
NMFS AFSC GAP Survey,Sebastes macdonaldi,Emily Markowtiz,emily.markowitz@noaa.gov,Mexican rockfish,Encountered,30315
NMFS AFSC GAP Survey,Sebastes maliger,Emily Markowtiz,emily.markowitz@noaa.gov,quillback rockfish,Encountered,30320
NMFS AFSC GAP Survey,Sebastes melanops,Emily Markowtiz,emily.markowitz@noaa.gov,black rockfish,Encountered,30330
NMFS AFSC GAP Survey,Sebastes melanostomus,Emily Markowtiz,emily.markowitz@noaa.gov,blackgill rockfish,Encountered,30340
NMFS AFSC GAP Survey,Metridium sp.,Emily Markowtiz,emily.markowitz@noaa.gov,NA,Encountered,43010
NMFS AFSC GAP Survey,Metridium senile,Emily Markowtiz,emily.markowitz@noaa.gov,clonal plumose anemone,Encountered,43020
NMFS AFSC GAP Survey,Metridium farcimen,Emily Markowtiz,emily.markowitz@noaa.gov,gigantic anemone,Encountered,43021
NMFS AFSC GAP Survey,Stomphia didemon,Emily Markowtiz,emily.markowitz@noaa.gov,cowardly anemone,Encountered,43029
NMFS AFSC GAP Survey,Stomphia sp.,Emily Markowtiz,emily.markowitz@noaa.gov,NA,Encountered,43030
NMFS AFSC GAP Survey,Stomphia coccinea,Emily Markowtiz,emily.markowitz@noaa.gov,swimming anemone,Encountered,43032
NMFS AFSC GAP Survey,Urticina sp.,Emily Markowtiz,emily.markowitz@noaa.gov,NA,Encountered,43040
NMFS AFSC GAP Survey,Urticina coriacea,Emily Markowtiz,emily.markowitz@noaa.gov,leathery anemone,Encountered,43041
NMFS AFSC GAP Survey,Urticina crassicornis,Emily Markowtiz,emily.markowitz@noaa.gov,mottled anemone,Encountered,43042
NMFS AFSC GAP Survey,Urticina eques,Emily Markowtiz,emily.markowitz@noaa.gov,spotted red anemone,Encountered,43043
NMFS AFSC GAP Survey,Urticina columbiana,Emily Markowtiz,emily.markowitz@noaa.gov,crusty red anemone,Encountered,43044
NMFS AFSC GAP Survey,Zoanthidae sp. A,Emily Markowtiz,emily.markowitz@noaa.gov,hot dog zoanthid,Encountered,43045
NMFS AFSC GAP Survey,Oceanactis diomedeae,Emily Markowtiz,emily.markowitz@noaa.gov,grape anemone,Encountered,43050
NMFS AFSC GAP Survey,Oceanactis sp.,Emily Markowtiz,emily.markowitz@noaa.gov,NA,Encountered,43051
NMFS AFSC GAP Survey,Actiniidae,Emily Markowtiz,emily.markowitz@noaa.gov,actinid sea anemones unid.,Encountered,43080
NMFS AFSC GAP Survey,Cribrinopsis sp.,Emily Markowtiz,emily.markowitz@noaa.gov,NA,Encountered,43081
NMFS AFSC GAP Survey,Cribrinopsis fernaldi,Emily Markowtiz,emily.markowitz@noaa.gov,chevron-tentacled anemone,Encountered,43082
NMFS AFSC GAP Survey,Liponema brevicorne,Emily Markowtiz,emily.markowitz@noaa.gov,tentacle-shedding anemone,Encountered,43090
NMFS AFSC GAP Survey,Actinostolidae,Emily Markowtiz,emily.markowitz@noaa.gov,NA,Encountered,43100
NMFS AFSC GAP Survey,Actinostola sp.,Emily Markowtiz,emily.markowitz@noaa.gov,NA,Encountered,43110
NMFS AFSC GAP Survey,Actinostola sp. A (Clark 2006),Emily Markowtiz,emily.markowitz@noaa.gov,NA,Encountered,43111
NMFS AFSC GAP Survey,Actinostola sp. B (Clark 2006),Emily Markowtiz,emily.markowitz@noaa.gov,NA,Encountered,43112
NMFS AFSC GAP Survey,Actinostola groenlandica,Emily Markowtiz,emily.markowitz@noaa.gov,NA,Encountered,43113
NMFS AFSC GAP Survey,Sicyonis sp. A (Clark 2006),Emily Markowtiz,emily.markowitz@noaa.gov,orange actinistolid,Encountered,43115
NMFS AFSC GAP Survey,Ptychodactis aleutiensis,Emily Markowtiz,emily.markowitz@noaa.gov,tumbling anemone,Encountered,43121
NMFS AFSC GAP Survey,Hormathiidae,Emily Markowtiz,emily.markowitz@noaa.gov,NA,Encountered,43200
NMFS AFSC GAP Survey,NA,Emily Markowtiz,emily.markowitz@noaa.gov,pink hormathiid anemone,Encountered,43201
NMFS AFSC GAP Survey,Epizoanthus scotinus,Emily Markowtiz,emily.markowitz@noaa.gov,orange zooanthid,Encountered,43224
NMFS AFSC GAP Survey,Zoanthus sp.,Emily Markowtiz,emily.markowitz@noaa.gov,NA,Encountered,43225
NMFS AFSC GAP Survey,Scleractinia,Emily Markowtiz,emily.markowitz@noaa.gov,stony coral unid.,Encountered,44000
NMFS AFSC GAP Survey,Caryophylliidae,Emily Markowtiz,emily.markowitz@noaa.gov,cup corals,Encountered,44004
NMFS AFSC GAP Survey,Flabellum sp. A (Clark 2006),Emily Markowtiz,emily.markowitz@noaa.gov,tan trumpet coral,Encountered,44005
NMFS AFSC GAP Survey,Flabellidae,Emily Markowtiz,emily.markowitz@noaa.gov,flabellid trumpet corals,Encountered,44009
NMFS AFSC GAP Survey,Javania borealis,Emily Markowtiz,emily.markowitz@noaa.gov,Aleutian trumpet coral,Encountered,44010
NMFS AFSC GAP Survey,Javania cailleti,Emily Markowtiz,emily.markowitz@noaa.gov,slender trumpet coral,Encountered,44011
NMFS AFSC GAP Survey,Javania sp.,Emily Markowtiz,emily.markowitz@noaa.gov,NA,Encountered,44012
NMFS AFSC GAP Survey,Desmophyllum dianthus,Emily Markowtiz,emily.markowitz@noaa.gov,NA,Encountered,44017
NMFS AFSC GAP Survey,Crispatotrochus foxi,Emily Markowtiz,emily.markowitz@noaa.gov,cup coral,Encountered,44019
NMFS AFSC GAP Survey,Caryophyllia sp.,Emily Markowtiz,emily.markowitz@noaa.gov,NA,Encountered,44020
NMFS AFSC GAP Survey,Caryophyllia sp. A,Emily Markowtiz,emily.markowitz@noaa.gov,NA,Encountered,44021
NMFS AFSC GAP Survey,Caryophyllia arnoldi,Emily Markowtiz,emily.markowitz@noaa.gov,brown cup coral,Encountered,44022
NMFS AFSC GAP Survey,Caryophyllia alaskensis,Emily Markowtiz,emily.markowitz@noaa.gov,Alaska cup coral,Encountered,44023
NMFS AFSC GAP Survey,Stylasteridae,Emily Markowtiz,emily.markowitz@noaa.gov,stylasterid corals,Encountered,44028
NMFS AFSC GAP Survey,Stylaster sp.,Emily Markowtiz,emily.markowitz@noaa.gov,NA,Encountered,44030
NMFS AFSC GAP Survey,Stylaster verrillii,Emily Markowtiz,emily.markowitz@noaa.gov,NA,Encountered,44031
NMFS AFSC GAP Survey,Stylaster brochi,Emily Markowtiz,emily.markowitz@noaa.gov,rough orange hydrocoral,Encountered,44032
NMFS AFSC GAP Survey,Stylaster elassotomus,Emily Markowtiz,emily.markowitz@noaa.gov,smooth tube hydrocoral,Encountered,44034
NMFS AFSC GAP Survey,Crypthelia trophostega,Emily Markowtiz,emily.markowitz@noaa.gov,NA,Encountered,44036
NMFS AFSC GAP Survey,Stylaster campylecus,Emily Markowtiz,emily.markowitz@noaa.gov,NA,Encountered,44037
NMFS AFSC GAP Survey,Crypthelia sp.,Emily Markowtiz,emily.markowitz@noaa.gov,NA,Encountered,44038
NMFS AFSC GAP Survey,Cyclohelia lamellata,Emily Markowtiz,emily.markowitz@noaa.gov,NA,Encountered,44040
NMFS AFSC GAP Survey,Amphipoda,Emily Markowtiz,emily.markowitz@noaa.gov,amphipod unid.,Encountered,60100
NMFS AFSC GAP Survey,Iphinoe sp.,Emily Markowtiz,emily.markowitz@noaa.gov,NA,Encountered,60101
NMFS AFSC GAP Survey,Ampelisca sp.,Emily Markowtiz,emily.markowitz@noaa.gov,NA,Encountered,60102
NMFS AFSC GAP Survey,Eusirus sp.,Emily Markowtiz,emily.markowitz@noaa.gov,NA,Encountered,60104
NMFS AFSC GAP Survey,Eusirus cuspidatus,Emily Markowtiz,emily.markowitz@noaa.gov,speckled amphipod,Encountered,60105
NMFS AFSC GAP Survey,Epimeria sp.,Emily Markowtiz,emily.markowitz@noaa.gov,armored amphipod,Encountered,60106
NMFS AFSC GAP Survey,Stegocephalus inflatus,Emily Markowtiz,emily.markowitz@noaa.gov,smooth northern amphipod,Encountered,60107
NMFS AFSC GAP Survey,Stegocephalus sp.,Emily Markowtiz,emily.markowitz@noaa.gov,NA,Encountered,60108
NMFS AFSC GAP Survey,Anonyx nugax,Emily Markowtiz,emily.markowitz@noaa.gov,riddick amphipod,Encountered,60109
NMFS AFSC GAP Survey,Gammaridae,Emily Markowtiz,emily.markowitz@noaa.gov,gammarid amphipod unid.,Encountered,60110
NMFS AFSC GAP Survey,Rhachotropis sp.,Emily Markowtiz,emily.markowitz@noaa.gov,NA,Encountered,60111
NMFS AFSC GAP Survey,Rhachotropis aculeata,Emily Markowtiz,emily.markowitz@noaa.gov,NA,Encountered,60112
NMFS AFSC GAP Survey,NA,Emily Markowtiz,emily.markowitz@noaa.gov,red-spotted amphipod,Encountered,60113
NMFS AFSC GAP Survey,Stegocephalus ampulla,Emily Markowtiz,emily.markowitz@noaa.gov,NA,Encountered,60114
NMFS AFSC GAP Survey,Arctolembos arcticus,Emily Markowtiz,emily.markowitz@noaa.gov,NA,Encountered,60115
NMFS AFSC GAP Survey,Paramphithoe polyacantha,Emily Markowtiz,emily.markowitz@noaa.gov,bladed amphipod,Encountered,60116
NMFS AFSC GAP Survey,Paramphithoe sp.,Emily Markowtiz,emily.markowitz@noaa.gov,NA,Encountered,60117
NMFS AFSC GAP Survey,Nototropis sp.,Emily Markowtiz,emily.markowitz@noaa.gov,NA,Encountered,60118
NMFS AFSC GAP Survey,Cyclohelia sp.,Emily Markowtiz,emily.markowitz@noaa.gov,NA,Encountered,44041
NMFS AFSC GAP Survey,Errinopora undulata,Emily Markowtiz,emily.markowitz@noaa.gov,undulate-fan hydrocoral,Encountered,44042
NMFS AFSC GAP Survey,Stylaster alaskanus,Emily Markowtiz,emily.markowitz@noaa.gov,Alaskan hydrocoral,Encountered,44045
NMFS AFSC GAP Survey,Stylaster stejnegeri,Emily Markowtiz,emily.markowitz@noaa.gov,NA,Encountered,44046
NMFS AFSC GAP Survey,Stylaster venustus,Emily Markowtiz,emily.markowitz@noaa.gov,NA,Encountered,44047
NMFS AFSC GAP Survey,Stylaster repandus,Emily Markowtiz,emily.markowitz@noaa.gov,undulate hydrocoral,Encountered,44048
NMFS AFSC GAP Survey,Stylaster parageus,Emily Markowtiz,emily.markowitz@noaa.gov,NA,Encountered,44049
NMFS AFSC GAP Survey,Stylantheca papillosa,Emily Markowtiz,emily.markowitz@noaa.gov,NA,Encountered,44050
NMFS AFSC GAP Survey,Stylaster trachystomus,Emily Markowtiz,emily.markowitz@noaa.gov,NA,Encountered,44051
NMFS AFSC GAP Survey,Stenohelia sp.,Emily Markowtiz,emily.markowitz@noaa.gov,NA,Encountered,44052
NMFS AFSC GAP Survey,Stylaster sp. B (Clark 2006),Emily Markowtiz,emily.markowitz@noaa.gov,thick lamellar hydrocoral,Encountered,44053
NMFS AFSC GAP Survey,Distichopora sp.,Emily Markowtiz,emily.markowitz@noaa.gov,NA,Encountered,44060
NMFS AFSC GAP Survey,Distichopora borealis,Emily Markowtiz,emily.markowitz@noaa.gov,NA,Encountered,44061
NMFS AFSC GAP Survey,Corymorpha groenlandica,Emily Markowtiz,emily.markowitz@noaa.gov,NA,Encountered,44064
NMFS AFSC GAP Survey,Isidella tentaculum,Emily Markowtiz,emily.markowitz@noaa.gov,NA,Encountered,44065
NMFS AFSC GAP Survey,Thouarella trilineata,Emily Markowtiz,emily.markowitz@noaa.gov,NA,Encountered,44070
NMFS AFSC GAP Survey,Thouarella sp. 1 (Bayer et al.),Emily Markowtiz,emily.markowitz@noaa.gov,NA,Encountered,44071
NMFS AFSC GAP Survey,Thouarella sp. 2 (Bayer et al.),Emily Markowtiz,emily.markowitz@noaa.gov,NA,Encountered,44072
NMFS AFSC GAP Survey,Thouarella sp. 3 (Bayer et al.),Emily Markowtiz,emily.markowitz@noaa.gov,NA,Encountered,44073
NMFS AFSC GAP Survey,Thouarella sp. 4 (Bayer et al.),Emily Markowtiz,emily.markowitz@noaa.gov,NA,Encountered,44074
NMFS AFSC GAP Survey,Plumarella superba,Emily Markowtiz,emily.markowitz@noaa.gov,bushy coral,Encountered,44075
NMFS AFSC GAP Survey,Errinopora disticha,Emily Markowtiz,emily.markowitz@noaa.gov,foliate hydrocoral,Encountered,44076
NMFS AFSC GAP Survey,Errinopora sp. B (Clark 2006),Emily Markowtiz,emily.markowitz@noaa.gov,pale-edged hydrocoral,Encountered,44077
NMFS AFSC GAP Survey,Errinopora sp. C (Clark 2006),Emily Markowtiz,emily.markowitz@noaa.gov,enigmatic hydrocoral,Encountered,44078
NMFS AFSC GAP Survey,Errinopora pourtalesii,Emily Markowtiz,emily.markowitz@noaa.gov,NA,Encountered,44079
NMFS AFSC GAP Survey,Errinopora zarhyncha,Emily Markowtiz,emily.markowitz@noaa.gov,NA,Encountered,44080
NMFS AFSC GAP Survey,Errinopora sp.,Emily Markowtiz,emily.markowitz@noaa.gov,NA,Encountered,44081
NMFS AFSC GAP Survey,Errinopora nanneca,Emily Markowtiz,emily.markowitz@noaa.gov,NA,Encountered,44082
NMFS AFSC GAP Survey,Plumarella sp.,Emily Markowtiz,emily.markowitz@noaa.gov,NA,Encountered,44083
NMFS AFSC GAP Survey,Isididae,Emily Markowtiz,emily.markowitz@noaa.gov,bamboo coral unid.,Encountered,44084
NMFS AFSC GAP Survey,Isidella sp.,Emily Markowtiz,emily.markowitz@noaa.gov,articulated bamboo coral,Encountered,44085
NMFS AFSC GAP Survey,Plumarella sp. 1 (Bayer),Emily Markowtiz,emily.markowitz@noaa.gov,feathery Plumarella,Encountered,44086
NMFS AFSC GAP Survey,Thouarella sp.,Emily Markowtiz,emily.markowitz@noaa.gov,NA,Encountered,44087
NMFS AFSC GAP Survey,Keratoisis sp.,Emily Markowtiz,emily.markowitz@noaa.gov,nodal bamboo coral unid.,Encountered,44088
NMFS AFSC GAP Survey,Callogorgia compressa,Emily Markowtiz,emily.markowitz@noaa.gov,NA,Encountered,44090
NMFS AFSC GAP Survey,Callogorgia fraseri,Emily Markowtiz,emily.markowitz@noaa.gov,NA,Encountered,44091
NMFS AFSC GAP Survey,Muriceides nigra,Emily Markowtiz,emily.markowitz@noaa.gov,NA,Encountered,44092
NMFS AFSC GAP Survey,Muriceides sp.,Emily Markowtiz,emily.markowitz@noaa.gov,NA,Encountered,44093
NMFS AFSC GAP Survey,Plumarella sp. A,Emily Markowtiz,emily.markowitz@noaa.gov,pale Plumarella,Encountered,44095
NMFS AFSC GAP Survey,Plumarella sp. B,Emily Markowtiz,emily.markowitz@noaa.gov,pinnate Plumarella,Encountered,44096
NMFS AFSC GAP Survey,Plumarella nuttingi,Emily Markowtiz,emily.markowitz@noaa.gov,loose-branched Plumarella,Encountered,44097
NMFS AFSC GAP Survey,Arthrogorgia sp.,Emily Markowtiz,emily.markowitz@noaa.gov,NA,Encountered,44098
NMFS AFSC GAP Survey,Arthrogorgia utinomii,Emily Markowtiz,emily.markowitz@noaa.gov,NA,Encountered,44099
NMFS AFSC GAP Survey,Acanthogorgia sp.,Emily Markowtiz,emily.markowitz@noaa.gov,NA,Encountered,44100
NMFS AFSC GAP Survey,Plumarella aleutiana,Emily Markowtiz,emily.markowitz@noaa.gov,Aleutian Plumarella,Encountered,44101
NMFS AFSC GAP Survey,Plumarella echinata,Emily Markowtiz,emily.markowitz@noaa.gov,NA,Encountered,44102
NMFS AFSC GAP Survey,Plumarella hapala,Emily Markowtiz,emily.markowitz@noaa.gov,NA,Encountered,44103
NMFS AFSC GAP Survey,Plumarella sp. D,Emily Markowtiz,emily.markowitz@noaa.gov,spiny Plumarella,Encountered,44104
NMFS AFSC GAP Survey,Anthothela grandiflora,Emily Markowtiz,emily.markowitz@noaa.gov,NA,Encountered,44105
NMFS AFSC GAP Survey,Thouarella cristata,Emily Markowtiz,emily.markowitz@noaa.gov,bottlebrush coral,Encountered,44106
NMFS AFSC GAP Survey,Primnoa wingi,Emily Markowtiz,emily.markowitz@noaa.gov,NA,Encountered,44107
NMFS AFSC GAP Survey,Primnoa sp. 1 (Clark 2006),Emily Markowtiz,emily.markowitz@noaa.gov,NA,Encountered,44108
NMFS AFSC GAP Survey,Plumarella spicata,Emily Markowtiz,emily.markowitz@noaa.gov,NA,Encountered,44109
NMFS AFSC GAP Survey,Lepidisis sp.,Emily Markowtiz,emily.markowitz@noaa.gov,NA,Encountered,44110
NMFS AFSC GAP Survey,Plumarella robusta,Emily Markowtiz,emily.markowitz@noaa.gov,NA,Encountered,44111
NMFS AFSC GAP Survey,Arthrogorgia otsukai,Emily Markowtiz,emily.markowitz@noaa.gov,NA,Encountered,44114
NMFS AFSC GAP Survey,Arthrogorgia kinoshitai,Emily Markowtiz,emily.markowitz@noaa.gov,NA,Encountered,44115
NMFS AFSC GAP Survey,Acanthogorgiidae,Emily Markowtiz,emily.markowitz@noaa.gov,NA,Encountered,44116
NMFS AFSC GAP Survey,Errinopora fisheri,Emily Markowtiz,emily.markowitz@noaa.gov,NA,Encountered,44120
NMFS AFSC GAP Survey,Errinopora dichotoma,Emily Markowtiz,emily.markowitz@noaa.gov,NA,Encountered,44121
NMFS AFSC GAP Survey,Stylaster crassiseptum,Emily Markowtiz,emily.markowitz@noaa.gov,NA,Encountered,44122
NMFS AFSC GAP Survey,Stylaster leptostylus,Emily Markowtiz,emily.markowitz@noaa.gov,NA,Encountered,44123
NMFS AFSC GAP Survey,Ctenophora,Emily Markowtiz,emily.markowitz@noaa.gov,comb jelly unid.,Encountered,45000
NMFS AFSC GAP Survey,Beroe sp.,Emily Markowtiz,emily.markowitz@noaa.gov,NA,Encountered,45005
NMFS AFSC GAP Survey,Beroe abyssicola,Emily Markowtiz,emily.markowitz@noaa.gov,NA,Encountered,45010
NMFS AFSC GAP Survey,Polychaeta,Emily Markowtiz,emily.markowitz@noaa.gov,polychaete worm unid.,Encountered,50000
NMFS AFSC GAP Survey,Annelida,Emily Markowtiz,emily.markowitz@noaa.gov,worm unid.,Encountered,50001
NMFS AFSC GAP Survey,Leodice valens,Emily Markowtiz,emily.markowitz@noaa.gov,iridescent tubeworm,Encountered,50005
NMFS AFSC GAP Survey,NA,Emily Markowtiz,emily.markowitz@noaa.gov,tube worm unid.,Encountered,50010
NMFS AFSC GAP Survey,Chaetopterus sp.,Emily Markowtiz,emily.markowitz@noaa.gov,parchment tubeworms,Encountered,50013
NMFS AFSC GAP Survey,Spinther alaskensis,Emily Markowtiz,emily.markowitz@noaa.gov,yellow sponge worm,Encountered,50020
NMFS AFSC GAP Survey,Spinther sp. A (Clark 2006),Emily Markowtiz,emily.markowitz@noaa.gov,pink sponge worm,Encountered,50021
NMFS AFSC GAP Survey,Ampharetidae,Emily Markowtiz,emily.markowitz@noaa.gov,NA,Encountered,50050
NMFS AFSC GAP Survey,Oweniidae,Emily Markowtiz,emily.markowitz@noaa.gov,NA,Encountered,50100
NMFS AFSC GAP Survey,Aphroditidae,Emily Markowtiz,emily.markowitz@noaa.gov,sea mouse unid.,Encountered,50160
NMFS AFSC GAP Survey,Aphrodita sp.,Emily Markowtiz,emily.markowitz@noaa.gov,NA,Encountered,50161
NMFS AFSC GAP Survey,Aphrodita japonica,Emily Markowtiz,emily.markowitz@noaa.gov,NA,Encountered,50190
NMFS AFSC GAP Survey,Aphrodita negligens,Emily Markowtiz,emily.markowitz@noaa.gov,NA,Encountered,50192
NMFS AFSC GAP Survey,Halosydna brevisetosa,Emily Markowtiz,emily.markowitz@noaa.gov,eighteen-scaled worm,Encountered,50201
NMFS AFSC GAP Survey,Euphrosine multibranchiata,Emily Markowtiz,emily.markowitz@noaa.gov,porcupine worm,Encountered,50205
NMFS AFSC GAP Survey,Nothria conchylega,Emily Markowtiz,emily.markowitz@noaa.gov,gravel tube worm,Encountered,50215
NMFS AFSC GAP Survey,Travisia sp.,Emily Markowtiz,emily.markowitz@noaa.gov,NA,Encountered,50220
NMFS AFSC GAP Survey,Travisia pupa,Emily Markowtiz,emily.markowitz@noaa.gov,pupa utility worm,Encountered,50221
NMFS AFSC GAP Survey,Arctonoe vittata,Emily Markowtiz,emily.markowitz@noaa.gov,red-banded commensal scale worm,Encountered,50301
NMFS AFSC GAP Survey,Glycera sp.,Emily Markowtiz,emily.markowitz@noaa.gov,NA,Encountered,52715
NMFS AFSC GAP Survey,Nephtyidae,Emily Markowtiz,emily.markowitz@noaa.gov,cat worm unid.,Encountered,53700
NMFS AFSC GAP Survey,Nereididae,Emily Markowtiz,emily.markowitz@noaa.gov,NA,Encountered,54000
NMFS AFSC GAP Survey,Nereis sp.,Emily Markowtiz,emily.markowitz@noaa.gov,NA,Encountered,54010
NMFS AFSC GAP Survey,Amblyosyllis sp.,Emily Markowtiz,emily.markowitz@noaa.gov,NA,Encountered,54015
NMFS AFSC GAP Survey,Cheilonereis cyclurus,Emily Markowtiz,emily.markowitz@noaa.gov,red and white banded sea nymph,Encountered,54030
NMFS AFSC GAP Survey,Phyllodocidae,Emily Markowtiz,emily.markowitz@noaa.gov,NA,Encountered,55900
NMFS AFSC GAP Survey,Polynoidae,Emily Markowtiz,emily.markowitz@noaa.gov,scale worm unid.,Encountered,56300
NMFS AFSC GAP Survey,Eunoe sp.,Emily Markowtiz,emily.markowitz@noaa.gov,NA,Encountered,56310
NMFS AFSC GAP Survey,Eunoe nodosa,Emily Markowtiz,emily.markowitz@noaa.gov,giant scale worm,Encountered,56311
NMFS AFSC GAP Survey,Eunoe depressa,Emily Markowtiz,emily.markowitz@noaa.gov,depressed scale worm,Encountered,56312
NMFS AFSC GAP Survey,Eunoe senta,Emily Markowtiz,emily.markowitz@noaa.gov,thorny scaleworm,Encountered,56313
NMFS AFSC GAP Survey,Gattyana ciliata,Emily Markowtiz,emily.markowitz@noaa.gov,ciliated scale worm,Encountered,56321
NMFS AFSC GAP Survey,Sabellidae,Emily Markowtiz,emily.markowitz@noaa.gov,sabellid unid.,Encountered,57000
NMFS AFSC GAP Survey,Myxicola infundibulum,Emily Markowtiz,emily.markowitz@noaa.gov,slime worm,Encountered,57001
NMFS AFSC GAP Survey,Serpulidae,Emily Markowtiz,emily.markowitz@noaa.gov,serpulid worm,Encountered,57409
NMFS AFSC GAP Survey,Serpula vermicularis,Emily Markowtiz,emily.markowitz@noaa.gov,NA,Encountered,57410
NMFS AFSC GAP Survey,Serpula columbiana,Emily Markowtiz,emily.markowitz@noaa.gov,red trumpet calcareous tubeworm,Encountered,57411
NMFS AFSC GAP Survey,Serpula sp.,Emily Markowtiz,emily.markowitz@noaa.gov,NA,Encountered,57412
NMFS AFSC GAP Survey,Pectinaria sp.,Emily Markowtiz,emily.markowitz@noaa.gov,NA,Encountered,58000
NMFS AFSC GAP Survey,Cistenides granulata,Emily Markowtiz,emily.markowitz@noaa.gov,tusk coneworm,Encountered,58001
NMFS AFSC GAP Survey,Terebellidae,Emily Markowtiz,emily.markowitz@noaa.gov,NA,Encountered,58002
NMFS AFSC GAP Survey,Sternaspis buzhinskajae,Emily Markowtiz,emily.markowitz@noaa.gov,NA,Encountered,58003
NMFS AFSC GAP Survey,Brada sp.,Emily Markowtiz,emily.markowitz@noaa.gov,NA,Encountered,58500
NMFS AFSC GAP Survey,Sternaspis sp.,Emily Markowtiz,emily.markowitz@noaa.gov,NA,Encountered,58501
NMFS AFSC GAP Survey,Bradabyssa sachalina,Emily Markowtiz,emily.markowitz@noaa.gov,NA,Encountered,58502
NMFS AFSC GAP Survey,Pherusa plumosa,Emily Markowtiz,emily.markowitz@noaa.gov,NA,Encountered,58504
NMFS AFSC GAP Survey,Brada sp. A,Emily Markowtiz,emily.markowitz@noaa.gov,rough brada,Encountered,58505
NMFS AFSC GAP Survey,Brada sp. B,Emily Markowtiz,emily.markowitz@noaa.gov,smooth brada,Encountered,58506
NMFS AFSC GAP Survey,Brada sp. C,Emily Markowtiz,emily.markowitz@noaa.gov,slimy brada,Encountered,58507
NMFS AFSC GAP Survey,Brada inhabilis,Emily Markowtiz,emily.markowitz@noaa.gov,NA,Encountered,58508
NMFS AFSC GAP Survey,Bradabyssa villosa,Emily Markowtiz,emily.markowitz@noaa.gov,NA,Encountered,58509
NMFS AFSC GAP Survey,NA,Emily Markowtiz,emily.markowitz@noaa.gov,bristle worm unid.,Encountered,59000
NMFS AFSC GAP Survey,Hirudinea,Emily Markowtiz,emily.markowitz@noaa.gov,leech unid.,Encountered,59100
NMFS AFSC GAP Survey,Notostomum sp.,Emily Markowtiz,emily.markowitz@noaa.gov,NA,Encountered,59110
NMFS AFSC GAP Survey,Notostomum cyclostomum,Emily Markowtiz,emily.markowitz@noaa.gov,striped sea leech,Encountered,59111
NMFS AFSC GAP Survey,Crustacea,Emily Markowtiz,emily.markowitz@noaa.gov,crustacean unid.,Encountered,60001
NMFS AFSC GAP Survey,Thoracica,Emily Markowtiz,emily.markowitz@noaa.gov,barnacle unid.,Encountered,65100
NMFS AFSC GAP Survey,Lepas sp.,Emily Markowtiz,emily.markowitz@noaa.gov,pelagic gooseneck barnacle,Encountered,65101
NMFS AFSC GAP Survey,Litoscalpellum ursum,Emily Markowtiz,emily.markowitz@noaa.gov,NA,Encountered,65102
NMFS AFSC GAP Survey,Balanus sp.,Emily Markowtiz,emily.markowitz@noaa.gov,NA,Encountered,65201
NMFS AFSC GAP Survey,Balanus balanus,Emily Markowtiz,emily.markowitz@noaa.gov,NA,Encountered,65202
NMFS AFSC GAP Survey,Chirona evermanni,Emily Markowtiz,emily.markowitz@noaa.gov,giant barnacle,Encountered,65203
NMFS AFSC GAP Survey,Solidobalanus hesperius,Emily Markowtiz,emily.markowitz@noaa.gov,crab barnacle,Encountered,65204
NMFS AFSC GAP Survey,Balanus rostratus,Emily Markowtiz,emily.markowitz@noaa.gov,beaked barnacle,Encountered,65205
NMFS AFSC GAP Survey,Balanus nubilus,Emily Markowtiz,emily.markowitz@noaa.gov,NA,Encountered,65206
NMFS AFSC GAP Survey,Balanus crenatus,Emily Markowtiz,emily.markowitz@noaa.gov,NA,Encountered,65207
NMFS AFSC GAP Survey,Semibalanus cariosus,Emily Markowtiz,emily.markowitz@noaa.gov,thatched barnacle,Encountered,65208
NMFS AFSC GAP Survey,Scalpellum sp.,Emily Markowtiz,emily.markowitz@noaa.gov,NA,Encountered,65209
NMFS AFSC GAP Survey,Weltnerium cornutum,Emily Markowtiz,emily.markowitz@noaa.gov,eared barnacle,Encountered,65210
NMFS AFSC GAP Survey,Hamatoscalpellum columbianum,Emily Markowtiz,emily.markowitz@noaa.gov,Columbian barnacle,Encountered,65211
NMFS AFSC GAP Survey,NA,Emily Markowtiz,emily.markowitz@noaa.gov,shrimp unid.,Encountered,66000
NMFS AFSC GAP Survey,Sergestidae,Emily Markowtiz,emily.markowitz@noaa.gov,sergestid shrimp unid.,Encountered,66003
NMFS AFSC GAP Survey,Sergestes sp.,Emily Markowtiz,emily.markowitz@noaa.gov,NA,Encountered,66004
NMFS AFSC GAP Survey,Eusergestes similis,Emily Markowtiz,emily.markowitz@noaa.gov,Pacific sergestid,Encountered,66005
NMFS AFSC GAP Survey,Sicyonia ingentis,Emily Markowtiz,emily.markowitz@noaa.gov,ridgeback rock shrimp,Encountered,66009
NMFS AFSC GAP Survey,Pandalidae,Emily Markowtiz,emily.markowitz@noaa.gov,pandalid shrimp unid.,Encountered,66019
NMFS AFSC GAP Survey,Pandalus sp.,Emily Markowtiz,emily.markowitz@noaa.gov,NA,Encountered,66020
NMFS AFSC GAP Survey,Pandalus danae,Emily Markowtiz,emily.markowitz@noaa.gov,dock shrimp,Encountered,66025
NMFS AFSC GAP Survey,Pandalus jordani,Emily Markowtiz,emily.markowitz@noaa.gov,ocean shrimp,Encountered,66030
NMFS AFSC GAP Survey,Pandalus eous,Emily Markowtiz,emily.markowitz@noaa.gov,Alaskan pink shrimp,Encountered,66031
NMFS AFSC GAP Survey,Heptacarpus maxillipes,Emily Markowtiz,emily.markowitz@noaa.gov,Aleutian coastal shrimp,Encountered,66032
NMFS AFSC GAP Survey,Pandalus tridens,Emily Markowtiz,emily.markowitz@noaa.gov,yellowleg pandalid,Encountered,66033
NMFS AFSC GAP Survey,Pandalus sp. cf. tridens (CAS),Emily Markowtiz,emily.markowitz@noaa.gov,NA,Encountered,66034
NMFS AFSC GAP Survey,Pandalus platyceros,Emily Markowtiz,emily.markowitz@noaa.gov,spot shrimp,Encountered,66040
NMFS AFSC GAP Survey,Pandalus goniurus,Emily Markowtiz,emily.markowitz@noaa.gov,humpy shrimp,Encountered,66045
NMFS AFSC GAP Survey,Pandalus hypsinotus,Emily Markowtiz,emily.markowitz@noaa.gov,coonstripe shrimp,Encountered,66050
NMFS AFSC GAP Survey,Pandalus stenolepis,Emily Markowtiz,emily.markowitz@noaa.gov,roughpatch shrimp,Encountered,66055
NMFS AFSC GAP Survey,Pandalus aleuticus,Emily Markowtiz,emily.markowitz@noaa.gov,Aleutian bigeye,Encountered,66060
NMFS AFSC GAP Survey,Pandalus longirostris,Emily Markowtiz,emily.markowitz@noaa.gov,northern longbeak,Encountered,66061
NMFS AFSC GAP Survey,Pandalus sp. cf. lamelligerus,Emily Markowtiz,emily.markowitz@noaa.gov,NA,Encountered,66062
NMFS AFSC GAP Survey,Pandalus dispar,Emily Markowtiz,emily.markowitz@noaa.gov,sidestripe shrimp,Encountered,66120
NMFS AFSC GAP Survey,Pandalus amplus,Emily Markowtiz,emily.markowitz@noaa.gov,stripeleg pandalid,Encountered,66130
NMFS AFSC GAP Survey,Penaeidae,Emily Markowtiz,emily.markowitz@noaa.gov,penaeid shrimp unid.,Encountered,66140
NMFS AFSC GAP Survey,Caridea,Emily Markowtiz,emily.markowitz@noaa.gov,caridid shrimp unid.,Encountered,66145
NMFS AFSC GAP Survey,Hippolytidae,Emily Markowtiz,emily.markowitz@noaa.gov,hippolytid shrimp unid.,Encountered,66150
NMFS AFSC GAP Survey,Spirontocaris murdochi,Emily Markowtiz,emily.markowitz@noaa.gov,Murdoch blade shrimp,Encountered,66159
NMFS AFSC GAP Survey,Spirontocaris sp.,Emily Markowtiz,emily.markowitz@noaa.gov,NA,Encountered,66160
NMFS AFSC GAP Survey,Spirontocaris arcuata,Emily Markowtiz,emily.markowitz@noaa.gov,Rathbun blade shrimp,Encountered,66161
NMFS AFSC GAP Survey,Spirontocaris prionota,Emily Markowtiz,emily.markowitz@noaa.gov,deep-bladed shrimp,Encountered,66162
NMFS AFSC GAP Survey,Spirontocaris lamellicornis,Emily Markowtiz,emily.markowitz@noaa.gov,Dana blade shrimp,Encountered,66163
NMFS AFSC GAP Survey,Spirontocaris phippsii,Emily Markowtiz,emily.markowitz@noaa.gov,punctate blade shrimp,Encountered,66164
NMFS AFSC GAP Survey,Spirontocaris snyderi,Emily Markowtiz,emily.markowitz@noaa.gov,NA,Encountered,66165
NMFS AFSC GAP Survey,Spirontocaris spinus,Emily Markowtiz,emily.markowitz@noaa.gov,parrot shrimp,Encountered,66166
NMFS AFSC GAP Survey,Spirontocaris sp. cf. lamellicornis,Emily Markowtiz,emily.markowitz@noaa.gov,NA,Encountered,66167
NMFS AFSC GAP Survey,Spirontocaris ochotensis,Emily Markowtiz,emily.markowitz@noaa.gov,oval blade shrimp,Encountered,66168
NMFS AFSC GAP Survey,Spirontocaris intermedia,Emily Markowtiz,emily.markowitz@noaa.gov,NA,Encountered,66169
NMFS AFSC GAP Survey,Eualus sp.,Emily Markowtiz,emily.markowitz@noaa.gov,NA,Encountered,66170
NMFS AFSC GAP Survey,Eualus barbatus,Emily Markowtiz,emily.markowitz@noaa.gov,barbed eualid,Encountered,66171
NMFS AFSC GAP Survey,Eualus avinus,Emily Markowtiz,emily.markowitz@noaa.gov,beaked eualid,Encountered,66172
NMFS AFSC GAP Survey,Eualus townsendi,Emily Markowtiz,emily.markowitz@noaa.gov,Townsend eualid,Encountered,66173
NMFS AFSC GAP Survey,Eualus fabricii,Emily Markowtiz,emily.markowitz@noaa.gov,Arctic eualid,Encountered,66174
NMFS AFSC GAP Survey,Lissocrangon stylirostris,Emily Markowtiz,emily.markowitz@noaa.gov,smooth Crangon,Encountered,66546
NMFS AFSC GAP Survey,Crangon septemspinosa,Emily Markowtiz,emily.markowitz@noaa.gov,sevenspine bay shrimp,Encountered,66548
NMFS AFSC GAP Survey,Crangon nigricauda,Emily Markowtiz,emily.markowitz@noaa.gov,blacktail bay shrimp,Encountered,66550
NMFS AFSC GAP Survey,Argis sp.,Emily Markowtiz,emily.markowitz@noaa.gov,NA,Encountered,66570
NMFS AFSC GAP Survey,Argis alaskensis,Emily Markowtiz,emily.markowitz@noaa.gov,common argid,Encountered,66575
NMFS AFSC GAP Survey,Argis dentata,Emily Markowtiz,emily.markowitz@noaa.gov,Arctic argid,Encountered,66580
NMFS AFSC GAP Survey,Sclerocrangon sp.,Emily Markowtiz,emily.markowitz@noaa.gov,NA,Encountered,66600
NMFS AFSC GAP Survey,Sclerocrangon boreas,Emily Markowtiz,emily.markowitz@noaa.gov,sculptured shrimp,Encountered,66601
NMFS AFSC GAP Survey,Rhynocrangon alata,Emily Markowtiz,emily.markowitz@noaa.gov,saddleback shrimp,Encountered,66602
NMFS AFSC GAP Survey,Rhynocrangon sharpi,Emily Markowtiz,emily.markowitz@noaa.gov,spiked shrimp,Encountered,66604
NMFS AFSC GAP Survey,Sabinea septemcarinata,Emily Markowtiz,emily.markowitz@noaa.gov,NA,Encountered,66605
NMFS AFSC GAP Survey,Rhynocrangon sp.,Emily Markowtiz,emily.markowitz@noaa.gov,NA,Encountered,66606
NMFS AFSC GAP Survey,Argis lar,Emily Markowtiz,emily.markowitz@noaa.gov,kuro argid,Encountered,66611
NMFS AFSC GAP Survey,Argis crassa,Emily Markowtiz,emily.markowitz@noaa.gov,rough argid,Encountered,66612
NMFS AFSC GAP Survey,Argis levior,Emily Markowtiz,emily.markowitz@noaa.gov,Nelson argid,Encountered,66613
NMFS AFSC GAP Survey,Argis ovifer,Emily Markowtiz,emily.markowitz@noaa.gov,split-eye argid,Encountered,66614
NMFS AFSC GAP Survey,Paracrangon echinata,Emily Markowtiz,emily.markowitz@noaa.gov,horned shrimp,Encountered,66615
NMFS AFSC GAP Survey,Eualus gaimardii,Emily Markowtiz,emily.markowitz@noaa.gov,circumpolar eualid,Encountered,66175
NMFS AFSC GAP Survey,Eualus butleri,Emily Markowtiz,emily.markowitz@noaa.gov,sponge eualid,Encountered,66176
NMFS AFSC GAP Survey,Eualus pusiolus,Emily Markowtiz,emily.markowitz@noaa.gov,doll eualid,Encountered,66177
NMFS AFSC GAP Survey,Eualus macilentus,Emily Markowtiz,emily.markowitz@noaa.gov,Greenland shrimp,Encountered,66179
NMFS AFSC GAP Survey,Eualus macrophthalmus,Emily Markowtiz,emily.markowitz@noaa.gov,bigeye eualid,Encountered,66180
NMFS AFSC GAP Survey,Eualus biunguis,Emily Markowtiz,emily.markowitz@noaa.gov,deepsea eualid,Encountered,66190
NMFS AFSC GAP Survey,Eualus suckleyi,Emily Markowtiz,emily.markowitz@noaa.gov,shortscale eualid,Encountered,66193
NMFS AFSC GAP Survey,Spirontocaris holmesi,Emily Markowtiz,emily.markowitz@noaa.gov,slender bladed shrimp,Encountered,66195
NMFS AFSC GAP Survey,Lebbeus sp.,Emily Markowtiz,emily.markowitz@noaa.gov,NA,Encountered,66200
NMFS AFSC GAP Survey,Lebbeus grandimanus,Emily Markowtiz,emily.markowitz@noaa.gov,candy stripe shrimp,Encountered,66201
NMFS AFSC GAP Survey,Lebbeus acudactylus,Emily Markowtiz,emily.markowitz@noaa.gov,false candy-stripe shrimp,Encountered,66202
NMFS AFSC GAP Survey,Lebbeus groenlandicus,Emily Markowtiz,emily.markowitz@noaa.gov,spiny lebbeid,Encountered,66203
NMFS AFSC GAP Survey,Lebbeus polaris,Emily Markowtiz,emily.markowitz@noaa.gov,NA,Encountered,66204
NMFS AFSC GAP Survey,Lebbeus mundus,Emily Markowtiz,emily.markowitz@noaa.gov,cleaner lebbeid,Encountered,66205
NMFS AFSC GAP Survey,Lebbeus washingtonianus,Emily Markowtiz,emily.markowitz@noaa.gov,slope lebbeid,Encountered,66206
NMFS AFSC GAP Survey,Heptacarpus sp.,Emily Markowtiz,emily.markowitz@noaa.gov,NA,Encountered,66301
NMFS AFSC GAP Survey,Heptacarpus flexus,Emily Markowtiz,emily.markowitz@noaa.gov,slenderbeak coastal shrimp,Encountered,66302
NMFS AFSC GAP Survey,Heptacarpus moseri,Emily Markowtiz,emily.markowitz@noaa.gov,Alaska coastal shrimp,Encountered,66303
NMFS AFSC GAP Survey,Heptacarpus stylus,Emily Markowtiz,emily.markowitz@noaa.gov,stiletto coastal shrimp,Encountered,66304
NMFS AFSC GAP Survey,Heptacarpus tenuissimus,Emily Markowtiz,emily.markowitz@noaa.gov,slender coastal shrimp,Encountered,66305
NMFS AFSC GAP Survey,Heptacarpus camtschaticus,Emily Markowtiz,emily.markowitz@noaa.gov,northern coastal shrimp,Encountered,66306
NMFS AFSC GAP Survey,Crangonidae,Emily Markowtiz,emily.markowitz@noaa.gov,crangonid shrimp unid.,Encountered,66500
NMFS AFSC GAP Survey,Crangon sp.,Emily Markowtiz,emily.markowitz@noaa.gov,NA,Encountered,66502
NMFS AFSC GAP Survey,Crangon alba,Emily Markowtiz,emily.markowitz@noaa.gov,stout Crangon,Encountered,66509
NMFS AFSC GAP Survey,Neocrangon abyssorum,Emily Markowtiz,emily.markowitz@noaa.gov,abyssal Crangon,Encountered,66510
NMFS AFSC GAP Survey,Crangon alaskensis,Emily Markowtiz,emily.markowitz@noaa.gov,shell shrimp,Encountered,66512
NMFS AFSC GAP Survey,Neocrangon communis,Emily Markowtiz,emily.markowitz@noaa.gov,twospine Crangon,Encountered,66515
NMFS AFSC GAP Survey,Neocrangon sp. cf. communis (CAS),Emily Markowtiz,emily.markowitz@noaa.gov,NA,Encountered,66516
NMFS AFSC GAP Survey,Crangon franciscorum,Emily Markowtiz,emily.markowitz@noaa.gov,California bay shrimp,Encountered,66517
NMFS AFSC GAP Survey,Neocrangon resima,Emily Markowtiz,emily.markowitz@noaa.gov,NA,Encountered,66520
NMFS AFSC GAP Survey,Crangon dalli,Emily Markowtiz,emily.markowitz@noaa.gov,ridged Crangon,Encountered,66530
NMFS AFSC GAP Survey,Metacrangon sp.,Emily Markowtiz,emily.markowitz@noaa.gov,NA,Encountered,66533
NMFS AFSC GAP Survey,Metacrangon munita,Emily Markowtiz,emily.markowitz@noaa.gov,coastal spinyhead,Encountered,66534
NMFS AFSC GAP Survey,Metacrangon variabilis,Emily Markowtiz,emily.markowitz@noaa.gov,deepsea spinyhead,Encountered,66535
NMFS AFSC GAP Survey,Mesocrangon intermedia,Emily Markowtiz,emily.markowitz@noaa.gov,northern spinyhead,Encountered,66536
NMFS AFSC GAP Survey,Uschakoviella sp.,Emily Markowtiz,emily.markowitz@noaa.gov,NA,Encountered,60120
NMFS AFSC GAP Survey,Uschakoviella echinophora,Emily Markowtiz,emily.markowitz@noaa.gov,fuzzy pink amphipod,Encountered,60121
NMFS AFSC GAP Survey,Uschakoviella sp. 1 (Clark 2006),Emily Markowtiz,emily.markowitz@noaa.gov,fuzzy yellow amphipod,Encountered,60122
NMFS AFSC GAP Survey,Dulichiella appendiculata,Emily Markowtiz,emily.markowitz@noaa.gov,NA,Encountered,60130
NMFS AFSC GAP Survey,Quasimelita formosa,Emily Markowtiz,emily.markowitz@noaa.gov,NA,Encountered,60131
NMFS AFSC GAP Survey,Melita sp.,Emily Markowtiz,emily.markowitz@noaa.gov,NA,Encountered,60132
NMFS AFSC GAP Survey,Anonyx sp.,Emily Markowtiz,emily.markowitz@noaa.gov,NA,Encountered,60140
NMFS AFSC GAP Survey,Caprella sp.,Emily Markowtiz,emily.markowitz@noaa.gov,skeleton shrimps,Encountered,60145
NMFS AFSC GAP Survey,Themisto libellula,Emily Markowtiz,emily.markowitz@noaa.gov,NA,Encountered,60146
NMFS AFSC GAP Survey,Themisto sp.,Emily Markowtiz,emily.markowitz@noaa.gov,NA,Encountered,60147
NMFS AFSC GAP Survey,Lysianassidae,Emily Markowtiz,emily.markowitz@noaa.gov,lysiannassid amphipods,Encountered,60149
NMFS AFSC GAP Survey,Ampelisca macrocephala,Emily Markowtiz,emily.markowitz@noaa.gov,NA,Encountered,60150
NMFS AFSC GAP Survey,Isopoda,Emily Markowtiz,emily.markowitz@noaa.gov,isopod unid.,Encountered,62000
NMFS AFSC GAP Survey,Arcturidae,Emily Markowtiz,emily.markowitz@noaa.gov,NA,Encountered,62001
NMFS AFSC GAP Survey,Arcturus sp. 2 (Clark 2006),Emily Markowtiz,emily.markowitz@noaa.gov,spiny arcturid,Encountered,62002
NMFS AFSC GAP Survey,Arcturus longispinis,Emily Markowtiz,emily.markowitz@noaa.gov,NA,Encountered,62003
NMFS AFSC GAP Survey,Arcturus sp. 1 (Clark 2006),Emily Markowtiz,emily.markowitz@noaa.gov,spiky arcturid,Encountered,62004
NMFS AFSC GAP Survey,Arcturus sp.,Emily Markowtiz,emily.markowitz@noaa.gov,NA,Encountered,62005
NMFS AFSC GAP Survey,Livoneca sp.,Emily Markowtiz,emily.markowitz@noaa.gov,NA,Encountered,62010
NMFS AFSC GAP Survey,Idoteidae,Emily Markowtiz,emily.markowitz@noaa.gov,NA,Encountered,62012
NMFS AFSC GAP Survey,Gnorimosphaeroma sp.,Emily Markowtiz,emily.markowitz@noaa.gov,pill bug isopod,Encountered,62015
NMFS AFSC GAP Survey,Saduria sibirica,Emily Markowtiz,emily.markowitz@noaa.gov,NA,Encountered,62019
NMFS AFSC GAP Survey,Saduria entomon,Emily Markowtiz,emily.markowitz@noaa.gov,NA,Encountered,62020
NMFS AFSC GAP Survey,Synidotea sp.,Emily Markowtiz,emily.markowitz@noaa.gov,gravel isopod,Encountered,62021
NMFS AFSC GAP Survey,Synidotea bicuspida,Emily Markowtiz,emily.markowitz@noaa.gov,NA,Encountered,62022
NMFS AFSC GAP Survey,Rocinela angustata,Emily Markowtiz,emily.markowitz@noaa.gov,sea cockroach,Encountered,62025
NMFS AFSC GAP Survey,Anuropus bathypelagicus,Emily Markowtiz,emily.markowitz@noaa.gov,giant isopod,Encountered,62050
NMFS AFSC GAP Survey,Cumacea,Emily Markowtiz,emily.markowitz@noaa.gov,cumacean unid.,Encountered,63000
NMFS AFSC GAP Survey,Diastylis sp.,Emily Markowtiz,emily.markowitz@noaa.gov,NA,Encountered,63100
NMFS AFSC GAP Survey,Diastylis alaskensis,Emily Markowtiz,emily.markowitz@noaa.gov,Alaskan cumacean,Encountered,63101
NMFS AFSC GAP Survey,Diastylis dalli,Emily Markowtiz,emily.markowitz@noaa.gov,NA,Encountered,63102
NMFS AFSC GAP Survey,Euphausiacea,Emily Markowtiz,emily.markowitz@noaa.gov,euphausiid unid.,Encountered,63500
NMFS AFSC GAP Survey,Thysanoessa sp.,Emily Markowtiz,emily.markowitz@noaa.gov,NA,Encountered,63501
NMFS AFSC GAP Survey,Mysida,Emily Markowtiz,emily.markowitz@noaa.gov,opossum shrimps,Encountered,64000
NMFS AFSC GAP Survey,Neognathophausia sp.,Emily Markowtiz,emily.markowitz@noaa.gov,NA,Encountered,64010
NMFS AFSC GAP Survey,Neognathophausia gigas,Emily Markowtiz,emily.markowitz@noaa.gov,giant red mysid,Encountered,64011
NMFS AFSC GAP Survey,Neognathophausia ingens,Emily Markowtiz,emily.markowitz@noaa.gov,red mysid,Encountered,64012
NMFS AFSC GAP Survey,Mysidae,Emily Markowtiz,emily.markowitz@noaa.gov,NA,Encountered,64100
NMFS AFSC GAP Survey,Neomysis awatschensis,Emily Markowtiz,emily.markowitz@noaa.gov,NA,Encountered,64101
NMFS AFSC GAP Survey,Copepoda,Emily Markowtiz,emily.markowitz@noaa.gov,copepod unid.,Encountered,64500
NMFS AFSC GAP Survey,Cirripedia,Emily Markowtiz,emily.markowitz@noaa.gov,NA,Encountered,65000
NMFS AFSC GAP Survey,Argis sp. cf. ovifer (CAS),Emily Markowtiz,emily.markowitz@noaa.gov,NA,Encountered,66616
NMFS AFSC GAP Survey,Argis sp. cf. crassa (CAS),Emily Markowtiz,emily.markowitz@noaa.gov,NA,Encountered,66617
NMFS AFSC GAP Survey,Paracrangon sp.,Emily Markowtiz,emily.markowitz@noaa.gov,NA,Encountered,66618
NMFS AFSC GAP Survey,Pasiphaeidae,Emily Markowtiz,emily.markowitz@noaa.gov,pasiphaeid shrimp unid.,Encountered,66750
NMFS AFSC GAP Survey,Parapasiphae sulcatifrons,Emily Markowtiz,emily.markowitz@noaa.gov,grooved-back shrimp,Encountered,66761
NMFS AFSC GAP Survey,Pasiphaea pacifica,Emily Markowtiz,emily.markowitz@noaa.gov,Pacific glass shrimp,Encountered,66770
NMFS AFSC GAP Survey,Pasiphaea tarda,Emily Markowtiz,emily.markowitz@noaa.gov,crimson pasiphaeid,Encountered,66772
NMFS AFSC GAP Survey,Oplophoridae,Emily Markowtiz,emily.markowitz@noaa.gov,oplophorid shrimps,Encountered,66810
NMFS AFSC GAP Survey,Notostomus sp.,Emily Markowtiz,emily.markowitz@noaa.gov,NA,Encountered,66814
NMFS AFSC GAP Survey,Notostomus japonicus,Emily Markowtiz,emily.markowitz@noaa.gov,spinyridge shrimp,Encountered,66815
NMFS AFSC GAP Survey,Hymenodora sp.,Emily Markowtiz,emily.markowitz@noaa.gov,NA,Encountered,66839
NMFS AFSC GAP Survey,Hymenodora frontalis,Emily Markowtiz,emily.markowitz@noaa.gov,Pacific ambereye,Encountered,66840
NMFS AFSC GAP Survey,Boreogennema borealis,Emily Markowtiz,emily.markowitz@noaa.gov,NA,Encountered,66841
NMFS AFSC GAP Survey,Acanthephyra sp.,Emily Markowtiz,emily.markowitz@noaa.gov,NA,Encountered,66860
NMFS AFSC GAP Survey,Acanthephyra curtirostris,Emily Markowtiz,emily.markowitz@noaa.gov,peaked shrimp,Encountered,66865
NMFS AFSC GAP Survey,Systellaspis braueri,Emily Markowtiz,emily.markowitz@noaa.gov,Quale spinytail,Encountered,66875
NMFS AFSC GAP Survey,NA,Emily Markowtiz,emily.markowitz@noaa.gov,crab unid.,Encountered,68000
NMFS AFSC GAP Survey,Cancer sp.,Emily Markowtiz,emily.markowitz@noaa.gov,cancer crab unid.,Encountered,68010
NMFS AFSC GAP Survey,Romaleon branneri,Emily Markowtiz,emily.markowitz@noaa.gov,furrowed rock crab,Encountered,68011
NMFS AFSC GAP Survey,Metacarcinus anthonyi,Emily Markowtiz,emily.markowitz@noaa.gov,yellow cancer crab,Encountered,68012
NMFS AFSC GAP Survey,Metacarcinus magister,Emily Markowtiz,emily.markowitz@noaa.gov,Dungeness crab,Encountered,68020
NMFS AFSC GAP Survey,Glebocarcinus oregonensis,Emily Markowtiz,emily.markowitz@noaa.gov,Oregon rock crab,Encountered,68040
NMFS AFSC GAP Survey,Carcinus maenas,Emily Markowtiz,emily.markowitz@noaa.gov,green crab,Encountered,68041
NMFS AFSC GAP Survey,Cancer productus,Emily Markowtiz,emily.markowitz@noaa.gov,red rock crab,Encountered,68050
NMFS AFSC GAP Survey,Metacarcinus gracilis,Emily Markowtiz,emily.markowitz@noaa.gov,graceful rock crab,Encountered,68060
NMFS AFSC GAP Survey,Xanthidae,Emily Markowtiz,emily.markowitz@noaa.gov,NA,Encountered,68065
NMFS AFSC GAP Survey,Rathbunixa occidentalis,Emily Markowtiz,emily.markowitz@noaa.gov,pea crab,Encountered,68072
NMFS AFSC GAP Survey,Platymera gaudichaudii,Emily Markowtiz,emily.markowitz@noaa.gov,NA,Encountered,68100
NMFS AFSC GAP Survey,Majidae,Emily Markowtiz,emily.markowitz@noaa.gov,spider crabs unid.,Encountered,68500
NMFS AFSC GAP Survey,Oregonia sp.,Emily Markowtiz,emily.markowitz@noaa.gov,NA,Encountered,68501
NMFS AFSC GAP Survey,Oregonia bifurca,Emily Markowtiz,emily.markowitz@noaa.gov,split-nose decorator crab,Encountered,68502
NMFS AFSC GAP Survey,Oregonia gracilis,Emily Markowtiz,emily.markowitz@noaa.gov,graceful decorator crab,Encountered,68510
NMFS AFSC GAP Survey,Macroregonia macrochira,Emily Markowtiz,emily.markowitz@noaa.gov,giant spider crab,Encountered,68511
NMFS AFSC GAP Survey,Loxorhynchus crispatus,Emily Markowtiz,emily.markowitz@noaa.gov,spider crab,Encountered,68515
NMFS AFSC GAP Survey,Chorilia longipes,Emily Markowtiz,emily.markowitz@noaa.gov,longhorned decorator crab,Encountered,68520
NMFS AFSC GAP Survey,Chorilia sp.,Emily Markowtiz,emily.markowitz@noaa.gov,NA,Encountered,68521
NMFS AFSC GAP Survey,Chionoecetes sp.,Emily Markowtiz,emily.markowitz@noaa.gov,Tanner crab unid.,Encountered,68541
NMFS AFSC GAP Survey,Chionoecetes tanneri,Emily Markowtiz,emily.markowitz@noaa.gov,grooved Tanner crab,Encountered,68550
NMFS AFSC GAP Survey,Chionoecetes bairdi,Emily Markowtiz,emily.markowitz@noaa.gov,Tanner crab,Encountered,68560
NMFS AFSC GAP Survey,Paralomis sp. A (Clark 2006),Emily Markowtiz,emily.markowitz@noaa.gov,spiny spider crab,Encountered,69332
NMFS AFSC GAP Survey,Paralomis makarovi,Emily Markowtiz,emily.markowitz@noaa.gov,short spine spider crab,Encountered,69333
NMFS AFSC GAP Survey,Paralomis manningi,Emily Markowtiz,emily.markowitz@noaa.gov,NA,Encountered,69334
NMFS AFSC GAP Survey,Paralomis multispina,Emily Markowtiz,emily.markowitz@noaa.gov,many spine spider crab,Encountered,69335
NMFS AFSC GAP Survey,Placetron wosnessenskii,Emily Markowtiz,emily.markowitz@noaa.gov,scaled crab,Encountered,69336
NMFS AFSC GAP Survey,Neolithodes diomedeae,Emily Markowtiz,emily.markowitz@noaa.gov,NA,Encountered,69341
NMFS AFSC GAP Survey,Erimacrus isenbeckii,Emily Markowtiz,emily.markowitz@noaa.gov,horsehair crab,Encountered,69400
NMFS AFSC GAP Survey,Erimacrus sp.,Emily Markowtiz,emily.markowitz@noaa.gov,NA,Encountered,69401
NMFS AFSC GAP Survey,Hyas sp.,Emily Markowtiz,emily.markowitz@noaa.gov,NA,Encountered,69520
NMFS AFSC GAP Survey,Pugettia sp.,Emily Markowtiz,emily.markowitz@noaa.gov,kelp crab,Encountered,69530
NMFS AFSC GAP Survey,Pugettia gracilis,Emily Markowtiz,emily.markowitz@noaa.gov,graceful kelp crab,Encountered,69531
NMFS AFSC GAP Survey,Pugettia producta,Emily Markowtiz,emily.markowitz@noaa.gov,NA,Encountered,69532
NMFS AFSC GAP Survey,Scyra acutifrons,Emily Markowtiz,emily.markowitz@noaa.gov,NA,Encountered,69540
NMFS AFSC GAP Survey,Galatheidae,Emily Markowtiz,emily.markowitz@noaa.gov,galatheid crab unid.,Encountered,69550
NMFS AFSC GAP Survey,Munidopsis verrilli,Emily Markowtiz,emily.markowitz@noaa.gov,Verrill pinch bug,Encountered,69551
NMFS AFSC GAP Survey,Munidopsis sp.,Emily Markowtiz,emily.markowitz@noaa.gov,NA,Encountered,69552
NMFS AFSC GAP Survey,Munidopsis quadrata,Emily Markowtiz,emily.markowitz@noaa.gov,long-armed pinch bug,Encountered,69553
NMFS AFSC GAP Survey,Chirostylus sp.,Emily Markowtiz,emily.markowitz@noaa.gov,NA,Encountered,69554
NMFS AFSC GAP Survey,Chionoecetes angulatus,Emily Markowtiz,emily.markowitz@noaa.gov,triangle Tanner crab,Encountered,68570
NMFS AFSC GAP Survey,Chionoecetes japonicus,Emily Markowtiz,emily.markowitz@noaa.gov,Japanese Tanner crab,Encountered,68575
NMFS AFSC GAP Survey,Hyas coarctatus,Emily Markowtiz,emily.markowitz@noaa.gov,circumboreal toad crab,Encountered,68577
NMFS AFSC GAP Survey,Hyas lyratus,Emily Markowtiz,emily.markowitz@noaa.gov,Pacific lyre crab,Encountered,68578
NMFS AFSC GAP Survey,Chionoecetes opilio,Emily Markowtiz,emily.markowitz@noaa.gov,snow crab,Encountered,68580
NMFS AFSC GAP Survey,Chionoecetes hybrid,Emily Markowtiz,emily.markowitz@noaa.gov,hybrid Tanner crab,Encountered,68590
NMFS AFSC GAP Survey,Telmessus cheiragonus,Emily Markowtiz,emily.markowitz@noaa.gov,helmet crab,Encountered,68781
NMFS AFSC GAP Survey,Anomura,Emily Markowtiz,emily.markowitz@noaa.gov,NA,Encountered,69000
NMFS AFSC GAP Survey,Paguridae,Emily Markowtiz,emily.markowitz@noaa.gov,hermit crab unid.,Encountered,69010
NMFS AFSC GAP Survey,Discorsopagurus schmitti,Emily Markowtiz,emily.markowitz@noaa.gov,NA,Encountered,69011
NMFS AFSC GAP Survey,Paguristes turgidus,Emily Markowtiz,emily.markowitz@noaa.gov,NA,Encountered,69013
NMFS AFSC GAP Survey,Pagurus sp.,Emily Markowtiz,emily.markowitz@noaa.gov,NA,Encountered,69035
NMFS AFSC GAP Survey,Pagurus armatus,Emily Markowtiz,emily.markowitz@noaa.gov,blackeyed hermit,Encountered,69041
NMFS AFSC GAP Survey,Pagurus brandti,Emily Markowtiz,emily.markowitz@noaa.gov,sponge hermit,Encountered,69042
NMFS AFSC GAP Survey,Pagurus townsendi,Emily Markowtiz,emily.markowitz@noaa.gov,Townsend hermit crab,Encountered,69050
NMFS AFSC GAP Survey,Pagurus aleuticus,Emily Markowtiz,emily.markowitz@noaa.gov,Aleutian hermit,Encountered,69060
NMFS AFSC GAP Survey,Labidochirus splendescens,Emily Markowtiz,emily.markowitz@noaa.gov,splendid hermit,Encountered,69061
NMFS AFSC GAP Survey,Pagurus confragosus,Emily Markowtiz,emily.markowitz@noaa.gov,knobbyhand hermit,Encountered,69070
NMFS AFSC GAP Survey,Pagurus caurinus,Emily Markowtiz,emily.markowitz@noaa.gov,greenmark hermit,Encountered,69071
NMFS AFSC GAP Survey,Pagurus granosimanus,Emily Markowtiz,emily.markowitz@noaa.gov,grainyhand hermit,Encountered,69072
NMFS AFSC GAP Survey,Pagurus hemphilli,Emily Markowtiz,emily.markowitz@noaa.gov,maroon hermit,Encountered,69073
NMFS AFSC GAP Survey,Pagurus hirsutiusculus,Emily Markowtiz,emily.markowitz@noaa.gov,true hairy hermit,Encountered,69074
NMFS AFSC GAP Survey,Pagurus samuelis,Emily Markowtiz,emily.markowitz@noaa.gov,bluehand hermit,Encountered,69075
NMFS AFSC GAP Survey,Pagurus cornutus,Emily Markowtiz,emily.markowitz@noaa.gov,hornyhand hermit,Encountered,69080
NMFS AFSC GAP Survey,Pagurus dalli,Emily Markowtiz,emily.markowitz@noaa.gov,whiteknee hermit,Encountered,69082
NMFS AFSC GAP Survey,Pagurus kennerlyi,Emily Markowtiz,emily.markowitz@noaa.gov,bluespine hermit,Encountered,69085
NMFS AFSC GAP Survey,Pagurus trigonocheirus,Emily Markowtiz,emily.markowitz@noaa.gov,fuzzy hermit crab,Encountered,69086
NMFS AFSC GAP Survey,Pagurus beringanus,Emily Markowtiz,emily.markowitz@noaa.gov,Bering hermit,Encountered,69087
NMFS AFSC GAP Survey,Pagurus ochotensis,Emily Markowtiz,emily.markowitz@noaa.gov,Alaskan hermit,Encountered,69090
NMFS AFSC GAP Survey,Pagurus quaylei,Emily Markowtiz,emily.markowitz@noaa.gov,NA,Encountered,69094
NMFS AFSC GAP Survey,Pagurus rathbuni,Emily Markowtiz,emily.markowitz@noaa.gov,longfinger hermit,Encountered,69095
NMFS AFSC GAP Survey,Pagurus stevensae,Emily Markowtiz,emily.markowitz@noaa.gov,Stevens hermit crab,Encountered,69096
NMFS AFSC GAP Survey,Pagurus setosus,Emily Markowtiz,emily.markowitz@noaa.gov,setose hermit,Encountered,69097
NMFS AFSC GAP Survey,Pagurus undosus,Emily Markowtiz,emily.markowitz@noaa.gov,Priblof hermit,Encountered,69098
NMFS AFSC GAP Survey,Pagurus tanneri,Emily Markowtiz,emily.markowitz@noaa.gov,longhand hermit,Encountered,69100
NMFS AFSC GAP Survey,Elassochirus tenuimanus,Emily Markowtiz,emily.markowitz@noaa.gov,widehand hermit crab,Encountered,69110
NMFS AFSC GAP Survey,Pagurus capillatus,Emily Markowtiz,emily.markowitz@noaa.gov,hairy hermit crab,Encountered,69120
NMFS AFSC GAP Survey,Elassochirus cavimanus,Emily Markowtiz,emily.markowitz@noaa.gov,purple hermit,Encountered,69121
NMFS AFSC GAP Survey,Elassochirus gilli,Emily Markowtiz,emily.markowitz@noaa.gov,Pacific red hermit,Encountered,69122
NMFS AFSC GAP Survey,Elassochirus sp.,Emily Markowtiz,emily.markowitz@noaa.gov,NA,Encountered,69123
NMFS AFSC GAP Survey,Parapagurus sp.,Emily Markowtiz,emily.markowitz@noaa.gov,NA,Encountered,69199
NMFS AFSC GAP Survey,Parapagurus pilosimanus,Emily Markowtiz,emily.markowitz@noaa.gov,NA,Encountered,69200
NMFS AFSC GAP Survey,Lithodidae,Emily Markowtiz,emily.markowitz@noaa.gov,stone crab unid.,Encountered,69250
NMFS AFSC GAP Survey,Echidnocerus sp.,Emily Markowtiz,emily.markowitz@noaa.gov,box crab unid.,Encountered,69260
NMFS AFSC GAP Survey,Echidnocerus foraminatus,Emily Markowtiz,emily.markowitz@noaa.gov,brown box crab,Encountered,69270
NMFS AFSC GAP Survey,Echidnocerus cibarius,Emily Markowtiz,emily.markowitz@noaa.gov,red box crab,Encountered,69280
NMFS AFSC GAP Survey,Acantholithodes sp.,Emily Markowtiz,emily.markowitz@noaa.gov,NA,Encountered,69284
NMFS AFSC GAP Survey,Acantholithodes hispidus,Emily Markowtiz,emily.markowitz@noaa.gov,fuzzy crab,Encountered,69285
NMFS AFSC GAP Survey,Lithodes sp.,Emily Markowtiz,emily.markowitz@noaa.gov,NA,Encountered,69290
NMFS AFSC GAP Survey,Lithodes couesi,Emily Markowtiz,emily.markowitz@noaa.gov,scarlet king crab,Encountered,69300
NMFS AFSC GAP Survey,Lithodes aequispinus,Emily Markowtiz,emily.markowitz@noaa.gov,golden king crab,Encountered,69310
NMFS AFSC GAP Survey,Dermaturus mandtii,Emily Markowtiz,emily.markowitz@noaa.gov,wrinkled crab,Encountered,69312
NMFS AFSC GAP Survey,Hapalogaster mertensii,Emily Markowtiz,emily.markowitz@noaa.gov,NA,Encountered,69314
NMFS AFSC GAP Survey,Hapalogaster sp.,Emily Markowtiz,emily.markowitz@noaa.gov,NA,Encountered,69315
NMFS AFSC GAP Survey,Hapalogaster grebnitzkii,Emily Markowtiz,emily.markowitz@noaa.gov,soft crab,Encountered,69316
NMFS AFSC GAP Survey,Rhinolithodes wosnessenskii,Emily Markowtiz,emily.markowitz@noaa.gov,rhinoceros crab,Encountered,69317
NMFS AFSC GAP Survey,Phyllolithodes papillosus,Emily Markowtiz,emily.markowitz@noaa.gov,flatspine triangle crab,Encountered,69318
NMFS AFSC GAP Survey,Phyllolithodes sp.,Emily Markowtiz,emily.markowitz@noaa.gov,NA,Encountered,69319
NMFS AFSC GAP Survey,Paralithodes brevipes,Emily Markowtiz,emily.markowitz@noaa.gov,Hanasaki king crab,Encountered,69320
NMFS AFSC GAP Survey,Paralithodes sp.,Emily Markowtiz,emily.markowitz@noaa.gov,NA,Encountered,69321
NMFS AFSC GAP Survey,Paralithodes camtschaticus,Emily Markowtiz,emily.markowitz@noaa.gov,red king crab,Encountered,69322
NMFS AFSC GAP Survey,Paralithodes platypus,Emily Markowtiz,emily.markowitz@noaa.gov,blue king crab,Encountered,69323
NMFS AFSC GAP Survey,Paralithodes californiensis,Emily Markowtiz,emily.markowitz@noaa.gov,California king crab,Encountered,69325
NMFS AFSC GAP Survey,Paralithodes rathbuni,Emily Markowtiz,emily.markowitz@noaa.gov,NA,Encountered,69326
NMFS AFSC GAP Survey,Cryptolithodes sitchensis,Emily Markowtiz,emily.markowitz@noaa.gov,umbrella crab,Encountered,69327
NMFS AFSC GAP Survey,Cryptolithodes typicus,Emily Markowtiz,emily.markowitz@noaa.gov,butterfly crab,Encountered,69328
NMFS AFSC GAP Survey,Cryptolithodes sp.,Emily Markowtiz,emily.markowitz@noaa.gov,NA,Encountered,69329
NMFS AFSC GAP Survey,Paralomis sp.,Emily Markowtiz,emily.markowitz@noaa.gov,NA,Encountered,69330
NMFS AFSC GAP Survey,Paralomis verrilli,Emily Markowtiz,emily.markowitz@noaa.gov,NA,Encountered,69331
NMFS AFSC GAP Survey,Fusitriton oregonensis egg,Emily Markowtiz,emily.markowitz@noaa.gov,NA,Encountered,71003
NMFS AFSC GAP Survey,Neptunea sp. egg,Emily Markowtiz,emily.markowitz@noaa.gov,NA,Encountered,71004
NMFS AFSC GAP Survey,Neptunea borealis egg,Emily Markowtiz,emily.markowitz@noaa.gov,NA,Encountered,71005
NMFS AFSC GAP Survey,Neptunea heros egg,Emily Markowtiz,emily.markowitz@noaa.gov,NA,Encountered,71006
NMFS AFSC GAP Survey,Cephalaspidea,Emily Markowtiz,emily.markowitz@noaa.gov,bubbleshells unid.,Encountered,71007
NMFS AFSC GAP Survey,NA,Emily Markowtiz,emily.markowitz@noaa.gov,nudibranch egg,Encountered,71008
NMFS AFSC GAP Survey,Opisthobranchia,Emily Markowtiz,emily.markowitz@noaa.gov,NA,Encountered,71009
NMFS AFSC GAP Survey,Nudibranchia,Emily Markowtiz,emily.markowitz@noaa.gov,nudibranch unid.,Encountered,71010
NMFS AFSC GAP Survey,Onchidoris bilamellata,Emily Markowtiz,emily.markowitz@noaa.gov,barnacle-eating Onchidoris,Encountered,71011
NMFS AFSC GAP Survey,Tochuina gigantea,Emily Markowtiz,emily.markowitz@noaa.gov,giant orange tochui,Encountered,71012
NMFS AFSC GAP Survey,Hermissenda crassicornis,Emily Markowtiz,emily.markowitz@noaa.gov,thick-horned aeolid,Encountered,71013
NMFS AFSC GAP Survey,Acanthodoris nanaimoensis,Emily Markowtiz,emily.markowitz@noaa.gov,Nanaimo dorid,Encountered,71014
NMFS AFSC GAP Survey,Cadlina luteomarginata,Emily Markowtiz,emily.markowitz@noaa.gov,yellow-edged Cadlina,Encountered,71015
NMFS AFSC GAP Survey,Diaulula sandiegensis,Emily Markowtiz,emily.markowitz@noaa.gov,NA,Encountered,71016
NMFS AFSC GAP Survey,Acanthodoris brunnea,Emily Markowtiz,emily.markowitz@noaa.gov,cedar-scented dorid,Encountered,71017
NMFS AFSC GAP Survey,Dendronotus sp.,Emily Markowtiz,emily.markowitz@noaa.gov,NA,Encountered,71018
NMFS AFSC GAP Survey,Acanthodoris sp.,Emily Markowtiz,emily.markowitz@noaa.gov,NA,Encountered,71019
NMFS AFSC GAP Survey,Dendronotus dalli,Emily Markowtiz,emily.markowitz@noaa.gov,Dall dendronotid,Encountered,71020
NMFS AFSC GAP Survey,Dendronotus frondosus,Emily Markowtiz,emily.markowitz@noaa.gov,frond-aeolis,Encountered,71021
NMFS AFSC GAP Survey,Dendronotus subramosus,Emily Markowtiz,emily.markowitz@noaa.gov,stubby frond-aeolis,Encountered,71022
NMFS AFSC GAP Survey,Gastropteron pacificum,Emily Markowtiz,emily.markowitz@noaa.gov,NA,Encountered,71023
NMFS AFSC GAP Survey,Tritonia exsulans,Emily Markowtiz,emily.markowitz@noaa.gov,pink tritonia,Encountered,71024
NMFS AFSC GAP Survey,Tritonia sp.,Emily Markowtiz,emily.markowitz@noaa.gov,NA,Encountered,71025
NMFS AFSC GAP Survey,Tritonia festiva,Emily Markowtiz,emily.markowitz@noaa.gov,festive Tritonia,Encountered,71026
NMFS AFSC GAP Survey,Calycidoris guentheri,Emily Markowtiz,emily.markowitz@noaa.gov,NA,Encountered,71027
NMFS AFSC GAP Survey,Tritonia tetraquetra,Emily Markowtiz,emily.markowitz@noaa.gov,rosy Tritonia,Encountered,71030
NMFS AFSC GAP Survey,Onchidorididae,Emily Markowtiz,emily.markowitz@noaa.gov,onchidoridid nudibranchs,Encountered,71031
NMFS AFSC GAP Survey,Acteocina sp.,Emily Markowtiz,emily.markowitz@noaa.gov,NA,Encountered,71040
NMFS AFSC GAP Survey,Triopha catalinae,Emily Markowtiz,emily.markowitz@noaa.gov,sea-clown Triopha,Encountered,71050
NMFS AFSC GAP Survey,Cuthonella concinna,Emily Markowtiz,emily.markowitz@noaa.gov,NA,Encountered,71051
NMFS AFSC GAP Survey,Doris montereyensis,Emily Markowtiz,emily.markowitz@noaa.gov,Monterey dorid,Encountered,71055
NMFS AFSC GAP Survey,Armina californica,Emily Markowtiz,emily.markowitz@noaa.gov,California Armina,Encountered,71080
NMFS AFSC GAP Survey,Colga pacifica,Emily Markowtiz,emily.markowitz@noaa.gov,Pacific Colga,Encountered,71090
NMFS AFSC GAP Survey,Cadlina sp.,Emily Markowtiz,emily.markowitz@noaa.gov,cadlina nudibranchs,Encountered,71104
NMFS AFSC GAP Survey,Cadlina modesta,Emily Markowtiz,emily.markowitz@noaa.gov,NA,Encountered,71105
NMFS AFSC GAP Survey,Flabellina sp.,Emily Markowtiz,emily.markowitz@noaa.gov,NA,Encountered,71110
NMFS AFSC GAP Survey,Coryphella trophina,Emily Markowtiz,emily.markowitz@noaa.gov,red flabellina,Encountered,71111
NMFS AFSC GAP Survey,Flabellinidae,Emily Markowtiz,emily.markowitz@noaa.gov,NA,Encountered,71112
NMFS AFSC GAP Survey,Chlamylla sp.,Emily Markowtiz,emily.markowitz@noaa.gov,NA,Encountered,71202
NMFS AFSC GAP Survey,Dironidae,Emily Markowtiz,emily.markowitz@noaa.gov,dironid nudibranchs,Encountered,71210
NMFS AFSC GAP Survey,Dirona pellucida,Emily Markowtiz,emily.markowitz@noaa.gov,NA,Encountered,71212
NMFS AFSC GAP Survey,Peltodoris nobilis,Emily Markowtiz,emily.markowitz@noaa.gov,Pacific sea lemon,Encountered,71230
NMFS AFSC GAP Survey,Peltodoris lentiginosa,Emily Markowtiz,emily.markowitz@noaa.gov,mottled pale sea-lemon,Encountered,71235
NMFS AFSC GAP Survey,Dorididae,Emily Markowtiz,emily.markowitz@noaa.gov,archidorid nudibranchs,Encountered,71250
NMFS AFSC GAP Survey,Doris sp.,Emily Markowtiz,emily.markowitz@noaa.gov,Archidoris nudibranch,Encountered,71259
NMFS AFSC GAP Survey,Doris odhneri,Emily Markowtiz,emily.markowitz@noaa.gov,white night doris,Encountered,71260
NMFS AFSC GAP Survey,Diaulula sp. A (Clark 2006),Emily Markowtiz,emily.markowitz@noaa.gov,NA,Encountered,71269
NMFS AFSC GAP Survey,Adalaria proxima,Emily Markowtiz,emily.markowitz@noaa.gov,NA,Encountered,71271
NMFS AFSC GAP Survey,Pleurobranchidae,Emily Markowtiz,emily.markowitz@noaa.gov,pleurobranchid sea slugs,Encountered,71290
NMFS AFSC GAP Survey,Pleurobranchaea californica,Emily Markowtiz,emily.markowitz@noaa.gov,California sea slug,Encountered,71291
NMFS AFSC GAP Survey,Pleurobrachia bachei,Emily Markowtiz,emily.markowitz@noaa.gov,sea gooseberry,Encountered,71292
NMFS AFSC GAP Survey,Anatoma lyra,Emily Markowtiz,emily.markowitz@noaa.gov,NA,Encountered,71332
NMFS AFSC GAP Survey,Anatoma crispata,Emily Markowtiz,emily.markowitz@noaa.gov,crispate scissurelle,Encountered,71333
NMFS AFSC GAP Survey,Cranopsis sp.,Emily Markowtiz,emily.markowitz@noaa.gov,puncturella,Encountered,71349
NMFS AFSC GAP Survey,Puncturella major,Emily Markowtiz,emily.markowitz@noaa.gov,great puncturella,Encountered,71350
NMFS AFSC GAP Survey,Puncturella rothi,Emily Markowtiz,emily.markowitz@noaa.gov,NA,Encountered,71351
NMFS AFSC GAP Survey,Puncturella cooperi,Emily Markowtiz,emily.markowitz@noaa.gov,NA,Encountered,71352
NMFS AFSC GAP Survey,Puncturella galeata,Emily Markowtiz,emily.markowitz@noaa.gov,helmet Puncturella,Encountered,71353
NMFS AFSC GAP Survey,Puncturella multistriata,Emily Markowtiz,emily.markowitz@noaa.gov,many-ribbed Puncturella,Encountered,71354
NMFS AFSC GAP Survey,Puncturella cucullata,Emily Markowtiz,emily.markowitz@noaa.gov,hood puncturella,Encountered,71355
NMFS AFSC GAP Survey,Scelidotoma bella,Emily Markowtiz,emily.markowitz@noaa.gov,elegant emarginula,Encountered,71356
NMFS AFSC GAP Survey,Diodora aspera,Emily Markowtiz,emily.markowitz@noaa.gov,NA,Encountered,71357
NMFS AFSC GAP Survey,Crepidula sp.,Emily Markowtiz,emily.markowitz@noaa.gov,slipper shell,Encountered,71640
NMFS AFSC GAP Survey,Grandicrepidula grandis,Emily Markowtiz,emily.markowitz@noaa.gov,great slippersnail,Encountered,71681
NMFS AFSC GAP Survey,NA,Emily Markowtiz,emily.markowitz@noaa.gov,whelk unid.,Encountered,71700
NMFS AFSC GAP Survey,Sulcosinus carinatus,Emily Markowtiz,emily.markowitz@noaa.gov,Aleutian sulcated whelk,Encountered,71702
NMFS AFSC GAP Survey,Colus sp.,Emily Markowtiz,emily.markowitz@noaa.gov,NA,Encountered,71710
NMFS AFSC GAP Survey,Colus pulcius,Emily Markowtiz,emily.markowitz@noaa.gov,NA,Encountered,71713
NMFS AFSC GAP Survey,Anomalisipho acosmius,Emily Markowtiz,emily.markowitz@noaa.gov,NA,Encountered,71714
NMFS AFSC GAP Survey,Aulacofusus calathus,Emily Markowtiz,emily.markowitz@noaa.gov,NA,Encountered,71715
NMFS AFSC GAP Survey,Anomalisipho martensi,Emily Markowtiz,emily.markowitz@noaa.gov,NA,Encountered,71716
NMFS AFSC GAP Survey,Aulacofusus periscelidus,Emily Markowtiz,emily.markowitz@noaa.gov,garter whelk,Encountered,71718
NMFS AFSC GAP Survey,Latisipho jordani,Emily Markowtiz,emily.markowitz@noaa.gov,NA,Encountered,71719
NMFS AFSC GAP Survey,Colus sabini,Emily Markowtiz,emily.markowitz@noaa.gov,NA,Encountered,71720
NMFS AFSC GAP Survey,Aulacofusus herendeeni,Emily Markowtiz,emily.markowitz@noaa.gov,thin-ribbed whelk,Encountered,71721
NMFS AFSC GAP Survey,Latisipho hypolispus,Emily Markowtiz,emily.markowitz@noaa.gov,NA,Encountered,71722
NMFS AFSC GAP Survey,Aulacofusus ombronius,Emily Markowtiz,emily.markowitz@noaa.gov,shady whelk,Encountered,71723
NMFS AFSC GAP Survey,Retifusus roseus,Emily Markowtiz,emily.markowitz@noaa.gov,rosy whelk,Encountered,71724
NMFS AFSC GAP Survey,Aulacofusus esychus,Emily Markowtiz,emily.markowitz@noaa.gov,NA,Encountered,71725
NMFS AFSC GAP Survey,Aulacofusus brevicauda,Emily Markowtiz,emily.markowitz@noaa.gov,thick-ribbed whelk,Encountered,71726
NMFS AFSC GAP Survey,Latisipho georgianus,Emily Markowtiz,emily.markowitz@noaa.gov,NA,Encountered,71727
NMFS AFSC GAP Survey,Latisipho tahwitanus,Emily Markowtiz,emily.markowitz@noaa.gov,NA,Encountered,71728
NMFS AFSC GAP Survey,Latisipho aphelus,Emily Markowtiz,emily.markowitz@noaa.gov,oblique whelk,Encountered,71730
NMFS AFSC GAP Survey,Latisipho hallii,Emily Markowtiz,emily.markowitz@noaa.gov,shrew whelk,Encountered,71731
NMFS AFSC GAP Survey,Anomalisipho verkruezeni,Emily Markowtiz,emily.markowitz@noaa.gov,NA,Encountered,71732
NMFS AFSC GAP Survey,Puncturella longifissa,Emily Markowtiz,emily.markowitz@noaa.gov,long-slot Puncturella,Encountered,71358
NMFS AFSC GAP Survey,Acmaea sp.,Emily Markowtiz,emily.markowitz@noaa.gov,NA,Encountered,71400
NMFS AFSC GAP Survey,NA,Emily Markowtiz,emily.markowitz@noaa.gov,limpet unid.,Encountered,71405
NMFS AFSC GAP Survey,Lottiidae,Emily Markowtiz,emily.markowitz@noaa.gov,thumbnails,Encountered,71406
NMFS AFSC GAP Survey,Gastropoda,Emily Markowtiz,emily.markowitz@noaa.gov,snail unid.,Encountered,71500
NMFS AFSC GAP Survey,Carinariidae,Emily Markowtiz,emily.markowitz@noaa.gov,NA,Encountered,71501
NMFS AFSC GAP Survey,Asterophila japonica,Emily Markowtiz,emily.markowitz@noaa.gov,NA,Encountered,71504
NMFS AFSC GAP Survey,Naticidae,Emily Markowtiz,emily.markowitz@noaa.gov,moonsnail,Encountered,71510
NMFS AFSC GAP Survey,Naticidae egg,Emily Markowtiz,emily.markowitz@noaa.gov,moonsnail egg unid.,Encountered,71511
NMFS AFSC GAP Survey,Cryptonatica russa egg,Emily Markowtiz,emily.markowitz@noaa.gov,NA,Encountered,71512
NMFS AFSC GAP Survey,Bulbus fragilis,Emily Markowtiz,emily.markowitz@noaa.gov,fragile moonsnail,Encountered,71515
NMFS AFSC GAP Survey,Euspira monterona,Emily Markowtiz,emily.markowitz@noaa.gov,NA,Encountered,71517
NMFS AFSC GAP Survey,Eulima sp.,Emily Markowtiz,emily.markowitz@noaa.gov,eulimas,Encountered,71519
NMFS AFSC GAP Survey,Amauropsis islandica,Emily Markowtiz,emily.markowitz@noaa.gov,purple moon snail,Encountered,71520
NMFS AFSC GAP Survey,Cryptonatica sp.,Emily Markowtiz,emily.markowitz@noaa.gov,NA,Encountered,71524
NMFS AFSC GAP Survey,Natica sp.,Emily Markowtiz,emily.markowitz@noaa.gov,NA,Encountered,71525
NMFS AFSC GAP Survey,Cryptonatica affinis,Emily Markowtiz,emily.markowitz@noaa.gov,Arctic moonsnail,Encountered,71526
NMFS AFSC GAP Survey,Cryptonatica aleutica,Emily Markowtiz,emily.markowitz@noaa.gov,Aleutian moonsnail,Encountered,71535
NMFS AFSC GAP Survey,Cryptonatica russa,Emily Markowtiz,emily.markowitz@noaa.gov,rusty moonsnail,Encountered,71537
NMFS AFSC GAP Survey,Muricidae,Emily Markowtiz,emily.markowitz@noaa.gov,NA,Encountered,71540
NMFS AFSC GAP Survey,Nucella canaliculata,Emily Markowtiz,emily.markowitz@noaa.gov,channelled dogwinkle,Encountered,71541
NMFS AFSC GAP Survey,Nucella lamellosa,Emily Markowtiz,emily.markowitz@noaa.gov,frilled dogwinkle,Encountered,71542
NMFS AFSC GAP Survey,Amphissa columbiana,Emily Markowtiz,emily.markowitz@noaa.gov,wrinkled Amphissa,Encountered,71546
NMFS AFSC GAP Survey,Amphissa reticulata,Emily Markowtiz,emily.markowitz@noaa.gov,NA,Encountered,71547
NMFS AFSC GAP Survey,Amphissa versicolor,Emily Markowtiz,emily.markowitz@noaa.gov,variegate Amphissa,Encountered,71548
NMFS AFSC GAP Survey,Mitrella gausapata,Emily Markowtiz,emily.markowitz@noaa.gov,NA,Encountered,71551
NMFS AFSC GAP Survey,Astyris elegans,Emily Markowtiz,emily.markowitz@noaa.gov,elegant dove snail,Encountered,71552
NMFS AFSC GAP Survey,Neverita lewisii,Emily Markowtiz,emily.markowitz@noaa.gov,Lewis moonsnail,Encountered,71570
NMFS AFSC GAP Survey,Euspira sp.,Emily Markowtiz,emily.markowitz@noaa.gov,NA,Encountered,71575
NMFS AFSC GAP Survey,Euspira pallida,Emily Markowtiz,emily.markowitz@noaa.gov,pale moonsnail,Encountered,71580
NMFS AFSC GAP Survey,Lamellariinae,Emily Markowtiz,emily.markowitz@noaa.gov,lamellarid unid.,Encountered,71583
NMFS AFSC GAP Survey,Lamellaria sp.,Emily Markowtiz,emily.markowitz@noaa.gov,NA,Encountered,71584
NMFS AFSC GAP Survey,Onchidiopsis glacialis,Emily Markowtiz,emily.markowitz@noaa.gov,icy lamellaria,Encountered,71585
NMFS AFSC GAP Survey,Piliscus commodus,Emily Markowtiz,emily.markowitz@noaa.gov,widemouth lamellaria,Encountered,71586
NMFS AFSC GAP Survey,Onchidiopsis sp. A (Clark and McLean),Emily Markowtiz,emily.markowitz@noaa.gov,NA,Encountered,71587
NMFS AFSC GAP Survey,Onchidiopsis brevipes,Emily Markowtiz,emily.markowitz@noaa.gov,NA,Encountered,71588
NMFS AFSC GAP Survey,Onchidiopsis clarki,Emily Markowtiz,emily.markowitz@noaa.gov,warty blobsnail,Encountered,71589
NMFS AFSC GAP Survey,Onchidiopsis sp.,Emily Markowtiz,emily.markowitz@noaa.gov,NA,Encountered,71590
NMFS AFSC GAP Survey,Lamellaria sp. A (Clark and McLean),Emily Markowtiz,emily.markowitz@noaa.gov,NA,Encountered,71591
NMFS AFSC GAP Survey,Lamellaria sp. B (Clark and McLean),Emily Markowtiz,emily.markowitz@noaa.gov,NA,Encountered,71592
NMFS AFSC GAP Survey,Lamellaria sp. C (Clark and McLean),Emily Markowtiz,emily.markowitz@noaa.gov,NA,Encountered,71593
NMFS AFSC GAP Survey,Lamellaria sp. D (Clark and McLean),Emily Markowtiz,emily.markowitz@noaa.gov,NA,Encountered,71594
NMFS AFSC GAP Survey,Lamellaria sp. E (Clark and McLean),Emily Markowtiz,emily.markowitz@noaa.gov,NA,Encountered,71595
NMFS AFSC GAP Survey,Lamellaria sp. F (McLean and Clark),Emily Markowtiz,emily.markowitz@noaa.gov,white lamellarid,Encountered,71596
NMFS AFSC GAP Survey,Onchidiopsis carnea,Emily Markowtiz,emily.markowitz@noaa.gov,NA,Encountered,71597
NMFS AFSC GAP Survey,Onchidiopsis maculata,Emily Markowtiz,emily.markowitz@noaa.gov,NA,Encountered,71598
NMFS AFSC GAP Survey,Tachyrhynchus sp.,Emily Markowtiz,emily.markowitz@noaa.gov,NA,Encountered,71631
NMFS AFSC GAP Survey,Tachyrhynchus erosus,Emily Markowtiz,emily.markowitz@noaa.gov,eroded turretsnail,Encountered,71634
NMFS AFSC GAP Survey,Tachyrhynchus reticulatus,Emily Markowtiz,emily.markowitz@noaa.gov,reticulated turretsnail,Encountered,71635
NMFS AFSC GAP Survey,Turritella sp.,Emily Markowtiz,emily.markowitz@noaa.gov,NA,Encountered,71636
NMFS AFSC GAP Survey,Calyptraeidae,Emily Markowtiz,emily.markowitz@noaa.gov,slippersnails,Encountered,71639
NMFS AFSC GAP Survey,Sternostylus iaspis,Emily Markowtiz,emily.markowitz@noaa.gov,thorny pinch bug,Encountered,69555
NMFS AFSC GAP Survey,Grimothea quadrispina,Emily Markowtiz,emily.markowitz@noaa.gov,pinchbug,Encountered,69556
NMFS AFSC GAP Survey,Albuneidae,Emily Markowtiz,emily.markowitz@noaa.gov,mole crab,Encountered,69557
NMFS AFSC GAP Survey,Polycheles sp.,Emily Markowtiz,emily.markowitz@noaa.gov,NA,Encountered,69559
NMFS AFSC GAP Survey,Stereomastis sculpta,Emily Markowtiz,emily.markowitz@noaa.gov,deep-sea lobster,Encountered,69560
NMFS AFSC GAP Survey,Lophaxius investigatoris,Emily Markowtiz,emily.markowitz@noaa.gov,NA,Encountered,69642
NMFS AFSC GAP Survey,Callianassa sp.,Emily Markowtiz,emily.markowitz@noaa.gov,NA,Encountered,69650
NMFS AFSC GAP Survey,Neotrypaea gigas,Emily Markowtiz,emily.markowitz@noaa.gov,giant ghost shrimp,Encountered,69651
NMFS AFSC GAP Survey,Callianopsis goniophthalma,Emily Markowtiz,emily.markowitz@noaa.gov,NA,Encountered,69652
NMFS AFSC GAP Survey,Neotrypaea californiensis,Emily Markowtiz,emily.markowitz@noaa.gov,ghost shrimp,Encountered,69653
NMFS AFSC GAP Survey,Upogebia pugettensis,Emily Markowtiz,emily.markowitz@noaa.gov,blue mud shrimp,Encountered,69655
NMFS AFSC GAP Survey,Pycnogonida,Emily Markowtiz,emily.markowitz@noaa.gov,sea spider unid.,Encountered,69900
NMFS AFSC GAP Survey,Hedgpethia sp.,Emily Markowtiz,emily.markowitz@noaa.gov,NA,Encountered,69905
NMFS AFSC GAP Survey,Colossendeis sp.,Emily Markowtiz,emily.markowitz@noaa.gov,NA,Encountered,69910
NMFS AFSC GAP Survey,Hedgpethia dofleini,Emily Markowtiz,emily.markowitz@noaa.gov,NA,Encountered,69911
NMFS AFSC GAP Survey,Colossendeis microsetosa,Emily Markowtiz,emily.markowitz@noaa.gov,NA,Encountered,69912
NMFS AFSC GAP Survey,Nymphon sp.,Emily Markowtiz,emily.markowitz@noaa.gov,NA,Encountered,69920
NMFS AFSC GAP Survey,Pycnogonum sp.,Emily Markowtiz,emily.markowitz@noaa.gov,NA,Encountered,69930
NMFS AFSC GAP Survey,Mollusca,Emily Markowtiz,emily.markowitz@noaa.gov,mollusk unid.,Encountered,70000
NMFS AFSC GAP Survey,Aplacophora,Emily Markowtiz,emily.markowitz@noaa.gov,NA,Encountered,70049
NMFS AFSC GAP Survey,Neomeniomorpha,Emily Markowtiz,emily.markowitz@noaa.gov,solenogaster unidentified,Encountered,70050
NMFS AFSC GAP Survey,Neomenia sp.,Emily Markowtiz,emily.markowitz@noaa.gov,NA,Encountered,70060
NMFS AFSC GAP Survey,Neomenia cf. yamamotoi (Clark 2006),Emily Markowtiz,emily.markowitz@noaa.gov,NA,Encountered,70062
NMFS AFSC GAP Survey,Polyplacophora,Emily Markowtiz,emily.markowitz@noaa.gov,chiton unid.,Encountered,70100
NMFS AFSC GAP Survey,Cryptochiton stelleri,Emily Markowtiz,emily.markowitz@noaa.gov,giant Pacific chiton,Encountered,70108
NMFS AFSC GAP Survey,Stenosemus golikovi,Emily Markowtiz,emily.markowitz@noaa.gov,NA,Encountered,70109
NMFS AFSC GAP Survey,Tripoplax trifida,Emily Markowtiz,emily.markowitz@noaa.gov,grooved chiton,Encountered,70110
NMFS AFSC GAP Survey,Tripoplax beringiana,Emily Markowtiz,emily.markowitz@noaa.gov,deepsea chiton,Encountered,70111
NMFS AFSC GAP Survey,Tripoplax abyssicola,Emily Markowtiz,emily.markowitz@noaa.gov,Bering chiton,Encountered,70112
NMFS AFSC GAP Survey,Lepidozona sp.,Emily Markowtiz,emily.markowitz@noaa.gov,NA,Encountered,70113
NMFS AFSC GAP Survey,Lepidozona retiporosa,Emily Markowtiz,emily.markowitz@noaa.gov,NA,Encountered,70114
NMFS AFSC GAP Survey,Amicula vestita,Emily Markowtiz,emily.markowitz@noaa.gov,NA,Encountered,70115
NMFS AFSC GAP Survey,Placiphorella sp.,Emily Markowtiz,emily.markowitz@noaa.gov,NA,Encountered,70119
NMFS AFSC GAP Survey,Placiphorella pacifica,Emily Markowtiz,emily.markowitz@noaa.gov,NA,Encountered,70122
NMFS AFSC GAP Survey,Placiphorella rufa,Emily Markowtiz,emily.markowitz@noaa.gov,NA,Encountered,70123
NMFS AFSC GAP Survey,Leptochiton sp.,Emily Markowtiz,emily.markowitz@noaa.gov,NA,Encountered,70124
NMFS AFSC GAP Survey,Belknapchiton alveolus,Emily Markowtiz,emily.markowitz@noaa.gov,NA,Encountered,70125
NMFS AFSC GAP Survey,Mopalia swanii,Emily Markowtiz,emily.markowitz@noaa.gov,NA,Encountered,70126
NMFS AFSC GAP Survey,Belknapchiton belknapi,Emily Markowtiz,emily.markowitz@noaa.gov,NA,Encountered,70127
NMFS AFSC GAP Survey,Tonicella sp.,Emily Markowtiz,emily.markowitz@noaa.gov,Tonicella chitons,Encountered,70134
NMFS AFSC GAP Survey,Tonicella insignis,Emily Markowtiz,emily.markowitz@noaa.gov,NA,Encountered,70135
NMFS AFSC GAP Survey,Mopalia egretta,Emily Markowtiz,emily.markowitz@noaa.gov,NA,Encountered,70140
NMFS AFSC GAP Survey,Stenosemus albus,Emily Markowtiz,emily.markowitz@noaa.gov,northern white chiton,Encountered,70150
NMFS AFSC GAP Survey,Stenosemus sharpii,Emily Markowtiz,emily.markowitz@noaa.gov,NA,Encountered,70151
NMFS AFSC GAP Survey,Neptunea gyroscopoides,Emily Markowtiz,emily.markowitz@noaa.gov,NA,Encountered,70871
NMFS AFSC GAP Survey,Gastropoda egg,Emily Markowtiz,emily.markowitz@noaa.gov,snail egg,Encountered,71001
NMFS AFSC GAP Survey,Buccinum sp. egg,Emily Markowtiz,emily.markowitz@noaa.gov,NA,Encountered,71002
NMFS AFSC GAP Survey,Colus barbarinus,Emily Markowtiz,emily.markowitz@noaa.gov,NA,Encountered,71733
NMFS AFSC GAP Survey,Aulacofusus trophius,Emily Markowtiz,emily.markowitz@noaa.gov,NA,Encountered,71734
NMFS AFSC GAP Survey,Habevolutopsius attenuatus,Emily Markowtiz,emily.markowitz@noaa.gov,attenuate melon whelk,Encountered,71739
NMFS AFSC GAP Survey,Japelion sp.,Emily Markowtiz,emily.markowitz@noaa.gov,NA,Encountered,71741
NMFS AFSC GAP Survey,Boreancistrolepis excelsus,Emily Markowtiz,emily.markowitz@noaa.gov,NA,Encountered,71742
NMFS AFSC GAP Survey,Japelion sp. B,Emily Markowtiz,emily.markowitz@noaa.gov,NA,Encountered,71743
NMFS AFSC GAP Survey,Laevisipho galaxaios,Emily Markowtiz,emily.markowitz@noaa.gov,NA,Encountered,71745
NMFS AFSC GAP Survey,Laevisipho kessleri,Emily Markowtiz,emily.markowitz@noaa.gov,NA,Encountered,71746
NMFS AFSC GAP Survey,Pyrulofusus sp.,Emily Markowtiz,emily.markowitz@noaa.gov,NA,Encountered,71747
NMFS AFSC GAP Survey,Habevolutopsius hirasei,Emily Markowtiz,emily.markowitz@noaa.gov,NA,Encountered,71748
NMFS AFSC GAP Survey,Pyrulofusus dexius,Emily Markowtiz,emily.markowitz@noaa.gov,NA,Encountered,71749
NMFS AFSC GAP Survey,Volutopsius sp.,Emily Markowtiz,emily.markowitz@noaa.gov,NA,Encountered,71750
NMFS AFSC GAP Survey,Volutopsius sp. eggs,Emily Markowtiz,emily.markowitz@noaa.gov,NA,Encountered,71751
NMFS AFSC GAP Survey,Pyrulofusus sp. eggs,Emily Markowtiz,emily.markowitz@noaa.gov,NA,Encountered,71752
NMFS AFSC GAP Survey,Pyrulofusus deformis,Emily Markowtiz,emily.markowitz@noaa.gov,warped whelk,Encountered,71753
NMFS AFSC GAP Survey,Pyrulofusus deformis egg,Emily Markowtiz,emily.markowitz@noaa.gov,warped whelk egg,Encountered,71754
NMFS AFSC GAP Survey,Pyrulofusus harpa,Emily Markowtiz,emily.markowitz@noaa.gov,left-hand whelk,Encountered,71755
NMFS AFSC GAP Survey,Volutopsius fragilis,Emily Markowtiz,emily.markowitz@noaa.gov,fragile whelk,Encountered,71756
NMFS AFSC GAP Survey,Volutopsius regularis,Emily Markowtiz,emily.markowitz@noaa.gov,regular whelk,Encountered,71757
NMFS AFSC GAP Survey,Volutopsius fragilis egg,Emily Markowtiz,emily.markowitz@noaa.gov,fragile whelk egg,Encountered,71758
NMFS AFSC GAP Survey,Volutopsius castaneus,Emily Markowtiz,emily.markowitz@noaa.gov,volute whelk,Encountered,71760
NMFS AFSC GAP Survey,Pyrulofusus melonis,Emily Markowtiz,emily.markowitz@noaa.gov,NA,Encountered,71761
NMFS AFSC GAP Survey,Volutopsius simplex,Emily Markowtiz,emily.markowitz@noaa.gov,simple whelk,Encountered,71762
NMFS AFSC GAP Survey,Volutopsius stefanssoni,Emily Markowtiz,emily.markowitz@noaa.gov,shouldered whelk,Encountered,71763
NMFS AFSC GAP Survey,Volutopsius middendorffi,Emily Markowtiz,emily.markowitz@noaa.gov,tulip whelk,Encountered,71764
NMFS AFSC GAP Survey,Volutopsius trophonius,Emily Markowtiz,emily.markowitz@noaa.gov,frilled whelk,Encountered,71765
NMFS AFSC GAP Survey,Volutopsius pallidus,Emily Markowtiz,emily.markowitz@noaa.gov,NA,Encountered,71766
NMFS AFSC GAP Survey,Crebrivolutopsius labidentatus,Emily Markowtiz,emily.markowitz@noaa.gov,NA,Encountered,71767
NMFS AFSC GAP Survey,Volutopsius nanus,Emily Markowtiz,emily.markowitz@noaa.gov,NA,Encountered,71768
NMFS AFSC GAP Survey,Beringius sp.,Emily Markowtiz,emily.markowitz@noaa.gov,NA,Encountered,71769
NMFS AFSC GAP Survey,Beringius kennicottii,Emily Markowtiz,emily.markowitz@noaa.gov,NA,Encountered,71770
NMFS AFSC GAP Survey,Neoberingius frielei,Emily Markowtiz,emily.markowitz@noaa.gov,NA,Encountered,71771
NMFS AFSC GAP Survey,Beringius behringii,Emily Markowtiz,emily.markowitz@noaa.gov,Bering beringius,Encountered,71772
NMFS AFSC GAP Survey,Aleutijapelion aleuticus,Emily Markowtiz,emily.markowitz@noaa.gov,NA,Encountered,71773
NMFS AFSC GAP Survey,Beringius stimpsoni,Emily Markowtiz,emily.markowitz@noaa.gov,NA,Encountered,71774
NMFS AFSC GAP Survey,Beringius crebricostatus,Emily Markowtiz,emily.markowitz@noaa.gov,thick-cord whelk,Encountered,71775
NMFS AFSC GAP Survey,Beringius undatus,Emily Markowtiz,emily.markowitz@noaa.gov,NA,Encountered,71776
NMFS AFSC GAP Survey,Beringius sp. eggs,Emily Markowtiz,emily.markowitz@noaa.gov,NA,Encountered,71777
NMFS AFSC GAP Survey,Neptunea baxteri,Emily Markowtiz,emily.markowitz@noaa.gov,Baxter Beringius,Encountered,71778
NMFS AFSC GAP Survey,Beringius bisulcatus,Emily Markowtiz,emily.markowitz@noaa.gov,two-channeled Beringius,Encountered,71779
NMFS AFSC GAP Survey,Beringius eyerdami,Emily Markowtiz,emily.markowitz@noaa.gov,NA,Encountered,71780
NMFS AFSC GAP Survey,Beringius incisus,Emily Markowtiz,emily.markowitz@noaa.gov,NA,Encountered,71781
NMFS AFSC GAP Survey,Beringius aurulentus,Emily Markowtiz,emily.markowitz@noaa.gov,NA,Encountered,71782
NMFS AFSC GAP Survey,Exiloberingius fragilis,Emily Markowtiz,emily.markowitz@noaa.gov,NA,Encountered,71783
NMFS AFSC GAP Survey,Beringius undataformis,Emily Markowtiz,emily.markowitz@noaa.gov,NA,Encountered,71784
NMFS AFSC GAP Survey,Beringius amliensis,Emily Markowtiz,emily.markowitz@noaa.gov,NA,Encountered,71785
NMFS AFSC GAP Survey,Beringius sp. G (McLean and Clark),Emily Markowtiz,emily.markowitz@noaa.gov,NA,Encountered,71786
NMFS AFSC GAP Survey,Neptunea dominator,Emily Markowtiz,emily.markowitz@noaa.gov,NA,Encountered,71788
NMFS AFSC GAP Survey,Beringius nearensis,Emily Markowtiz,emily.markowitz@noaa.gov,NA,Encountered,71789
NMFS AFSC GAP Survey,Neoberingius sp.,Emily Markowtiz,emily.markowitz@noaa.gov,NA,Encountered,71790
NMFS AFSC GAP Survey,Beringius sp. J (McLean and Clark),Emily Markowtiz,emily.markowitz@noaa.gov,NA,Encountered,71792
NMFS AFSC GAP Survey,Beringius sp. K (McLean and Clark),Emily Markowtiz,emily.markowitz@noaa.gov,NA,Encountered,71793
NMFS AFSC GAP Survey,Beringius marshalli,Emily Markowtiz,emily.markowitz@noaa.gov,Marshall's neptune,Encountered,71794
NMFS AFSC GAP Survey,Calinaticina oldroydii,Emily Markowtiz,emily.markowitz@noaa.gov,NA,Encountered,71795
NMFS AFSC GAP Survey,Scabrotrophon rossicus,Emily Markowtiz,emily.markowitz@noaa.gov,NA,Encountered,72396
NMFS AFSC GAP Survey,Scabrotrophon densicostatus,Emily Markowtiz,emily.markowitz@noaa.gov,NA,Encountered,72397
NMFS AFSC GAP Survey,Scabrotrophon scarlatoi,Emily Markowtiz,emily.markowitz@noaa.gov,NA,Encountered,72398
NMFS AFSC GAP Survey,Scabrotrophon sp.,Emily Markowtiz,emily.markowitz@noaa.gov,NA,Encountered,72399
NMFS AFSC GAP Survey,Boreotrophon beringi,Emily Markowtiz,emily.markowitz@noaa.gov,Bering trophon,Encountered,72401
NMFS AFSC GAP Survey,Boreotrophon alaskanus,Emily Markowtiz,emily.markowitz@noaa.gov,Alaskan trophon,Encountered,72402
NMFS AFSC GAP Survey,Nodulotrophon coronatus,Emily Markowtiz,emily.markowitz@noaa.gov,NA,Encountered,72403
NMFS AFSC GAP Survey,Boreotrophon rotundatus,Emily Markowtiz,emily.markowitz@noaa.gov,rotund trophon,Encountered,72404
NMFS AFSC GAP Survey,Warenia elegantula,Emily Markowtiz,emily.markowitz@noaa.gov,NA,Encountered,72405
NMFS AFSC GAP Survey,Boreotrophon clathratus,Emily Markowtiz,emily.markowitz@noaa.gov,clathrate trophon,Encountered,72406
NMFS AFSC GAP Survey,Scabrotrophon stuarti,Emily Markowtiz,emily.markowitz@noaa.gov,winged trophon,Encountered,72407
NMFS AFSC GAP Survey,Boreotrophon kamchatkanus,Emily Markowtiz,emily.markowitz@noaa.gov,Kamchatka trophon,Encountered,72408
NMFS AFSC GAP Survey,Boreotrophon multicostatus,Emily Markowtiz,emily.markowitz@noaa.gov,ribbed trophon,Encountered,72409
NMFS AFSC GAP Survey,Boreotrophon sp.,Emily Markowtiz,emily.markowitz@noaa.gov,NA,Encountered,72420
NMFS AFSC GAP Survey,Boreotrophon pacificus,Emily Markowtiz,emily.markowitz@noaa.gov,NA,Encountered,72421
NMFS AFSC GAP Survey,Ceratostoma foliatum,Emily Markowtiz,emily.markowitz@noaa.gov,foliate thornmouth,Encountered,72423
NMFS AFSC GAP Survey,Nipponotrophon exquisitus,Emily Markowtiz,emily.markowitz@noaa.gov,NA,Encountered,72436
NMFS AFSC GAP Survey,Fusitriton oregonensis,Emily Markowtiz,emily.markowitz@noaa.gov,Oregon triton,Encountered,72500
NMFS AFSC GAP Survey,Fusitriton sp.,Emily Markowtiz,emily.markowitz@noaa.gov,NA,Encountered,72501
NMFS AFSC GAP Survey,Trochidae,Emily Markowtiz,emily.markowitz@noaa.gov,trochid unid.,Encountered,72510
NMFS AFSC GAP Survey,Calliostoma sp.,Emily Markowtiz,emily.markowitz@noaa.gov,NA,Encountered,72511
NMFS AFSC GAP Survey,Akoya platinum,Emily Markowtiz,emily.markowitz@noaa.gov,silvery topsnail,Encountered,72512
NMFS AFSC GAP Survey,Calliostoma variegatum,Emily Markowtiz,emily.markowitz@noaa.gov,NA,Encountered,72514
NMFS AFSC GAP Survey,Volutharpa ampullacea,Emily Markowtiz,emily.markowitz@noaa.gov,paper whelk,Encountered,71798
NMFS AFSC GAP Survey,Neptunea sp.,Emily Markowtiz,emily.markowitz@noaa.gov,NA,Encountered,71800
NMFS AFSC GAP Survey,Neptunea ventricosa egg,Emily Markowtiz,emily.markowitz@noaa.gov,fat whelk egg,Encountered,71801
NMFS AFSC GAP Survey,Neptunea phoenicea,Emily Markowtiz,emily.markowitz@noaa.gov,NA,Encountered,71802
NMFS AFSC GAP Survey,Neptunea meridionalis,Emily Markowtiz,emily.markowitz@noaa.gov,NA,Encountered,71803
NMFS AFSC GAP Survey,Neptunea amianta,Emily Markowtiz,emily.markowitz@noaa.gov,white neptune,Encountered,71810
NMFS AFSC GAP Survey,Neptunea smirnia,Emily Markowtiz,emily.markowitz@noaa.gov,NA,Encountered,71811
NMFS AFSC GAP Survey,Cartilagovelutina beringensis,Emily Markowtiz,emily.markowitz@noaa.gov,NA,Encountered,71812
NMFS AFSC GAP Survey,Neptunea pribiloffensis,Emily Markowtiz,emily.markowitz@noaa.gov,Pribilof whelk,Encountered,71820
NMFS AFSC GAP Survey,Neptunea tabulata,Emily Markowtiz,emily.markowitz@noaa.gov,tabled whelk,Encountered,71822
NMFS AFSC GAP Survey,Neptunea borealis,Emily Markowtiz,emily.markowitz@noaa.gov,NA,Encountered,71835
NMFS AFSC GAP Survey,Neptunea middendorffiana,Emily Markowtiz,emily.markowitz@noaa.gov,NA,Encountered,71840
NMFS AFSC GAP Survey,Neptunea eulimata,Emily Markowtiz,emily.markowitz@noaa.gov,NA,Encountered,71850
NMFS AFSC GAP Survey,Neptunea stilesi,Emily Markowtiz,emily.markowitz@noaa.gov,NA,Encountered,71866
NMFS AFSC GAP Survey,Neptunea lyrata,Emily Markowtiz,emily.markowitz@noaa.gov,lyre whelk,Encountered,71870
NMFS AFSC GAP Survey,Neptunea ithia,Emily Markowtiz,emily.markowitz@noaa.gov,NA,Encountered,71881
NMFS AFSC GAP Survey,Neptunea ventricosa,Emily Markowtiz,emily.markowitz@noaa.gov,fat whelk,Encountered,71882
NMFS AFSC GAP Survey,Neptunea insularis,Emily Markowtiz,emily.markowitz@noaa.gov,NA,Encountered,71883
NMFS AFSC GAP Survey,Neptunea heros,Emily Markowtiz,emily.markowitz@noaa.gov,NA,Encountered,71884
NMFS AFSC GAP Survey,Neptunea sp. E (Clark and McLean),Emily Markowtiz,emily.markowitz@noaa.gov,NA,Encountered,71885
NMFS AFSC GAP Survey,Clinopegma magnum,Emily Markowtiz,emily.markowitz@noaa.gov,helmet whelk,Encountered,71886
NMFS AFSC GAP Survey,Neptunea aleutica,Emily Markowtiz,emily.markowitz@noaa.gov,NA,Encountered,71887
NMFS AFSC GAP Survey,Neptunea vesteraalen,Emily Markowtiz,emily.markowitz@noaa.gov,NA,Encountered,71888
NMFS AFSC GAP Survey,Neptunea petrelensis,Emily Markowtiz,emily.markowitz@noaa.gov,NA,Encountered,71889
NMFS AFSC GAP Survey,Plicifusus sp.,Emily Markowtiz,emily.markowitz@noaa.gov,NA,Encountered,71890
NMFS AFSC GAP Survey,Plicifusus kroyeri,Emily Markowtiz,emily.markowitz@noaa.gov,NA,Encountered,71891
NMFS AFSC GAP Survey,Plicifusus olivaceus,Emily Markowtiz,emily.markowitz@noaa.gov,NA,Encountered,71892
NMFS AFSC GAP Survey,Retifusus jessoensis,Emily Markowtiz,emily.markowitz@noaa.gov,brown whelk,Encountered,71893
NMFS AFSC GAP Survey,Colus verkruezeni,Emily Markowtiz,emily.markowitz@noaa.gov,NA,Encountered,71894
NMFS AFSC GAP Survey,Plicifusus rodgersi,Emily Markowtiz,emily.markowitz@noaa.gov,NA,Encountered,71895
NMFS AFSC GAP Survey,Plicifusus oceanodromae,Emily Markowtiz,emily.markowitz@noaa.gov,seahorse whelk,Encountered,71896
NMFS AFSC GAP Survey,Retifusus virens,Emily Markowtiz,emily.markowitz@noaa.gov,NA,Encountered,71897
NMFS AFSC GAP Survey,Volutopsius stejnegeri,Emily Markowtiz,emily.markowitz@noaa.gov,NA,Encountered,71898
NMFS AFSC GAP Survey,Plicifusus sp. A (Clark and McLean),Emily Markowtiz,emily.markowitz@noaa.gov,NA,Encountered,71899
NMFS AFSC GAP Survey,Colus griseus,Emily Markowtiz,emily.markowitz@noaa.gov,gray whelk,Encountered,71900
NMFS AFSC GAP Survey,Sulcosinus taphrium,Emily Markowtiz,emily.markowitz@noaa.gov,sulcated whelk,Encountered,71901
NMFS AFSC GAP Survey,Plicifusus johanseni,Emily Markowtiz,emily.markowitz@noaa.gov,NA,Encountered,71902
NMFS AFSC GAP Survey,Exilioidea rectirostris,Emily Markowtiz,emily.markowitz@noaa.gov,NA,Encountered,71904
NMFS AFSC GAP Survey,Exilioidea kelseyi,Emily Markowtiz,emily.markowitz@noaa.gov,NA,Encountered,71905
NMFS AFSC GAP Survey,Retimohnia robusta,Emily Markowtiz,emily.markowitz@noaa.gov,NA,Encountered,71906
NMFS AFSC GAP Survey,Liomesus sp.,Emily Markowtiz,emily.markowitz@noaa.gov,NA,Encountered,71910
NMFS AFSC GAP Survey,Pseudoliomesus ooides,Emily Markowtiz,emily.markowitz@noaa.gov,egg whelk,Encountered,71911
NMFS AFSC GAP Survey,Pseudoliomesus canaliculatus,Emily Markowtiz,emily.markowitz@noaa.gov,NA,Encountered,71912
NMFS AFSC GAP Survey,Pseudoliomesus nassula,Emily Markowtiz,emily.markowitz@noaa.gov,basket whelk,Encountered,71913
NMFS AFSC GAP Survey,Neptunea sp. D (Clark and McLean),Emily Markowtiz,emily.markowitz@noaa.gov,NA,Encountered,71915
NMFS AFSC GAP Survey,Neptunea alexeyevi,Emily Markowtiz,emily.markowitz@noaa.gov,sinuous neptune,Encountered,71916
NMFS AFSC GAP Survey,Neptunea sp. G (Clark and McLean),Emily Markowtiz,emily.markowitz@noaa.gov,NA,Encountered,71917
NMFS AFSC GAP Survey,Aulacofusus tanagaensis,Emily Markowtiz,emily.markowitz@noaa.gov,NA,Encountered,71925
NMFS AFSC GAP Survey,Aulacofusus canaliculatus,Emily Markowtiz,emily.markowitz@noaa.gov,NA,Encountered,71926
NMFS AFSC GAP Survey,Ancistrolepis sp.,Emily Markowtiz,emily.markowitz@noaa.gov,NA,Encountered,71960
NMFS AFSC GAP Survey,Antiplanes sp.,Emily Markowtiz,emily.markowitz@noaa.gov,NA,Encountered,72019
NMFS AFSC GAP Survey,Antiplanes catalinae,Emily Markowtiz,emily.markowitz@noaa.gov,NA,Encountered,72020
NMFS AFSC GAP Survey,Antiplanes thalaea,Emily Markowtiz,emily.markowitz@noaa.gov,NA,Encountered,72021
NMFS AFSC GAP Survey,Antiplanes piona,Emily Markowtiz,emily.markowitz@noaa.gov,NA,Encountered,72022
NMFS AFSC GAP Survey,Antiplanes vinosa,Emily Markowtiz,emily.markowitz@noaa.gov,NA,Encountered,72023
NMFS AFSC GAP Survey,Antiplanes sp. A (Clark and McLean),Emily Markowtiz,emily.markowitz@noaa.gov,NA,Encountered,72024
NMFS AFSC GAP Survey,Rectiplanes sp. A (Clark and McLean),Emily Markowtiz,emily.markowitz@noaa.gov,NA,Encountered,72026
NMFS AFSC GAP Survey,Plicifusus bambusus,Emily Markowtiz,emily.markowitz@noaa.gov,NA,Encountered,72027
NMFS AFSC GAP Survey,Suavodrillia kennicotti,Emily Markowtiz,emily.markowitz@noaa.gov,NA,Encountered,72030
NMFS AFSC GAP Survey,Turridae,Emily Markowtiz,emily.markowitz@noaa.gov,turrid snails,Encountered,72058
NMFS AFSC GAP Survey,Aforia sp.,Emily Markowtiz,emily.markowitz@noaa.gov,NA,Encountered,72059
NMFS AFSC GAP Survey,Aforia goodei,Emily Markowtiz,emily.markowitz@noaa.gov,NA,Encountered,72060
NMFS AFSC GAP Survey,Aforia kincaidi,Emily Markowtiz,emily.markowitz@noaa.gov,Kinkaid Aforia,Encountered,72062
NMFS AFSC GAP Survey,Aforia circinata,Emily Markowtiz,emily.markowitz@noaa.gov,keeled Aforia,Encountered,72063
NMFS AFSC GAP Survey,Epitonium sp.,Emily Markowtiz,emily.markowitz@noaa.gov,NA,Encountered,72064
NMFS AFSC GAP Survey,Boreoscala greenlandica,Emily Markowtiz,emily.markowitz@noaa.gov,Greenland wentletrap,Encountered,72065
NMFS AFSC GAP Survey,Epitonium indianorum,Emily Markowtiz,emily.markowitz@noaa.gov,money wentletrap,Encountered,72066
NMFS AFSC GAP Survey,Boreoscala sp.,Emily Markowtiz,emily.markowitz@noaa.gov,NA,Encountered,72067
NMFS AFSC GAP Survey,Carinoturris fortis,Emily Markowtiz,emily.markowitz@noaa.gov,NA,Encountered,72070
NMFS AFSC GAP Survey,Acirsa borealis,Emily Markowtiz,emily.markowitz@noaa.gov,Aleutian wentletrap,Encountered,72071
NMFS AFSC GAP Survey,Oenopota sp.,Emily Markowtiz,emily.markowitz@noaa.gov,NA,Encountered,72100
NMFS AFSC GAP Survey,Oenopota harpa,Emily Markowtiz,emily.markowitz@noaa.gov,NA,Encountered,72103
NMFS AFSC GAP Survey,Propebela nobilis,Emily Markowtiz,emily.markowitz@noaa.gov,NA,Encountered,72104
NMFS AFSC GAP Survey,Propebela fidicula,Emily Markowtiz,emily.markowitz@noaa.gov,NA,Encountered,72105
NMFS AFSC GAP Survey,Oenopota elegans,Emily Markowtiz,emily.markowitz@noaa.gov,NA,Encountered,72106
NMFS AFSC GAP Survey,Mangelia carlottae,Emily Markowtiz,emily.markowitz@noaa.gov,NA,Encountered,72130
NMFS AFSC GAP Survey,Obesotoma simplex,Emily Markowtiz,emily.markowitz@noaa.gov,NA,Encountered,72181
NMFS AFSC GAP Survey,Obesotoma tenuilirata,Emily Markowtiz,emily.markowitz@noaa.gov,NA,Encountered,72182
NMFS AFSC GAP Survey,Curtitoma decussata,Emily Markowtiz,emily.markowitz@noaa.gov,NA,Encountered,72183
NMFS AFSC GAP Survey,Capulidae,Emily Markowtiz,emily.markowitz@noaa.gov,NA,Encountered,72300
NMFS AFSC GAP Survey,Turritropis cryptis,Emily Markowtiz,emily.markowitz@noaa.gov,NA,Encountered,72301
NMFS AFSC GAP Survey,Ariadnaria borealis,Emily Markowtiz,emily.markowitz@noaa.gov,NA,Encountered,72302
NMFS AFSC GAP Survey,Ariadnaria insignis,Emily Markowtiz,emily.markowitz@noaa.gov,gray hairysnail,Encountered,72303
NMFS AFSC GAP Survey,Neoiphinoe coronata,Emily Markowtiz,emily.markowitz@noaa.gov,crowned hairysnail,Encountered,72304
NMFS AFSC GAP Survey,Trichotropis bicarinata,Emily Markowtiz,emily.markowitz@noaa.gov,two-keel hairysnail,Encountered,72305
NMFS AFSC GAP Survey,Trichotropis cancellata,Emily Markowtiz,emily.markowitz@noaa.gov,NA,Encountered,72306
NMFS AFSC GAP Survey,Ariadnaria conica,Emily Markowtiz,emily.markowitz@noaa.gov,NA,Encountered,72307
NMFS AFSC GAP Survey,Trichotropis sp.,Emily Markowtiz,emily.markowitz@noaa.gov,NA,Encountered,72308
NMFS AFSC GAP Survey,Neoiphinoe kroyeri,Emily Markowtiz,emily.markowitz@noaa.gov,Kroyer hairy snail,Encountered,72370
NMFS AFSC GAP Survey,Neoiphinoe permabilis,Emily Markowtiz,emily.markowitz@noaa.gov,NA,Encountered,72371
NMFS AFSC GAP Survey,Neoiphinoe echinata,Emily Markowtiz,emily.markowitz@noaa.gov,NA,Encountered,72372
NMFS AFSC GAP Survey,Torellivelutina ammonia,Emily Markowtiz,emily.markowitz@noaa.gov,rams-horn snail,Encountered,72380
NMFS AFSC GAP Survey,Torellia sp.,Emily Markowtiz,emily.markowitz@noaa.gov,hairysnails,Encountered,72381
NMFS AFSC GAP Survey,Torellia lanata,Emily Markowtiz,emily.markowitz@noaa.gov,NA,Encountered,72382
NMFS AFSC GAP Survey,Scabrotrophon norafosterae,Emily Markowtiz,emily.markowitz@noaa.gov,NA,Encountered,72386
NMFS AFSC GAP Survey,Scabrotrophon trifidus,Emily Markowtiz,emily.markowitz@noaa.gov,NA,Encountered,72387
NMFS AFSC GAP Survey,Scabrotrophon lima,Emily Markowtiz,emily.markowitz@noaa.gov,NA,Encountered,72388
NMFS AFSC GAP Survey,Scabrotrophon buldirensis,Emily Markowtiz,emily.markowitz@noaa.gov,NA,Encountered,72389
NMFS AFSC GAP Survey,Scabrotrophon sp. E (Clark and McLean),Emily Markowtiz,emily.markowitz@noaa.gov,NA,Encountered,72390
NMFS AFSC GAP Survey,Scabrotrophon maltzani,Emily Markowtiz,emily.markowitz@noaa.gov,NA,Encountered,72393
NMFS AFSC GAP Survey,Scabrotrophon clarki,Emily Markowtiz,emily.markowitz@noaa.gov,NA,Encountered,72394
NMFS AFSC GAP Survey,Scabrotrophon scitulus,Emily Markowtiz,emily.markowitz@noaa.gov,spiny trophon,Encountered,72395
NMFS AFSC GAP Survey,Buccinum cnismatum,Emily Markowtiz,emily.markowitz@noaa.gov,scratched whelk,Encountered,72754
NMFS AFSC GAP Survey,Buccinum polare,Emily Markowtiz,emily.markowitz@noaa.gov,polar whelk,Encountered,72755
NMFS AFSC GAP Survey,Buccinum terraenovae,Emily Markowtiz,emily.markowitz@noaa.gov,NA,Encountered,72756
NMFS AFSC GAP Survey,Buccinum ciliatum,Emily Markowtiz,emily.markowitz@noaa.gov,NA,Encountered,72757
NMFS AFSC GAP Survey,Buccinum glaciale,Emily Markowtiz,emily.markowitz@noaa.gov,glacial whelk,Encountered,72758
NMFS AFSC GAP Survey,Buccinum tenellum,Emily Markowtiz,emily.markowitz@noaa.gov,NA,Encountered,72759
NMFS AFSC GAP Survey,Castaneobuccinum castaneum,Emily Markowtiz,emily.markowitz@noaa.gov,chestnut whelk,Encountered,72760
NMFS AFSC GAP Survey,Lirabuccinum dirum,Emily Markowtiz,emily.markowitz@noaa.gov,dire whelk,Encountered,72761
NMFS AFSC GAP Survey,Aleutibuccinum clarki,Emily Markowtiz,emily.markowitz@noaa.gov,Roger buccinid,Encountered,72762
NMFS AFSC GAP Survey,Buccinum ovulum,Emily Markowtiz,emily.markowitz@noaa.gov,NA,Encountered,72764
NMFS AFSC GAP Survey,Buccinum katharinae,Emily Markowtiz,emily.markowitz@noaa.gov,Katherine whelk,Encountered,72765
NMFS AFSC GAP Survey,Buccinum ectomocyma,Emily Markowtiz,emily.markowitz@noaa.gov,NA,Encountered,72766
NMFS AFSC GAP Survey,Retifusus sp.,Emily Markowtiz,emily.markowitz@noaa.gov,NA,Encountered,72767
NMFS AFSC GAP Survey,Ancistrolepis eucosmius,Emily Markowtiz,emily.markowitz@noaa.gov,two-ribbed whelk,Encountered,72769
NMFS AFSC GAP Survey,Columbella sp.,Emily Markowtiz,emily.markowitz@noaa.gov,dovesnails,Encountered,72770
NMFS AFSC GAP Survey,Buccinum physematum,Emily Markowtiz,emily.markowitz@noaa.gov,NA,Encountered,72772
NMFS AFSC GAP Survey,Harpa costata,Emily Markowtiz,emily.markowitz@noaa.gov,costate whelk,Encountered,72773
NMFS AFSC GAP Survey,Castaneobuccinum pagodaformis,Emily Markowtiz,emily.markowitz@noaa.gov,mega-ribbed chestnut whelk,Encountered,72775
NMFS AFSC GAP Survey,Castaneobuccinum orri,Emily Markowtiz,emily.markowitz@noaa.gov,one-ribbed whelk,Encountered,72776
NMFS AFSC GAP Survey,Castaneobuccinum lauthi,Emily Markowtiz,emily.markowitz@noaa.gov,many-ribbed chestnut whelk,Encountered,72777
NMFS AFSC GAP Survey,Buccinum sp. E (McLean and Clark),Emily Markowtiz,emily.markowitz@noaa.gov,two-ribbed chestnut whelk,Encountered,72779
NMFS AFSC GAP Survey,Buccinum sp. F (McLean and Clark),Emily Markowtiz,emily.markowitz@noaa.gov,crenulated whelk,Encountered,72780
NMFS AFSC GAP Survey,Buccinum sp. G (McLean and Clark),Emily Markowtiz,emily.markowitz@noaa.gov,NA,Encountered,72781
NMFS AFSC GAP Survey,Buccinum sp. H (McLean and Clark),Emily Markowtiz,emily.markowitz@noaa.gov,NA,Encountered,72782
NMFS AFSC GAP Survey,Buccinum sp. I (McLean and Clark),Emily Markowtiz,emily.markowitz@noaa.gov,NA,Encountered,72783
NMFS AFSC GAP Survey,Buccinum angulosum transliratum,Emily Markowtiz,emily.markowitz@noaa.gov,transect whelk,Encountered,72785
NMFS AFSC GAP Survey,Buccinum rondinum,Emily Markowtiz,emily.markowitz@noaa.gov,eroded whelk,Encountered,72786
NMFS AFSC GAP Survey,Volutomitra sp.,Emily Markowtiz,emily.markowitz@noaa.gov,NA,Encountered,72787
NMFS AFSC GAP Survey,Volutomitra sp. B (Clark and McLean),Emily Markowtiz,emily.markowitz@noaa.gov,NA,Encountered,72788
NMFS AFSC GAP Survey,Arctomelon sp.,Emily Markowtiz,emily.markowitz@noaa.gov,NA,Encountered,72789
NMFS AFSC GAP Survey,Arctomelon stearnsii,Emily Markowtiz,emily.markowitz@noaa.gov,Alaska volute,Encountered,72790
NMFS AFSC GAP Survey,Arctomelon boreale,Emily Markowtiz,emily.markowitz@noaa.gov,NA,Encountered,72791
NMFS AFSC GAP Survey,Arctomelon tamikoae,Emily Markowtiz,emily.markowitz@noaa.gov,NA,Encountered,72792
NMFS AFSC GAP Survey,Arctomelon ryosukei,Emily Markowtiz,emily.markowitz@noaa.gov,inflated volute,Encountered,72793
NMFS AFSC GAP Survey,Arctomelon sp. cf. stearnsii (Clark and McLean),Emily Markowtiz,emily.markowitz@noaa.gov,NA,Encountered,72794
NMFS AFSC GAP Survey,Volutomitra groenlandica,Emily Markowtiz,emily.markowitz@noaa.gov,NA,Encountered,72795
NMFS AFSC GAP Survey,Volutomitra sp. A (Clark and McLean),Emily Markowtiz,emily.markowitz@noaa.gov,NA,Encountered,72796
NMFS AFSC GAP Survey,Callianax alectona,Emily Markowtiz,emily.markowitz@noaa.gov,beatic dwarf olive,Encountered,72797
NMFS AFSC GAP Survey,Limneria undata,Emily Markowtiz,emily.markowitz@noaa.gov,wavy lamellaria,Encountered,72800
NMFS AFSC GAP Survey,Ciliatovelutina nana,Emily Markowtiz,emily.markowitz@noaa.gov,NA,Encountered,72801
NMFS AFSC GAP Survey,Velutina plicatilis,Emily Markowtiz,emily.markowitz@noaa.gov,oblique lamellaria,Encountered,72802
NMFS AFSC GAP Survey,Limneria prolongata,Emily Markowtiz,emily.markowitz@noaa.gov,conical lamellaria,Encountered,72803
NMFS AFSC GAP Survey,Velutina velutina,Emily Markowtiz,emily.markowitz@noaa.gov,smooth lamellaria,Encountered,72805
NMFS AFSC GAP Survey,Velutina sp.,Emily Markowtiz,emily.markowitz@noaa.gov,NA,Encountered,72806
NMFS AFSC GAP Survey,Velutina sp. A (Clark and McLean),Emily Markowtiz,emily.markowitz@noaa.gov,NA,Encountered,72807
NMFS AFSC GAP Survey,Velutina sp. B (Clark and McLean),Emily Markowtiz,emily.markowitz@noaa.gov,NA,Encountered,72808
NMFS AFSC GAP Survey,Velutina sp. C (Clark and McLean),Emily Markowtiz,emily.markowitz@noaa.gov,NA,Encountered,72809
NMFS AFSC GAP Survey,Velutina bartschi,Emily Markowtiz,emily.markowitz@noaa.gov,NA,Encountered,72811
NMFS AFSC GAP Survey,Clinopegma,Emily Markowtiz,emily.markowitz@noaa.gov,NA,Encountered,72820
NMFS AFSC GAP Survey,Clinopegma magnum unicum,Emily Markowtiz,emily.markowitz@noaa.gov,unique whelk,Encountered,72821
NMFS AFSC GAP Survey,Admete viridula,Emily Markowtiz,emily.markowitz@noaa.gov,smooth nutmeg shell,Encountered,73183
NMFS AFSC GAP Survey,Admete solida,Emily Markowtiz,emily.markowitz@noaa.gov,noble Admete,Encountered,73186
NMFS AFSC GAP Survey,Admete gracilior,Emily Markowtiz,emily.markowitz@noaa.gov,NA,Encountered,73188
NMFS AFSC GAP Survey,Neadmete circumcincta,Emily Markowtiz,emily.markowitz@noaa.gov,NA,Encountered,73189
NMFS AFSC GAP Survey,Neadmete modesta,Emily Markowtiz,emily.markowitz@noaa.gov,NA,Encountered,73190
NMFS AFSC GAP Survey,Callianax biplicata,Emily Markowtiz,emily.markowitz@noaa.gov,purple olive,Encountered,73201
NMFS AFSC GAP Survey,Pseudomohnia rogerclarki,Emily Markowtiz,emily.markowitz@noaa.gov,horn shell,Encountered,73210
NMFS AFSC GAP Survey,Cerithiopsidae,Emily Markowtiz,emily.markowitz@noaa.gov,NA,Encountered,73211
NMFS AFSC GAP Survey,Cylichna alba,Emily Markowtiz,emily.markowitz@noaa.gov,white chalice-bubble,Encountered,73351
NMFS AFSC GAP Survey,Bivalvia,Emily Markowtiz,emily.markowitz@noaa.gov,bivalve unid.,Encountered,74000
NMFS AFSC GAP Survey,Acharax johnsoni,Emily Markowtiz,emily.markowitz@noaa.gov,NA,Encountered,74001
NMFS AFSC GAP Survey,Mytilidae,Emily Markowtiz,emily.markowitz@noaa.gov,mussel unid.,Encountered,74050
NMFS AFSC GAP Survey,Modiolus modiolus,Emily Markowtiz,emily.markowitz@noaa.gov,northern horsemussel,Encountered,74060
NMFS AFSC GAP Survey,Mytilus sp.,Emily Markowtiz,emily.markowitz@noaa.gov,NA,Encountered,74065
NMFS AFSC GAP Survey,Mytilus californianus,Emily Markowtiz,emily.markowitz@noaa.gov,California mussel,Encountered,74070
NMFS AFSC GAP Survey,Mytilus trossulus,Emily Markowtiz,emily.markowitz@noaa.gov,foolish mussel,Encountered,74075
NMFS AFSC GAP Survey,Mytilus edulis,Emily Markowtiz,emily.markowitz@noaa.gov,blue mussel,Encountered,74080
NMFS AFSC GAP Survey,Pectinidae,Emily Markowtiz,emily.markowitz@noaa.gov,scallop unid.,Encountered,74100
NMFS AFSC GAP Survey,Chlamys albida,Emily Markowtiz,emily.markowitz@noaa.gov,white scallop,Encountered,74103
NMFS AFSC GAP Survey,Chlamys sp.,Emily Markowtiz,emily.markowitz@noaa.gov,NA,Encountered,74104
NMFS AFSC GAP Survey,Chlamys behringiana,Emily Markowtiz,emily.markowitz@noaa.gov,Bering scallop,Encountered,74105
NMFS AFSC GAP Survey,Chlamys rubida,Emily Markowtiz,emily.markowitz@noaa.gov,reddish scallop,Encountered,74106
NMFS AFSC GAP Survey,Chlamys hastata,Emily Markowtiz,emily.markowitz@noaa.gov,spiny scallop,Encountered,74107
NMFS AFSC GAP Survey,Chlamys sp. cf. unalaskae (Clark and McLean),Emily Markowtiz,emily.markowitz@noaa.gov,NA,Encountered,74108
NMFS AFSC GAP Survey,Patinopecten caurinus,Emily Markowtiz,emily.markowitz@noaa.gov,weathervane scallop,Encountered,74120
NMFS AFSC GAP Survey,Crassadoma gigantea,Emily Markowtiz,emily.markowitz@noaa.gov,giant rock-scallop,Encountered,74130
NMFS AFSC GAP Survey,Tridonta borealis,Emily Markowtiz,emily.markowitz@noaa.gov,boreal Astarte,Encountered,74641
NMFS AFSC GAP Survey,Tridonta elliptica,Emily Markowtiz,emily.markowitz@noaa.gov,elliptical Astarte,Encountered,74643
NMFS AFSC GAP Survey,Astarte compacta,Emily Markowtiz,emily.markowitz@noaa.gov,NA,Encountered,74645
NMFS AFSC GAP Survey,Tridonta arctica,Emily Markowtiz,emily.markowitz@noaa.gov,NA,Encountered,74646
NMFS AFSC GAP Survey,Tridonta montagui,Emily Markowtiz,emily.markowitz@noaa.gov,NA,Encountered,74647
NMFS AFSC GAP Survey,Astarte esquimalti,Emily Markowtiz,emily.markowitz@noaa.gov,NA,Encountered,74648
NMFS AFSC GAP Survey,Cardita sp.,Emily Markowtiz,emily.markowitz@noaa.gov,NA,Encountered,74650
NMFS AFSC GAP Survey,Carditidae,Emily Markowtiz,emily.markowitz@noaa.gov,NA,Encountered,74651
NMFS AFSC GAP Survey,Cyclocardia ovata,Emily Markowtiz,emily.markowitz@noaa.gov,NA,Encountered,74652
NMFS AFSC GAP Survey,Coanicardita ventricosa,Emily Markowtiz,emily.markowitz@noaa.gov,stout Cyclocardia,Encountered,74653
NMFS AFSC GAP Survey,Cyclocardia crassidens,Emily Markowtiz,emily.markowitz@noaa.gov,thick carditid,Encountered,74654
NMFS AFSC GAP Survey,Cyclocardia crebricostata,Emily Markowtiz,emily.markowitz@noaa.gov,many-rib Cyclocardia,Encountered,74655
NMFS AFSC GAP Survey,Cyclocardia sp.,Emily Markowtiz,emily.markowitz@noaa.gov,NA,Encountered,74656
NMFS AFSC GAP Survey,Cyclocardia umnaka,Emily Markowtiz,emily.markowitz@noaa.gov,NA,Encountered,74657
NMFS AFSC GAP Survey,Cyclocardia sp. cf. borealis (Clark 2006),Emily Markowtiz,emily.markowitz@noaa.gov,northern carditid,Encountered,74658
NMFS AFSC GAP Survey,Vesicomya pacifica,Emily Markowtiz,emily.markowitz@noaa.gov,NA,Encountered,74712
NMFS AFSC GAP Survey,Lasaeidae,Emily Markowtiz,emily.markowitz@noaa.gov,NA,Encountered,74801
NMFS AFSC GAP Survey,Kellia suborbicularis,Emily Markowtiz,emily.markowitz@noaa.gov,suborbicular kellyclam,Encountered,74802
NMFS AFSC GAP Survey,Kellia laperousii,Emily Markowtiz,emily.markowitz@noaa.gov,La Perouse kellyclam,Encountered,74803
NMFS AFSC GAP Survey,Conchocele bisecta,Emily Markowtiz,emily.markowitz@noaa.gov,NA,Encountered,74924
NMFS AFSC GAP Survey,Clinocardium sp.,Emily Markowtiz,emily.markowitz@noaa.gov,NA,Encountered,74980
NMFS AFSC GAP Survey,NA,Emily Markowtiz,emily.markowitz@noaa.gov,cockle unid.,Encountered,74981
NMFS AFSC GAP Survey,Clinocardium nuttallii,Emily Markowtiz,emily.markowitz@noaa.gov,Nuttall cockle,Encountered,74982
NMFS AFSC GAP Survey,Ciliatocardium ciliatum,Emily Markowtiz,emily.markowitz@noaa.gov,hairy cockle,Encountered,74983
NMFS AFSC GAP Survey,Delectopecten vancouverensis,Emily Markowtiz,emily.markowitz@noaa.gov,Vancouver scallop,Encountered,74171
NMFS AFSC GAP Survey,Parvamussium sp.,Emily Markowtiz,emily.markowitz@noaa.gov,NA,Encountered,74174
NMFS AFSC GAP Survey,Parvamussium alaskense,Emily Markowtiz,emily.markowitz@noaa.gov,Alaska glass-scallop,Encountered,74175
NMFS AFSC GAP Survey,Cyclopecten sp.,Emily Markowtiz,emily.markowitz@noaa.gov,NA,Encountered,74176
NMFS AFSC GAP Survey,Cyclopecten davidsoni,Emily Markowtiz,emily.markowitz@noaa.gov,salmon glass-scallop,Encountered,74177
NMFS AFSC GAP Survey,Parvamussium intuscostatum,Emily Markowtiz,emily.markowitz@noaa.gov,NA,Encountered,74178
NMFS AFSC GAP Survey,Cyclopecten sp. cf. benthalis (Clark and McLean),Emily Markowtiz,emily.markowitz@noaa.gov,NA,Encountered,74179
NMFS AFSC GAP Survey,Panopea generosa,Emily Markowtiz,emily.markowitz@noaa.gov,Pacific geoduck,Encountered,74301
NMFS AFSC GAP Survey,Hiatella sp.,Emily Markowtiz,emily.markowitz@noaa.gov,NA,Encountered,74310
NMFS AFSC GAP Survey,Hiatella arctica,Emily Markowtiz,emily.markowitz@noaa.gov,Arctic Hiatella,Encountered,74311
NMFS AFSC GAP Survey,Panomya sp.,Emily Markowtiz,emily.markowitz@noaa.gov,NA,Encountered,74321
NMFS AFSC GAP Survey,Panomya norvegica,Emily Markowtiz,emily.markowitz@noaa.gov,NA,Encountered,74322
NMFS AFSC GAP Survey,Panomya ampla,Emily Markowtiz,emily.markowitz@noaa.gov,ample roughmya,Encountered,74323
NMFS AFSC GAP Survey,Solemya sp.,Emily Markowtiz,emily.markowitz@noaa.gov,awning clam,Encountered,74325
NMFS AFSC GAP Survey,Petrasma pervernicosa,Emily Markowtiz,emily.markowitz@noaa.gov,gutless awning clam,Encountered,74326
NMFS AFSC GAP Survey,Nucula sp.,Emily Markowtiz,emily.markowitz@noaa.gov,NA,Encountered,74332
NMFS AFSC GAP Survey,Pronucula tenuis,Emily Markowtiz,emily.markowitz@noaa.gov,smooth nutclam,Encountered,74333
NMFS AFSC GAP Survey,Acila castrensis,Emily Markowtiz,emily.markowitz@noaa.gov,divaricate nutclam,Encountered,74342
NMFS AFSC GAP Survey,Megayoldia sp.,Emily Markowtiz,emily.markowitz@noaa.gov,NA,Encountered,74412
NMFS AFSC GAP Survey,Yoldia sp.,Emily Markowtiz,emily.markowitz@noaa.gov,NA,Encountered,74414
NMFS AFSC GAP Survey,Megayoldia montereyensis,Emily Markowtiz,emily.markowitz@noaa.gov,NA,Encountered,74415
NMFS AFSC GAP Survey,Yoldia aeolica,Emily Markowtiz,emily.markowitz@noaa.gov,crisscrossed Yoldia,Encountered,74416
NMFS AFSC GAP Survey,Yoldia myalis,Emily Markowtiz,emily.markowitz@noaa.gov,oval Yoldia,Encountered,74417
NMFS AFSC GAP Survey,Megayoldia thraciaeformis,Emily Markowtiz,emily.markowitz@noaa.gov,broad Yoldia,Encountered,74419
NMFS AFSC GAP Survey,Yoldia hyperborea,Emily Markowtiz,emily.markowitz@noaa.gov,northern Yoldia,Encountered,74420
NMFS AFSC GAP Survey,Portlandia sp.,Emily Markowtiz,emily.markowitz@noaa.gov,NA,Encountered,74421
NMFS AFSC GAP Survey,Yoldiella sp.,Emily Markowtiz,emily.markowitz@noaa.gov,NA,Encountered,74425
NMFS AFSC GAP Survey,Nuculana sp.,Emily Markowtiz,emily.markowitz@noaa.gov,NA,Encountered,74435
NMFS AFSC GAP Survey,Nuculana pernula,Emily Markowtiz,emily.markowitz@noaa.gov,stout nutclam,Encountered,74436
NMFS AFSC GAP Survey,Saccella taphria,Emily Markowtiz,emily.markowitz@noaa.gov,NA,Encountered,74437
NMFS AFSC GAP Survey,Propeleda conceptionis,Emily Markowtiz,emily.markowitz@noaa.gov,NA,Encountered,74438
NMFS AFSC GAP Survey,Nuculana fossa,Emily Markowtiz,emily.markowitz@noaa.gov,trenched nutclam,Encountered,74439
NMFS AFSC GAP Survey,Limopsis akutanica,Emily Markowtiz,emily.markowitz@noaa.gov,Akutan limops,Encountered,74481
NMFS AFSC GAP Survey,Empleconia vaginata,Emily Markowtiz,emily.markowitz@noaa.gov,vaginated limops,Encountered,74482
NMFS AFSC GAP Survey,Glycymeris septentrionalis,Emily Markowtiz,emily.markowitz@noaa.gov,NA,Encountered,74485
NMFS AFSC GAP Survey,Samacar sp.,Emily Markowtiz,emily.markowitz@noaa.gov,NA,Encountered,74490
NMFS AFSC GAP Survey,Lyonsia sp.,Emily Markowtiz,emily.markowitz@noaa.gov,NA,Encountered,74511
NMFS AFSC GAP Survey,Vilasina seminuda,Emily Markowtiz,emily.markowitz@noaa.gov,NA,Encountered,74551
NMFS AFSC GAP Survey,Solamen columbianum,Emily Markowtiz,emily.markowitz@noaa.gov,British Columbia crenella,Encountered,74552
NMFS AFSC GAP Survey,Musculus sp.,Emily Markowtiz,emily.markowitz@noaa.gov,NA,Encountered,74560
NMFS AFSC GAP Survey,Musculus niger,Emily Markowtiz,emily.markowitz@noaa.gov,black mussel,Encountered,74561
NMFS AFSC GAP Survey,Musculus discors,Emily Markowtiz,emily.markowitz@noaa.gov,discordant mussel,Encountered,74562
NMFS AFSC GAP Survey,Musculus glacialis,Emily Markowtiz,emily.markowitz@noaa.gov,corrugate mussel,Encountered,74565
NMFS AFSC GAP Survey,Limatula attenuata,Emily Markowtiz,emily.markowitz@noaa.gov,NA,Encountered,74571
NMFS AFSC GAP Survey,Limatula sp. A (Clark and McLean),Emily Markowtiz,emily.markowitz@noaa.gov,NA,Encountered,74572
NMFS AFSC GAP Survey,Astarte crenata,Emily Markowtiz,emily.markowitz@noaa.gov,crenulate Astarte,Encountered,74639
NMFS AFSC GAP Survey,Astarte sp.,Emily Markowtiz,emily.markowitz@noaa.gov,NA,Encountered,74640
NMFS AFSC GAP Survey,Tegula pulligo,Emily Markowtiz,emily.markowitz@noaa.gov,NA,Encountered,72515
NMFS AFSC GAP Survey,Calliostoma canaliculatum,Emily Markowtiz,emily.markowitz@noaa.gov,channeled topsnail,Encountered,72516
NMFS AFSC GAP Survey,Bathybembix bairdii,Emily Markowtiz,emily.markowitz@noaa.gov,NA,Encountered,72520
NMFS AFSC GAP Survey,Calliotropis carlotta,Emily Markowtiz,emily.markowitz@noaa.gov,NA,Encountered,72521
NMFS AFSC GAP Survey,Cidarina cidaris,Emily Markowtiz,emily.markowitz@noaa.gov,NA,Encountered,72525
NMFS AFSC GAP Survey,Lacuna crassior,Emily Markowtiz,emily.markowitz@noaa.gov,thick Lacuna,Encountered,72527
NMFS AFSC GAP Survey,Margarites sp.,Emily Markowtiz,emily.markowitz@noaa.gov,NA,Encountered,72531
NMFS AFSC GAP Survey,Margarites pupillus,Emily Markowtiz,emily.markowitz@noaa.gov,little margarite,Encountered,72532
NMFS AFSC GAP Survey,Margarites giganteus,Emily Markowtiz,emily.markowitz@noaa.gov,giant margarite,Encountered,72533
NMFS AFSC GAP Survey,Margarites olivaceus,Emily Markowtiz,emily.markowitz@noaa.gov,NA,Encountered,72534
NMFS AFSC GAP Survey,Margarites costalis,Emily Markowtiz,emily.markowitz@noaa.gov,boreal rosy margarite,Encountered,72535
NMFS AFSC GAP Survey,Margarites sp. A (Clark and McLean),Emily Markowtiz,emily.markowitz@noaa.gov,three ribbed margarite,Encountered,72536
NMFS AFSC GAP Survey,Margarites sp. B (Clark and McLean),Emily Markowtiz,emily.markowitz@noaa.gov,tabled margarite,Encountered,72537
NMFS AFSC GAP Survey,Xeniostoma inexpectans,Emily Markowtiz,emily.markowitz@noaa.gov,silvery margarite,Encountered,72538
NMFS AFSC GAP Survey,Margarites helicinus,Emily Markowtiz,emily.markowitz@noaa.gov,NA,Encountered,72539
NMFS AFSC GAP Survey,Solariella sp.,Emily Markowtiz,emily.markowitz@noaa.gov,NA,Encountered,72540
NMFS AFSC GAP Survey,Solariella obscura,Emily Markowtiz,emily.markowitz@noaa.gov,obscure solarelle,Encountered,72541
NMFS AFSC GAP Survey,Solariella micraulax,Emily Markowtiz,emily.markowitz@noaa.gov,fine-groove solarelle,Encountered,72542
NMFS AFSC GAP Survey,Solariella varicosa,Emily Markowtiz,emily.markowitz@noaa.gov,varicose solarelle,Encountered,72543
NMFS AFSC GAP Survey,Chonospeira nuda,Emily Markowtiz,emily.markowitz@noaa.gov,naked solarelle,Encountered,72544
NMFS AFSC GAP Survey,Minolia peramabilis,Emily Markowtiz,emily.markowitz@noaa.gov,NA,Encountered,72545
NMFS AFSC GAP Survey,Solariella sp. A (Clark and McLean),Emily Markowtiz,emily.markowitz@noaa.gov,NA,Encountered,72546
NMFS AFSC GAP Survey,Otukaia beringensis,Emily Markowtiz,emily.markowitz@noaa.gov,Bering topsnail,Encountered,72551
NMFS AFSC GAP Survey,Calliostoma ligatum,Emily Markowtiz,emily.markowitz@noaa.gov,blue topsnail,Encountered,72554
NMFS AFSC GAP Survey,Calliostoma annulatum,Emily Markowtiz,emily.markowitz@noaa.gov,NA,Encountered,72555
NMFS AFSC GAP Survey,Oligomeria conoidea,Emily Markowtiz,emily.markowitz@noaa.gov,conical seguenzid,Encountered,72571
NMFS AFSC GAP Survey,Amphissa sp.,Emily Markowtiz,emily.markowitz@noaa.gov,NA,Encountered,72731
NMFS AFSC GAP Survey,Buccinidae,Emily Markowtiz,emily.markowitz@noaa.gov,NA,Encountered,72735
NMFS AFSC GAP Survey,Buccinum normale,Emily Markowtiz,emily.markowitz@noaa.gov,NA,Encountered,72736
NMFS AFSC GAP Survey,Buccinum obsoletum,Emily Markowtiz,emily.markowitz@noaa.gov,NA,Encountered,72737
NMFS AFSC GAP Survey,Buccinum bulimuloideum,Emily Markowtiz,emily.markowitz@noaa.gov,NA,Encountered,72738
NMFS AFSC GAP Survey,Buccinum mirandum picturatum,Emily Markowtiz,emily.markowitz@noaa.gov,NA,Encountered,72739
NMFS AFSC GAP Survey,Buccinum sp.,Emily Markowtiz,emily.markowitz@noaa.gov,NA,Encountered,72740
NMFS AFSC GAP Survey,Buccinum polium,Emily Markowtiz,emily.markowitz@noaa.gov,NA,Encountered,72741
NMFS AFSC GAP Survey,Buccinum ochotense,Emily Markowtiz,emily.markowitz@noaa.gov,Okhotsk whelk,Encountered,72742
NMFS AFSC GAP Survey,Buccinum angulosum,Emily Markowtiz,emily.markowitz@noaa.gov,angular whelk,Encountered,72743
NMFS AFSC GAP Survey,Buccinum fringillum,Emily Markowtiz,emily.markowitz@noaa.gov,finch whelk,Encountered,72744
NMFS AFSC GAP Survey,Buccinum sigmatopleura,Emily Markowtiz,emily.markowitz@noaa.gov,wavy whelk,Encountered,72745
NMFS AFSC GAP Survey,Buccinum simulatum,Emily Markowtiz,emily.markowitz@noaa.gov,NA,Encountered,72746
NMFS AFSC GAP Survey,Buccinum oedematum,Emily Markowtiz,emily.markowitz@noaa.gov,swollen whelk,Encountered,72747
NMFS AFSC GAP Survey,Buccinum eugrammatum,Emily Markowtiz,emily.markowitz@noaa.gov,lirate whelk,Encountered,72748
NMFS AFSC GAP Survey,Buccinum viridum,Emily Markowtiz,emily.markowitz@noaa.gov,turban whelk,Encountered,72749
NMFS AFSC GAP Survey,Buccinum strigillatum,Emily Markowtiz,emily.markowitz@noaa.gov,NA,Encountered,72750
NMFS AFSC GAP Survey,Buccinum plectrum,Emily Markowtiz,emily.markowitz@noaa.gov,sinuous whelk,Encountered,72751
NMFS AFSC GAP Survey,Buccinum scalariforme,Emily Markowtiz,emily.markowitz@noaa.gov,ladder whelk,Encountered,72752
NMFS AFSC GAP Survey,Buccinum aleuticum,Emily Markowtiz,emily.markowitz@noaa.gov,Aleut whelk,Encountered,72753
NMFS AFSC GAP Survey,Keenocardium californiense,Emily Markowtiz,emily.markowitz@noaa.gov,California cockle,Encountered,74985
NMFS AFSC GAP Survey,Keenocardium blandum,Emily Markowtiz,emily.markowitz@noaa.gov,low-rib cockle,Encountered,74986
NMFS AFSC GAP Survey,Keenaea centifilosa,Emily Markowtiz,emily.markowitz@noaa.gov,hundred-line cockle,Encountered,74987
NMFS AFSC GAP Survey,Compsomyax subdiaphana,Emily Markowtiz,emily.markowitz@noaa.gov,milky venus,Encountered,75016
NMFS AFSC GAP Survey,Saxidomus nuttalli,Emily Markowtiz,emily.markowitz@noaa.gov,Washington clam,Encountered,75020
NMFS AFSC GAP Survey,Saxidomus gigantea,Emily Markowtiz,emily.markowitz@noaa.gov,butter clam,Encountered,75021
NMFS AFSC GAP Survey,Humilaria kennerleyi,Emily Markowtiz,emily.markowitz@noaa.gov,Kennerleys venus,Encountered,75025
NMFS AFSC GAP Survey,Leukoma staminea,Emily Markowtiz,emily.markowitz@noaa.gov,Pacific littleneck,Encountered,75030
NMFS AFSC GAP Survey,Leukoma sp.,Emily Markowtiz,emily.markowitz@noaa.gov,NA,Encountered,75031
NMFS AFSC GAP Survey,Liocyma fluctuosa,Emily Markowtiz,emily.markowitz@noaa.gov,wavy Liocyma,Encountered,75092
NMFS AFSC GAP Survey,Tresus nuttallii,Emily Markowtiz,emily.markowitz@noaa.gov,Pacific gaper,Encountered,75102
NMFS AFSC GAP Survey,Tresus capax,Emily Markowtiz,emily.markowitz@noaa.gov,fat gaper,Encountered,75103
NMFS AFSC GAP Survey,Mactromeris sp.,Emily Markowtiz,emily.markowitz@noaa.gov,NA,Encountered,75110
NMFS AFSC GAP Survey,Mactromeris polynyma,Emily Markowtiz,emily.markowitz@noaa.gov,Arctic surfclam,Encountered,75111
NMFS AFSC GAP Survey,Gari californica,Emily Markowtiz,emily.markowitz@noaa.gov,NA,Encountered,75120
NMFS AFSC GAP Survey,Semele rubropicta,Emily Markowtiz,emily.markowitz@noaa.gov,NA,Encountered,75125
NMFS AFSC GAP Survey,Tellina sp.,Emily Markowtiz,emily.markowitz@noaa.gov,NA,Encountered,75201
NMFS AFSC GAP Survey,Ameritella carpenteri,Emily Markowtiz,emily.markowitz@noaa.gov,carpenter tellin,Encountered,75202
NMFS AFSC GAP Survey,Pseudocadella nuculoides,Emily Markowtiz,emily.markowitz@noaa.gov,salmon tellin,Encountered,75203
NMFS AFSC GAP Survey,Ameritella modesta,Emily Markowtiz,emily.markowitz@noaa.gov,NA,Encountered,75204
NMFS AFSC GAP Survey,Megangulus luteus,Emily Markowtiz,emily.markowitz@noaa.gov,Alaska great-tellin,Encountered,75205
NMFS AFSC GAP Survey,Megangulus bodegensis,Emily Markowtiz,emily.markowitz@noaa.gov,NA,Encountered,75206
NMFS AFSC GAP Survey,Entodesma navicula,Emily Markowtiz,emily.markowitz@noaa.gov,NA,Encountered,75218
NMFS AFSC GAP Survey,Pandora glacialis,Emily Markowtiz,emily.markowitz@noaa.gov,glacial Pandora,Encountered,75220
NMFS AFSC GAP Survey,Pandora wardiana,Emily Markowtiz,emily.markowitz@noaa.gov,NA,Encountered,75221
NMFS AFSC GAP Survey,Pandora bilirata,Emily Markowtiz,emily.markowitz@noaa.gov,bilirate Pandora,Encountered,75222
NMFS AFSC GAP Survey,Pandora filosa,Emily Markowtiz,emily.markowitz@noaa.gov,threaded Pandora,Encountered,75223
NMFS AFSC GAP Survey,Glycymeris sp.,Emily Markowtiz,emily.markowitz@noaa.gov,bittersweets,Encountered,75235
NMFS AFSC GAP Survey,Macoma sp.,Emily Markowtiz,emily.markowitz@noaa.gov,NA,Encountered,75240
NMFS AFSC GAP Survey,Macoma nasuta,Emily Markowtiz,emily.markowitz@noaa.gov,bent-nose Macoma,Encountered,75241
NMFS AFSC GAP Survey,Macoma calcarea,Emily Markowtiz,emily.markowitz@noaa.gov,chalky Macoma,Encountered,75242
NMFS AFSC GAP Survey,Macoploma yoldiformis,Emily Markowtiz,emily.markowitz@noaa.gov,NA,Encountered,75243
NMFS AFSC GAP Survey,Rexithaerus secta,Emily Markowtiz,emily.markowitz@noaa.gov,white-sand Macoma,Encountered,75244
NMFS AFSC GAP Survey,Macoma carlottensis,Emily Markowtiz,emily.markowitz@noaa.gov,NA,Encountered,75245
NMFS AFSC GAP Survey,Macoma moesta,Emily Markowtiz,emily.markowitz@noaa.gov,NA,Encountered,75246
NMFS AFSC GAP Survey,Macoma brota,Emily Markowtiz,emily.markowitz@noaa.gov,heavy Macoma,Encountered,75247
NMFS AFSC GAP Survey,Macoma inquinata,Emily Markowtiz,emily.markowitz@noaa.gov,pointed Macoma,Encountered,75248
NMFS AFSC GAP Survey,Siliqua sp.,Emily Markowtiz,emily.markowitz@noaa.gov,NA,Encountered,75264
NMFS AFSC GAP Survey,Siliqua patula,Emily Markowtiz,emily.markowitz@noaa.gov,Pacific razor,Encountered,75266
NMFS AFSC GAP Survey,Siliqua alta,Emily Markowtiz,emily.markowitz@noaa.gov,Alaska razor,Encountered,75267
NMFS AFSC GAP Survey,Serripes sp.,Emily Markowtiz,emily.markowitz@noaa.gov,NA,Encountered,75284
NMFS AFSC GAP Survey,Serripes groenlandicus,Emily Markowtiz,emily.markowitz@noaa.gov,Greenland cockle,Encountered,75285
NMFS AFSC GAP Survey,Serripes laperousii,Emily Markowtiz,emily.markowitz@noaa.gov,broad cockle,Encountered,75286
NMFS AFSC GAP Survey,Serripes notabilis,Emily Markowtiz,emily.markowitz@noaa.gov,oblique smoothcockle,Encountered,75287
NMFS AFSC GAP Survey,Evasterias sp.,Emily Markowtiz,emily.markowitz@noaa.gov,NA,Encountered,80010
NMFS AFSC GAP Survey,Evasterias retifera,Emily Markowtiz,emily.markowitz@noaa.gov,NA,Encountered,80012
NMFS AFSC GAP Survey,Evasterias troschelii,Emily Markowtiz,emily.markowitz@noaa.gov,mottled sea star,Encountered,80015
NMFS AFSC GAP Survey,Amphiodia occidentalis,Emily Markowtiz,emily.markowitz@noaa.gov,NA,Encountered,80018
NMFS AFSC GAP Survey,Evasterias echinosoma,Emily Markowtiz,emily.markowitz@noaa.gov,giant sea star,Encountered,80020
NMFS AFSC GAP Survey,Urasterias lincki,Emily Markowtiz,emily.markowitz@noaa.gov,NA,Encountered,80030
NMFS AFSC GAP Survey,Orthasterias sp.,Emily Markowtiz,emily.markowitz@noaa.gov,NA,Encountered,80105
NMFS AFSC GAP Survey,Orthasterias koehleri,Emily Markowtiz,emily.markowitz@noaa.gov,redbanded sea star,Encountered,80106
NMFS AFSC GAP Survey,Leptasterias groenlandica,Emily Markowtiz,emily.markowitz@noaa.gov,NA,Encountered,80110
NMFS AFSC GAP Survey,Leptasterias hexactis,Emily Markowtiz,emily.markowitz@noaa.gov,NA,Encountered,80111
NMFS AFSC GAP Survey,Leptasterias hylodes,Emily Markowtiz,emily.markowitz@noaa.gov,Aleutian sea star,Encountered,80112
NMFS AFSC GAP Survey,Leptasterias stolacantha,Emily Markowtiz,emily.markowitz@noaa.gov,NA,Encountered,80113
NMFS AFSC GAP Survey,Leptasterias coei,Emily Markowtiz,emily.markowitz@noaa.gov,NA,Encountered,80115
NMFS AFSC GAP Survey,Leptasterias coei truculenta,Emily Markowtiz,emily.markowitz@noaa.gov,giant Aleutian six-rayed star,Encountered,80116
NMFS AFSC GAP Survey,Leptasterias leptodoma,Emily Markowtiz,emily.markowitz@noaa.gov,NA,Encountered,80117
NMFS AFSC GAP Survey,Leptasterias sp. A (Clark),Emily Markowtiz,emily.markowitz@noaa.gov,NA,Encountered,80118
NMFS AFSC GAP Survey,Leptasterias sp. B (Clark),Emily Markowtiz,emily.markowitz@noaa.gov,NA,Encountered,80119
NMFS AFSC GAP Survey,Rathbunaster californicus,Emily Markowtiz,emily.markowitz@noaa.gov,NA,Encountered,80120
NMFS AFSC GAP Survey,Asteriidae,Emily Markowtiz,emily.markowitz@noaa.gov,NA,Encountered,80159
NMFS AFSC GAP Survey,Pycnopodia helianthoides,Emily Markowtiz,emily.markowitz@noaa.gov,sunflower sea star,Encountered,80160
NMFS AFSC GAP Survey,Astrometis sp.,Emily Markowtiz,emily.markowitz@noaa.gov,NA,Encountered,80165
NMFS AFSC GAP Survey,Stylasterias forreri,Emily Markowtiz,emily.markowitz@noaa.gov,long-rayed star,Encountered,80170
NMFS AFSC GAP Survey,Mya sp.,Emily Markowtiz,emily.markowitz@noaa.gov,NA,Encountered,75330
NMFS AFSC GAP Survey,Mya baxteri,Emily Markowtiz,emily.markowitz@noaa.gov,NA,Encountered,75331
NMFS AFSC GAP Survey,Mya arenaria,Emily Markowtiz,emily.markowitz@noaa.gov,softshell,Encountered,75332
NMFS AFSC GAP Survey,Mya truncata,Emily Markowtiz,emily.markowitz@noaa.gov,truncate softshell,Encountered,75333
NMFS AFSC GAP Survey,Mya pseudoarenaria,Emily Markowtiz,emily.markowitz@noaa.gov,false softshell,Encountered,75335
NMFS AFSC GAP Survey,Myra elegans,Emily Markowtiz,emily.markowitz@noaa.gov,elegant soft shell,Encountered,75336
NMFS AFSC GAP Survey,Thracia trapezoides,Emily Markowtiz,emily.markowitz@noaa.gov,NA,Encountered,75340
NMFS AFSC GAP Survey,Xylophaga washingtona,Emily Markowtiz,emily.markowitz@noaa.gov,NA,Encountered,75372
NMFS AFSC GAP Survey,Teredinidae,Emily Markowtiz,emily.markowitz@noaa.gov,shipworm unid.,Encountered,75381
NMFS AFSC GAP Survey,Bankia setacea,Emily Markowtiz,emily.markowitz@noaa.gov,feathery shipworm,Encountered,75382
NMFS AFSC GAP Survey,Lyonsia arenosa,Emily Markowtiz,emily.markowitz@noaa.gov,sandy Lyonsia,Encountered,75410
NMFS AFSC GAP Survey,Lucinoma annulata,Emily Markowtiz,emily.markowitz@noaa.gov,ringed lucine,Encountered,75420
NMFS AFSC GAP Survey,Cardiomya sp.,Emily Markowtiz,emily.markowitz@noaa.gov,NA,Encountered,75551
NMFS AFSC GAP Survey,Cuspidaria glacialis,Emily Markowtiz,emily.markowitz@noaa.gov,NA,Encountered,75560
NMFS AFSC GAP Survey,Halicardia perplicata,Emily Markowtiz,emily.markowitz@noaa.gov,NA,Encountered,75570
NMFS AFSC GAP Survey,Pododesmus macrochisma,Emily Markowtiz,emily.markowitz@noaa.gov,abalone jingle,Encountered,75600
NMFS AFSC GAP Survey,Pododesmus sp.,Emily Markowtiz,emily.markowitz@noaa.gov,NA,Encountered,75605
NMFS AFSC GAP Survey,Hinnites sp.,Emily Markowtiz,emily.markowitz@noaa.gov,rock scallops unid.,Encountered,75606
NMFS AFSC GAP Survey,Anomia sp.,Emily Markowtiz,emily.markowitz@noaa.gov,NA,Encountered,75609
NMFS AFSC GAP Survey,Anomiidae,Emily Markowtiz,emily.markowitz@noaa.gov,falsejingle unid.,Encountered,75610
NMFS AFSC GAP Survey,Scaphopoda,Emily Markowtiz,emily.markowitz@noaa.gov,scaphopod unid.,Encountered,77000
NMFS AFSC GAP Survey,Dentaliidae,Emily Markowtiz,emily.markowitz@noaa.gov,NA,Encountered,77010
NMFS AFSC GAP Survey,Dentalium sp.,Emily Markowtiz,emily.markowitz@noaa.gov,NA,Encountered,77011
NMFS AFSC GAP Survey,Rhabdus rectius,Emily Markowtiz,emily.markowitz@noaa.gov,Dall tuskshell,Encountered,77012
NMFS AFSC GAP Survey,Gadilidae,Emily Markowtiz,emily.markowitz@noaa.gov,NA,Encountered,77015
NMFS AFSC GAP Survey,Compressidens stearnsii,Emily Markowtiz,emily.markowitz@noaa.gov,Stearns toothshell,Encountered,77102
NMFS AFSC GAP Survey,Cephalopoda,Emily Markowtiz,emily.markowitz@noaa.gov,cephalopod unid.,Encountered,78000
NMFS AFSC GAP Survey,Cephalopoda egg,Emily Markowtiz,emily.markowitz@noaa.gov,squid or octopus egg unid.,Encountered,78005
NMFS AFSC GAP Survey,Octopodidae,Emily Markowtiz,emily.markowitz@noaa.gov,octopus unid.,Encountered,78010
NMFS AFSC GAP Survey,NA,Emily Markowtiz,emily.markowitz@noaa.gov,pelagic octopus unid.,Encountered,78011
NMFS AFSC GAP Survey,Muusoctopus leioderma,Emily Markowtiz,emily.markowitz@noaa.gov,smoothskin octopus,Encountered,78012
NMFS AFSC GAP Survey,Muusoctopus sibiricus,Emily Markowtiz,emily.markowitz@noaa.gov,NA,Encountered,78013
NMFS AFSC GAP Survey,Muusoctopus sp.,Emily Markowtiz,emily.markowitz@noaa.gov,NA,Encountered,78014
NMFS AFSC GAP Survey,Octopus sp.,Emily Markowtiz,emily.markowitz@noaa.gov,NA,Encountered,78020
NMFS AFSC GAP Survey,Japetella heathi,Emily Markowtiz,emily.markowitz@noaa.gov,yellowring octopus,Encountered,78021
NMFS AFSC GAP Survey,Japetella diaphana,Emily Markowtiz,emily.markowitz@noaa.gov,NA,Encountered,78022
NMFS AFSC GAP Survey,Japetella sp.,Emily Markowtiz,emily.markowitz@noaa.gov,NA,Encountered,78023
NMFS AFSC GAP Survey,Opisthoteuthis californiana,Emily Markowtiz,emily.markowitz@noaa.gov,flapjack devilfish,Encountered,78030
NMFS AFSC GAP Survey,Opisthoteuthis albatrossi,Emily Markowtiz,emily.markowitz@noaa.gov,NA,Encountered,78040
NMFS AFSC GAP Survey,Octopus californicus,Emily Markowtiz,emily.markowitz@noaa.gov,North Pacific bigeye octopus,Encountered,78210
NMFS AFSC GAP Survey,Bolitaeninae,Emily Markowtiz,emily.markowitz@noaa.gov,NA,Encountered,78300
NMFS AFSC GAP Survey,Opisthoteuthis sp. cf. californiana (Jorgensen),Emily Markowtiz,emily.markowitz@noaa.gov,NA,Encountered,78301
NMFS AFSC GAP Survey,Graneledone boreopacifica,Emily Markowtiz,emily.markowitz@noaa.gov,NA,Encountered,78352
NMFS AFSC GAP Survey,Graneledone sp. cf. boreopacifica (Nesis),Emily Markowtiz,emily.markowitz@noaa.gov,NA,Encountered,78353
NMFS AFSC GAP Survey,Enteroctopus dofleini,Emily Markowtiz,emily.markowitz@noaa.gov,giant octopus,Encountered,78403
NMFS AFSC GAP Survey,Octopus rubescens,Emily Markowtiz,emily.markowitz@noaa.gov,NA,Encountered,78404
NMFS AFSC GAP Survey,Bathypolypus sp.,Emily Markowtiz,emily.markowitz@noaa.gov,NA,Encountered,78452
NMFS AFSC GAP Survey,Sasakiopus salebrosus,Emily Markowtiz,emily.markowitz@noaa.gov,pygmy benthoctopus,Encountered,78454
NMFS AFSC GAP Survey,Muusoctopus oregonensis,Emily Markowtiz,emily.markowitz@noaa.gov,NA,Encountered,78455
NMFS AFSC GAP Survey,Vampyroteuthis infernalis,Emily Markowtiz,emily.markowitz@noaa.gov,vampire squid,Encountered,78502
NMFS AFSC GAP Survey,Decapodiformes,Emily Markowtiz,emily.markowitz@noaa.gov,squid unid.,Encountered,79000
NMFS AFSC GAP Survey,Taningia danae,Emily Markowtiz,emily.markowitz@noaa.gov,rhomboid squid,Encountered,79001
NMFS AFSC GAP Survey,Decapodiformes egg,Emily Markowtiz,emily.markowitz@noaa.gov,squid egg unid.,Encountered,79002
NMFS AFSC GAP Survey,Rossia pacifica,Emily Markowtiz,emily.markowitz@noaa.gov,eastern Pacific bobtail,Encountered,79020
NMFS AFSC GAP Survey,Rossia pacifica eggs,Emily Markowtiz,emily.markowitz@noaa.gov,NA,Encountered,79021
NMFS AFSC GAP Survey,Doryteuthis opalescens,Emily Markowtiz,emily.markowitz@noaa.gov,California market squid,Encountered,79120
NMFS AFSC GAP Survey,Gonatidae,Emily Markowtiz,emily.markowitz@noaa.gov,NA,Encountered,79199
NMFS AFSC GAP Survey,Gonatus sp.,Emily Markowtiz,emily.markowitz@noaa.gov,NA,Encountered,79200
NMFS AFSC GAP Survey,Gonatus onyx,Emily Markowtiz,emily.markowitz@noaa.gov,clawed armhook squid,Encountered,79201
NMFS AFSC GAP Survey,Gonatus berryi,Emily Markowtiz,emily.markowitz@noaa.gov,Berry armhook squid,Encountered,79202
NMFS AFSC GAP Survey,Gonatus pyros,Emily Markowtiz,emily.markowitz@noaa.gov,fiery armhook squid,Encountered,79203
NMFS AFSC GAP Survey,Gonatus californiensis,Emily Markowtiz,emily.markowitz@noaa.gov,California armhook squid,Encountered,79204
NMFS AFSC GAP Survey,Gonatus madokai,Emily Markowtiz,emily.markowitz@noaa.gov,NA,Encountered,79205
NMFS AFSC GAP Survey,Gonatus kamtschaticus,Emily Markowtiz,emily.markowitz@noaa.gov,NA,Encountered,79206
NMFS AFSC GAP Survey,Gonatopsis okutanii,Emily Markowtiz,emily.markowitz@noaa.gov,NA,Encountered,79207
NMFS AFSC GAP Survey,Gonatus middendorffi,Emily Markowtiz,emily.markowitz@noaa.gov,NA,Encountered,79208
NMFS AFSC GAP Survey,Berryteuthis magister,Emily Markowtiz,emily.markowitz@noaa.gov,magistrate armhook squid,Encountered,79210
NMFS AFSC GAP Survey,Okutania anonycha,Emily Markowtiz,emily.markowitz@noaa.gov,NA,Encountered,79211
NMFS AFSC GAP Survey,Gonatopsis sp.,Emily Markowtiz,emily.markowitz@noaa.gov,NA,Encountered,79250
NMFS AFSC GAP Survey,Gonatopsis borealis,Emily Markowtiz,emily.markowitz@noaa.gov,boreopacific armhook squid,Encountered,79252
NMFS AFSC GAP Survey,Gonatopsis sp. cf. japonicus (Kubodera and Okutani),Emily Markowtiz,emily.markowitz@noaa.gov,NA,Encountered,79253
NMFS AFSC GAP Survey,Gonatopsis makko,Emily Markowtiz,emily.markowitz@noaa.gov,makko armhook squid,Encountered,79254
NMFS AFSC GAP Survey,Gonatopsis sp. A (Jorgensen),Emily Markowtiz,emily.markowitz@noaa.gov,NA,Encountered,79255
NMFS AFSC GAP Survey,Ommastrephidae,Emily Markowtiz,emily.markowitz@noaa.gov,NA,Encountered,79259
NMFS AFSC GAP Survey,Ommastrephes bartramii,Emily Markowtiz,emily.markowitz@noaa.gov,red flying squid,Encountered,79260
NMFS AFSC GAP Survey,Dosidicus gigas,Emily Markowtiz,emily.markowitz@noaa.gov,Humboldt squid,Encountered,79265
NMFS AFSC GAP Survey,Onykia robusta,Emily Markowtiz,emily.markowitz@noaa.gov,robust clubhook squid,Encountered,79302
NMFS AFSC GAP Survey,Onychoteuthidae,Emily Markowtiz,emily.markowitz@noaa.gov,NA,Encountered,79310
NMFS AFSC GAP Survey,Onychoteuthis banksii,Emily Markowtiz,emily.markowitz@noaa.gov,common clubhook squid,Encountered,79311
NMFS AFSC GAP Survey,Onychoteuthis borealijaponica,Emily Markowtiz,emily.markowitz@noaa.gov,boreal clubhook squid,Encountered,79312
NMFS AFSC GAP Survey,Galiteuthis phyllura,Emily Markowtiz,emily.markowitz@noaa.gov,NA,Encountered,79340
NMFS AFSC GAP Survey,Abraliopsis sp.,Emily Markowtiz,emily.markowitz@noaa.gov,NA,Encountered,79351
NMFS AFSC GAP Survey,Abraliopsis felis,Emily Markowtiz,emily.markowitz@noaa.gov,NA,Encountered,79352
NMFS AFSC GAP Survey,Chiroteuthis sp.,Emily Markowtiz,emily.markowitz@noaa.gov,NA,Encountered,79403
NMFS AFSC GAP Survey,Chiroteuthis calyx,Emily Markowtiz,emily.markowitz@noaa.gov,NA,Encountered,79404
NMFS AFSC GAP Survey,Cranchia scabra,Emily Markowtiz,emily.markowitz@noaa.gov,sandpaper squid,Encountered,79405
NMFS AFSC GAP Survey,Cranchiidae,Emily Markowtiz,emily.markowitz@noaa.gov,NA,Encountered,79406
NMFS AFSC GAP Survey,Taoniinae,Emily Markowtiz,emily.markowitz@noaa.gov,NA,Encountered,79440
NMFS AFSC GAP Survey,Taonius pavo,Emily Markowtiz,emily.markowitz@noaa.gov,NA,Encountered,79442
NMFS AFSC GAP Survey,Taonius borealis,Emily Markowtiz,emily.markowitz@noaa.gov,NA,Encountered,79443
NMFS AFSC GAP Survey,Octopoteuthis deletron,Emily Markowtiz,emily.markowitz@noaa.gov,NA,Encountered,79504
NMFS AFSC GAP Survey,Histioteuthis sp.,Emily Markowtiz,emily.markowitz@noaa.gov,jewel squids,Encountered,79509
NMFS AFSC GAP Survey,Histioteuthis heteropsis,Emily Markowtiz,emily.markowitz@noaa.gov,NA,Encountered,79510
NMFS AFSC GAP Survey,Stigmatoteuthis hoylei,Emily Markowtiz,emily.markowitz@noaa.gov,NA,Encountered,79512
NMFS AFSC GAP Survey,Stigmatoteuthis dofleini,Emily Markowtiz,emily.markowitz@noaa.gov,NA,Encountered,79513
NMFS AFSC GAP Survey,Asteroidea,Emily Markowtiz,emily.markowitz@noaa.gov,sea star unid.,Encountered,80000
NMFS AFSC GAP Survey,Ceramaster leptoceramus,Emily Markowtiz,emily.markowitz@noaa.gov,NA,Encountered,80005
NMFS AFSC GAP Survey,Henricia dyscrita,Emily Markowtiz,emily.markowitz@noaa.gov,short-spined Henricia,Encountered,80598
NMFS AFSC GAP Survey,Aleutiaster sp.,Emily Markowtiz,emily.markowitz@noaa.gov,Ahearns star,Encountered,80601
NMFS AFSC GAP Survey,Gephyreaster swifti,Emily Markowtiz,emily.markowitz@noaa.gov,Swift sea star,Encountered,80602
NMFS AFSC GAP Survey,Gephyreaster sp.,Emily Markowtiz,emily.markowitz@noaa.gov,NA,Encountered,80603
NMFS AFSC GAP Survey,NA,Emily Markowtiz,emily.markowitz@noaa.gov,lens star,Encountered,80604
NMFS AFSC GAP Survey,Pseudarchaster sp.,Emily Markowtiz,emily.markowitz@noaa.gov,NA,Encountered,80610
NMFS AFSC GAP Survey,Pseudarchaster alascensis,Emily Markowtiz,emily.markowitz@noaa.gov,NA,Encountered,80620
NMFS AFSC GAP Survey,Pseudarchaster pusillus,Emily Markowtiz,emily.markowitz@noaa.gov,NA,Encountered,80624
NMFS AFSC GAP Survey,Pseudarchaster dissonus,Emily Markowtiz,emily.markowitz@noaa.gov,NA,Encountered,80625
NMFS AFSC GAP Survey,Odontaster sp.,Emily Markowtiz,emily.markowitz@noaa.gov,NA,Encountered,80628
NMFS AFSC GAP Survey,Odontaster sp. B (Clark),Emily Markowtiz,emily.markowitz@noaa.gov,NA,Encountered,80629
NMFS AFSC GAP Survey,Hippasteria sp.,Emily Markowtiz,emily.markowitz@noaa.gov,NA,Encountered,80630
NMFS AFSC GAP Survey,Hippasteria sp. B (Clark),Emily Markowtiz,emily.markowitz@noaa.gov,pale spiny star,Encountered,80634
NMFS AFSC GAP Survey,Hippasteria sp. C (Clark),Emily Markowtiz,emily.markowitz@noaa.gov,Bering spiny star,Encountered,80635
NMFS AFSC GAP Survey,Hippasteria sp. D (Clark),Emily Markowtiz,emily.markowitz@noaa.gov,Commander spiny star,Encountered,80636
NMFS AFSC GAP Survey,Hippasteria sp. E (Clark),Emily Markowtiz,emily.markowitz@noaa.gov,Alaskan spiny star,Encountered,80637
NMFS AFSC GAP Survey,Hippasteria californica,Emily Markowtiz,emily.markowitz@noaa.gov,NA,Encountered,80640
NMFS AFSC GAP Survey,Hippasteria heathi,Emily Markowtiz,emily.markowitz@noaa.gov,NA,Encountered,80645
NMFS AFSC GAP Survey,Hippasteria leiopelta,Emily Markowtiz,emily.markowitz@noaa.gov,NA,Encountered,80646
NMFS AFSC GAP Survey,Hippasteria phrygiana,Emily Markowtiz,emily.markowitz@noaa.gov,Aleutian spiny star,Encountered,80650
NMFS AFSC GAP Survey,Pseudarchaster parelii,Emily Markowtiz,emily.markowitz@noaa.gov,scarlet sea star,Encountered,80660
NMFS AFSC GAP Survey,Hippasteria lepidonotus,Emily Markowtiz,emily.markowitz@noaa.gov,NA,Encountered,80670
NMFS AFSC GAP Survey,Mediaster sp.,Emily Markowtiz,emily.markowitz@noaa.gov,NA,Encountered,80690
NMFS AFSC GAP Survey,Mediaster tenellus,Emily Markowtiz,emily.markowitz@noaa.gov,NA,Encountered,80691
NMFS AFSC GAP Survey,Mediaster aequalis,Emily Markowtiz,emily.markowitz@noaa.gov,vermilion sea star,Encountered,80710
NMFS AFSC GAP Survey,Ceramaster sp.,Emily Markowtiz,emily.markowitz@noaa.gov,NA,Encountered,80728
NMFS AFSC GAP Survey,Ceramaster japonicus,Emily Markowtiz,emily.markowitz@noaa.gov,red bat star,Encountered,80729
NMFS AFSC GAP Survey,Ceramaster patagonicus,Emily Markowtiz,emily.markowitz@noaa.gov,orange bat sea star,Encountered,80730
NMFS AFSC GAP Survey,Ceramaster arcticus,Emily Markowtiz,emily.markowitz@noaa.gov,Arctic bat sea star,Encountered,80731
NMFS AFSC GAP Survey,Ceramaster clarki,Emily Markowtiz,emily.markowitz@noaa.gov,NA,Encountered,80732
NMFS AFSC GAP Survey,Ceramaster stellatus,Emily Markowtiz,emily.markowitz@noaa.gov,NA,Encountered,80733
NMFS AFSC GAP Survey,Goniasteridae,Emily Markowtiz,emily.markowitz@noaa.gov,goniasterid sea stars,Encountered,80735
NMFS AFSC GAP Survey,Luidia sp.,Emily Markowtiz,emily.markowitz@noaa.gov,NA,Encountered,80800
NMFS AFSC GAP Survey,Luidia foliolata,Emily Markowtiz,emily.markowitz@noaa.gov,sand sea star,Encountered,80810
NMFS AFSC GAP Survey,Astropectinidae,Emily Markowtiz,emily.markowitz@noaa.gov,NA,Encountered,80811
NMFS AFSC GAP Survey,Dermasterias imbricata,Emily Markowtiz,emily.markowitz@noaa.gov,leather sea star,Encountered,80910
NMFS AFSC GAP Survey,Patiria miniata,Emily Markowtiz,emily.markowitz@noaa.gov,bat star,Encountered,80915
NMFS AFSC GAP Survey,Solaster sp.,Emily Markowtiz,emily.markowitz@noaa.gov,NA,Encountered,81060
NMFS AFSC GAP Survey,Solaster endeca,Emily Markowtiz,emily.markowitz@noaa.gov,northern sun sea star,Encountered,81061
NMFS AFSC GAP Survey,Solaster hypothrissus,Emily Markowtiz,emily.markowitz@noaa.gov,NA,Encountered,81062
NMFS AFSC GAP Survey,Solaster hexactis,Emily Markowtiz,emily.markowitz@noaa.gov,NA,Encountered,81063
NMFS AFSC GAP Survey,Solaster dawsoni,Emily Markowtiz,emily.markowitz@noaa.gov,morning sun sea star,Encountered,81064
NMFS AFSC GAP Survey,Solaster stimpsoni,Emily Markowtiz,emily.markowitz@noaa.gov,striped sun sea star,Encountered,81065
NMFS AFSC GAP Survey,Solaster exiguus,Emily Markowtiz,emily.markowitz@noaa.gov,NA,Encountered,81066
NMFS AFSC GAP Survey,Solaster sp. A (Clark 1997),Emily Markowtiz,emily.markowitz@noaa.gov,NA,Encountered,81067
NMFS AFSC GAP Survey,Solaster spectabilis,Emily Markowtiz,emily.markowitz@noaa.gov,beautiful sun star,Encountered,81068
NMFS AFSC GAP Survey,Solaster sp. D (Clark),Emily Markowtiz,emily.markowitz@noaa.gov,serpent sun star,Encountered,81069
NMFS AFSC GAP Survey,Solaster sp. E (Clark),Emily Markowtiz,emily.markowitz@noaa.gov,Kessler sun star,Encountered,81070
NMFS AFSC GAP Survey,Solaster sp. F (Clark),Emily Markowtiz,emily.markowitz@noaa.gov,Fisher sun star,Encountered,81071
NMFS AFSC GAP Survey,Solaster sp. G (Clark),Emily Markowtiz,emily.markowitz@noaa.gov,ocher sun star,Encountered,81072
NMFS AFSC GAP Survey,Solaster dawsoni arcticus,Emily Markowtiz,emily.markowitz@noaa.gov,NA,Encountered,81073
NMFS AFSC GAP Survey,Solasteridae,Emily Markowtiz,emily.markowitz@noaa.gov,solasterid sea star unid.,Encountered,81074
NMFS AFSC GAP Survey,Solaster paxillatus,Emily Markowtiz,emily.markowitz@noaa.gov,evening sun sea star,Encountered,81080
NMFS AFSC GAP Survey,Crossaster sp.,Emily Markowtiz,emily.markowitz@noaa.gov,NA,Encountered,81090
NMFS AFSC GAP Survey,Crossaster borealis,Emily Markowtiz,emily.markowitz@noaa.gov,grooved sea star,Encountered,81092
NMFS AFSC GAP Survey,Crossaster sp. A (Clark),Emily Markowtiz,emily.markowitz@noaa.gov,white rose star,Encountered,81093
NMFS AFSC GAP Survey,Crossaster sp. B (Clark),Emily Markowtiz,emily.markowitz@noaa.gov,pink rose star,Encountered,81094
NMFS AFSC GAP Survey,Crossaster papposus,Emily Markowtiz,emily.markowitz@noaa.gov,rose sea star,Encountered,81095
NMFS AFSC GAP Survey,Heterozonias alternatus,Emily Markowtiz,emily.markowitz@noaa.gov,cannonball sun star,Encountered,81100
NMFS AFSC GAP Survey,Heterozonias sp.,Emily Markowtiz,emily.markowitz@noaa.gov,NA,Encountered,81101
NMFS AFSC GAP Survey,Lophaster sp.,Emily Markowtiz,emily.markowitz@noaa.gov,NA,Encountered,81120
NMFS AFSC GAP Survey,Lophaster sp. A (Clark),Emily Markowtiz,emily.markowitz@noaa.gov,NA,Encountered,81121
NMFS AFSC GAP Survey,Lophaster sp. B (Clark),Emily Markowtiz,emily.markowitz@noaa.gov,NA,Encountered,81122
NMFS AFSC GAP Survey,Lophaster furcilliger,Emily Markowtiz,emily.markowitz@noaa.gov,crested sea star,Encountered,81130
NMFS AFSC GAP Survey,Asthenactis fisheri,Emily Markowtiz,emily.markowitz@noaa.gov,NA,Encountered,81135
NMFS AFSC GAP Survey,Peribolaster biserialis,Emily Markowtiz,emily.markowitz@noaa.gov,NA,Encountered,81295
NMFS AFSC GAP Survey,Pteraster sp.,Emily Markowtiz,emily.markowitz@noaa.gov,NA,Encountered,81310
NMFS AFSC GAP Survey,Pteraster sp. cf. temnochiton (Clark 1999),Emily Markowtiz,emily.markowitz@noaa.gov,NA,Encountered,81311
NMFS AFSC GAP Survey,Pteraster temnochiton,Emily Markowtiz,emily.markowitz@noaa.gov,cushion sea star,Encountered,81312
NMFS AFSC GAP Survey,Pteraster sp. A (Clark 1999),Emily Markowtiz,emily.markowitz@noaa.gov,NA,Encountered,81313
NMFS AFSC GAP Survey,Pteraster sp. B (Clark 1997),Emily Markowtiz,emily.markowitz@noaa.gov,NA,Encountered,81314
NMFS AFSC GAP Survey,Hymenodiscus sp.,Emily Markowtiz,emily.markowitz@noaa.gov,NA,Encountered,82002
NMFS AFSC GAP Survey,Brisingidae,Emily Markowtiz,emily.markowitz@noaa.gov,brisingid sea star,Encountered,82003
NMFS AFSC GAP Survey,Zoroasteridae,Emily Markowtiz,emily.markowitz@noaa.gov,NA,Encountered,82030
NMFS AFSC GAP Survey,Sagenaster evermanni,Emily Markowtiz,emily.markowitz@noaa.gov,Evermann seastar,Encountered,82035
NMFS AFSC GAP Survey,Zoroaster ophiurus,Emily Markowtiz,emily.markowitz@noaa.gov,NA,Encountered,82060
NMFS AFSC GAP Survey,Myxoderma platyacanthum,Emily Markowtiz,emily.markowitz@noaa.gov,NA,Encountered,82090
NMFS AFSC GAP Survey,Myxoderma sacculatum,Emily Markowtiz,emily.markowitz@noaa.gov,NA,Encountered,82091
NMFS AFSC GAP Survey,Anteliaster sp.,Emily Markowtiz,emily.markowitz@noaa.gov,NA,Encountered,82100
NMFS AFSC GAP Survey,Anteliaster microgenys nannodes,Emily Markowtiz,emily.markowitz@noaa.gov,NA,Encountered,82101
NMFS AFSC GAP Survey,Echinacea,Emily Markowtiz,emily.markowitz@noaa.gov,sea urchin unid.,Encountered,82500
NMFS AFSC GAP Survey,Strongylocentrotus droebachiensis,Emily Markowtiz,emily.markowitz@noaa.gov,green sea urchin,Encountered,82510
NMFS AFSC GAP Survey,Strongylocentrotus sp.,Emily Markowtiz,emily.markowitz@noaa.gov,NA,Encountered,82511
NMFS AFSC GAP Survey,Mesocentrotus franciscanus,Emily Markowtiz,emily.markowitz@noaa.gov,red sea urchin,Encountered,82520
NMFS AFSC GAP Survey,Strongylocentrotus polyacanthus,Emily Markowtiz,emily.markowitz@noaa.gov,NA,Encountered,82522
NMFS AFSC GAP Survey,Strongylocentrotus purpuratus,Emily Markowtiz,emily.markowitz@noaa.gov,purple sea urchin,Encountered,82525
NMFS AFSC GAP Survey,Strongylocentrotus pallidus,Emily Markowtiz,emily.markowitz@noaa.gov,NA,Encountered,82526
NMFS AFSC GAP Survey,Strongylocentrotus sp. A,Emily Markowtiz,emily.markowitz@noaa.gov,NA,Encountered,82527
NMFS AFSC GAP Survey,Strongylocentrotus sp. B,Emily Markowtiz,emily.markowitz@noaa.gov,NA,Encountered,82528
NMFS AFSC GAP Survey,Strongylocentrotus fragilis,Emily Markowtiz,emily.markowitz@noaa.gov,orange-pink sea urchin,Encountered,82530
NMFS AFSC GAP Survey,NA,Emily Markowtiz,emily.markowitz@noaa.gov,heart urchin unid.,Encountered,82650
NMFS AFSC GAP Survey,Brisaster sp.,Emily Markowtiz,emily.markowitz@noaa.gov,NA,Encountered,82660
NMFS AFSC GAP Survey,Pteraster tesselatus,Emily Markowtiz,emily.markowitz@noaa.gov,NA,Encountered,81315
NMFS AFSC GAP Survey,Pteraster jordani,Emily Markowtiz,emily.markowitz@noaa.gov,NA,Encountered,81316
NMFS AFSC GAP Survey,Pteraster willsi,Emily Markowtiz,emily.markowitz@noaa.gov,NA,Encountered,81317
NMFS AFSC GAP Survey,Pteraster sp. D (Clark),Emily Markowtiz,emily.markowitz@noaa.gov,NA,Encountered,81318
NMFS AFSC GAP Survey,Pteraster sp. E (Clark),Emily Markowtiz,emily.markowitz@noaa.gov,NA,Encountered,81319
NMFS AFSC GAP Survey,Pteraster militaris,Emily Markowtiz,emily.markowitz@noaa.gov,wrinkled star,Encountered,81320
NMFS AFSC GAP Survey,Pteraster marsippus,Emily Markowtiz,emily.markowitz@noaa.gov,NA,Encountered,81321
NMFS AFSC GAP Survey,Pteraster octaster,Emily Markowtiz,emily.markowitz@noaa.gov,NA,Encountered,81322
NMFS AFSC GAP Survey,Pteraster sp. F (Clark),Emily Markowtiz,emily.markowitz@noaa.gov,NA,Encountered,81323
NMFS AFSC GAP Survey,Pteraster tesselatus arcuatus,Emily Markowtiz,emily.markowitz@noaa.gov,NA,Encountered,81340
NMFS AFSC GAP Survey,Pteraster trigonodon,Emily Markowtiz,emily.markowitz@noaa.gov,NA,Encountered,81345
NMFS AFSC GAP Survey,Pteraster coscinopeplus,Emily Markowtiz,emily.markowitz@noaa.gov,deepwater Pteraster,Encountered,81350
NMFS AFSC GAP Survey,Pteraster obscurus,Emily Markowtiz,emily.markowitz@noaa.gov,obscure sea star,Encountered,81355
NMFS AFSC GAP Survey,Pteraster pulvillus,Emily Markowtiz,emily.markowitz@noaa.gov,NA,Encountered,81356
NMFS AFSC GAP Survey,Diplopteraster multipes,Emily Markowtiz,emily.markowitz@noaa.gov,pincushion sea star,Encountered,81360
NMFS AFSC GAP Survey,Diplopteraster sp.,Emily Markowtiz,emily.markowitz@noaa.gov,NA,Encountered,81361
NMFS AFSC GAP Survey,Hymenaster sp.,Emily Markowtiz,emily.markowitz@noaa.gov,pancake star,Encountered,81365
NMFS AFSC GAP Survey,Thrissacanthias penicillatus,Emily Markowtiz,emily.markowitz@noaa.gov,NA,Encountered,81370
NMFS AFSC GAP Survey,Asterias sp.,Emily Markowtiz,emily.markowitz@noaa.gov,NA,Encountered,81741
NMFS AFSC GAP Survey,Asterias amurensis,Emily Markowtiz,emily.markowitz@noaa.gov,purple-orange sea star,Encountered,81742
NMFS AFSC GAP Survey,Astropecten californicus,Emily Markowtiz,emily.markowitz@noaa.gov,NA,Encountered,81743
NMFS AFSC GAP Survey,Ctenodiscus sp.,Emily Markowtiz,emily.markowitz@noaa.gov,NA,Encountered,81779
NMFS AFSC GAP Survey,Ctenodiscus crispatus,Emily Markowtiz,emily.markowitz@noaa.gov,common mud star,Encountered,81780
NMFS AFSC GAP Survey,Leptychaster sp.,Emily Markowtiz,emily.markowitz@noaa.gov,NA,Encountered,81820
NMFS AFSC GAP Survey,Leptychaster anomalus,Emily Markowtiz,emily.markowitz@noaa.gov,NA,Encountered,81829
NMFS AFSC GAP Survey,Leptychaster pacificus,Emily Markowtiz,emily.markowitz@noaa.gov,NA,Encountered,81830
NMFS AFSC GAP Survey,Leptychaster propinquus,Emily Markowtiz,emily.markowitz@noaa.gov,NA,Encountered,81831
NMFS AFSC GAP Survey,Leptychaster arcticus,Emily Markowtiz,emily.markowitz@noaa.gov,North Pacific sea star,Encountered,81835
NMFS AFSC GAP Survey,Cladaster validus,Emily Markowtiz,emily.markowitz@noaa.gov,NA,Encountered,81840
NMFS AFSC GAP Survey,Cladaster sp.,Emily Markowtiz,emily.markowitz@noaa.gov,NA,Encountered,81841
NMFS AFSC GAP Survey,Dipsacaster sp.,Emily Markowtiz,emily.markowitz@noaa.gov,NA,Encountered,81850
NMFS AFSC GAP Survey,Dipsacaster anoplus,Emily Markowtiz,emily.markowitz@noaa.gov,NA,Encountered,81860
NMFS AFSC GAP Survey,Dipsacaster borealis,Emily Markowtiz,emily.markowitz@noaa.gov,northern sea star,Encountered,81870
NMFS AFSC GAP Survey,Dipsacaster eximius,Emily Markowtiz,emily.markowitz@noaa.gov,NA,Encountered,81875
NMFS AFSC GAP Survey,Psilaster pectinatus,Emily Markowtiz,emily.markowitz@noaa.gov,NA,Encountered,81880
NMFS AFSC GAP Survey,Benthopectinidae,Emily Markowtiz,emily.markowitz@noaa.gov,NA,Encountered,81890
NMFS AFSC GAP Survey,Cheiraster sp.,Emily Markowtiz,emily.markowitz@noaa.gov,NA,Encountered,81908
NMFS AFSC GAP Survey,Cheiraster sp. A (Clark 2006),Emily Markowtiz,emily.markowitz@noaa.gov,Aleutian fragile sea star,Encountered,81909
NMFS AFSC GAP Survey,Cheiraster dawsoni,Emily Markowtiz,emily.markowitz@noaa.gov,fragile sea star,Encountered,81910
NMFS AFSC GAP Survey,Nearchaster variabilis,Emily Markowtiz,emily.markowitz@noaa.gov,NA,Encountered,81912
NMFS AFSC GAP Survey,Nearchaster sp.,Emily Markowtiz,emily.markowitz@noaa.gov,NA,Encountered,81919
NMFS AFSC GAP Survey,Nearchaster aciculosus,Emily Markowtiz,emily.markowitz@noaa.gov,NA,Encountered,81920
NMFS AFSC GAP Survey,Nearchaster pedicellaris,Emily Markowtiz,emily.markowitz@noaa.gov,NA,Encountered,81921
NMFS AFSC GAP Survey,Astronebris tatafilius,Emily Markowtiz,emily.markowitz@noaa.gov,NA,Encountered,81930
NMFS AFSC GAP Survey,Hymenodiscus pusilla,Emily Markowtiz,emily.markowitz@noaa.gov,NA,Encountered,82000
NMFS AFSC GAP Survey,Hymenodiscus exilis,Emily Markowtiz,emily.markowitz@noaa.gov,NA,Encountered,82001
NMFS AFSC GAP Survey,Stylasterias sp.,Emily Markowtiz,emily.markowitz@noaa.gov,NA,Encountered,80171
NMFS AFSC GAP Survey,Ampheraster sp.,Emily Markowtiz,emily.markowitz@noaa.gov,NA,Encountered,80180
NMFS AFSC GAP Survey,Ampheraster marianus,Emily Markowtiz,emily.markowitz@noaa.gov,NA,Encountered,80182
NMFS AFSC GAP Survey,Tarsaster alaskanus,Emily Markowtiz,emily.markowitz@noaa.gov,NA,Encountered,80190
NMFS AFSC GAP Survey,Lethasterias nanimensis,Emily Markowtiz,emily.markowitz@noaa.gov,blackspined sea star,Encountered,80200
NMFS AFSC GAP Survey,Lethasterias sp.,Emily Markowtiz,emily.markowitz@noaa.gov,NA,Encountered,80201
NMFS AFSC GAP Survey,Pedicellaster sp.,Emily Markowtiz,emily.markowitz@noaa.gov,NA,Encountered,80220
NMFS AFSC GAP Survey,Pedicellaster magister,Emily Markowtiz,emily.markowitz@noaa.gov,majestic sea star,Encountered,80230
NMFS AFSC GAP Survey,Stephanasterias albula,Emily Markowtiz,emily.markowitz@noaa.gov,NA,Encountered,80250
NMFS AFSC GAP Survey,Pisaster sp.,Emily Markowtiz,emily.markowitz@noaa.gov,NA,Encountered,80310
NMFS AFSC GAP Survey,Pisaster brevispinus,Emily Markowtiz,emily.markowitz@noaa.gov,giant pink star,Encountered,80311
NMFS AFSC GAP Survey,Pisaster ochraceus,Emily Markowtiz,emily.markowitz@noaa.gov,purple star,Encountered,80312
NMFS AFSC GAP Survey,Poraniopsis inflata,Emily Markowtiz,emily.markowitz@noaa.gov,NA,Encountered,80520
NMFS AFSC GAP Survey,Henricia lineata,Emily Markowtiz,emily.markowitz@noaa.gov,lined blood star,Encountered,80535
NMFS AFSC GAP Survey,Henricia sp. B (Clark 2006),Emily Markowtiz,emily.markowitz@noaa.gov,white Henricia,Encountered,80536
NMFS AFSC GAP Survey,Henricia rhytisma,Emily Markowtiz,emily.markowitz@noaa.gov,mottled Henricia,Encountered,80537
NMFS AFSC GAP Survey,Henricia derjugini,Emily Markowtiz,emily.markowitz@noaa.gov,NA,Encountered,80539
NMFS AFSC GAP Survey,Henricia sp.,Emily Markowtiz,emily.markowitz@noaa.gov,NA,Encountered,80540
NMFS AFSC GAP Survey,Henricia clarki,Emily Markowtiz,emily.markowitz@noaa.gov,NA,Encountered,80541
NMFS AFSC GAP Survey,Henricia sanguinolenta,Emily Markowtiz,emily.markowitz@noaa.gov,sanguine sea star,Encountered,80542
NMFS AFSC GAP Survey,Henricia aspera,Emily Markowtiz,emily.markowitz@noaa.gov,ridged blood star,Encountered,80543
NMFS AFSC GAP Survey,Henricia leviuscula,Emily Markowtiz,emily.markowitz@noaa.gov,blood sea star,Encountered,80544
NMFS AFSC GAP Survey,Henricia longispina aleutica,Emily Markowtiz,emily.markowitz@noaa.gov,NA,Encountered,80545
NMFS AFSC GAP Survey,Henricia tumida,Emily Markowtiz,emily.markowitz@noaa.gov,tumid sea star,Encountered,80546
NMFS AFSC GAP Survey,Henricia asthenactis,Emily Markowtiz,emily.markowitz@noaa.gov,NA,Encountered,80547
NMFS AFSC GAP Survey,Henricia longispina,Emily Markowtiz,emily.markowitz@noaa.gov,NA,Encountered,80548
NMFS AFSC GAP Survey,Henricia leviuscula spiculifera,Emily Markowtiz,emily.markowitz@noaa.gov,spiny Henricia,Encountered,80549
NMFS AFSC GAP Survey,Odontohenricia fisheri,Emily Markowtiz,emily.markowitz@noaa.gov,NA,Encountered,80550
NMFS AFSC GAP Survey,Odontohenricia sp.,Emily Markowtiz,emily.markowitz@noaa.gov,NA,Encountered,80551
NMFS AFSC GAP Survey,Odontohenricia sp. A (Clark),Emily Markowtiz,emily.markowitz@noaa.gov,NA,Encountered,80552
NMFS AFSC GAP Survey,Odontohenricia sp. B (Clark),Emily Markowtiz,emily.markowitz@noaa.gov,NA,Encountered,80553
NMFS AFSC GAP Survey,Odontohenricia ahearnae,Emily Markowtiz,emily.markowitz@noaa.gov,NA,Encountered,80554
NMFS AFSC GAP Survey,Odontohenricia violacea,Emily Markowtiz,emily.markowitz@noaa.gov,NA,Encountered,80555
NMFS AFSC GAP Survey,Odontohenricia sp. E (Clark 2006),Emily Markowtiz,emily.markowitz@noaa.gov,giant toothed Henricia,Encountered,80556
NMFS AFSC GAP Survey,Aleutihenricia federi,Emily Markowtiz,emily.markowitz@noaa.gov,NA,Encountered,80557
NMFS AFSC GAP Survey,Henricia sp. D (Clark 2006),Emily Markowtiz,emily.markowitz@noaa.gov,fuzzy henricia,Encountered,80560
NMFS AFSC GAP Survey,Henricia sp. E (Clark 2006),Emily Markowtiz,emily.markowitz@noaa.gov,slender pale Henricia,Encountered,80561
NMFS AFSC GAP Survey,Leptasterias polaris,Emily Markowtiz,emily.markowitz@noaa.gov,NA,Encountered,80590
NMFS AFSC GAP Survey,Leptasterias polaris katherinae,Emily Markowtiz,emily.markowitz@noaa.gov,NA,Encountered,80591
NMFS AFSC GAP Survey,Leptasterias arctica,Emily Markowtiz,emily.markowitz@noaa.gov,NA,Encountered,80594
NMFS AFSC GAP Survey,Leptasterias sp.,Emily Markowtiz,emily.markowitz@noaa.gov,NA,Encountered,80595
NMFS AFSC GAP Survey,Leptasterias camtschatica,Emily Markowtiz,emily.markowitz@noaa.gov,NA,Encountered,80596
NMFS AFSC GAP Survey,Aleutihenricia beringiana,Emily Markowtiz,emily.markowitz@noaa.gov,Bering Henricia,Encountered,80597
NMFS AFSC GAP Survey,Brisaster townsendi,Emily Markowtiz,emily.markowitz@noaa.gov,NA,Encountered,82670
NMFS AFSC GAP Survey,NA,Emily Markowtiz,emily.markowitz@noaa.gov,large green heart urchin,Encountered,82672
NMFS AFSC GAP Survey,NA,Emily Markowtiz,emily.markowitz@noaa.gov,oval heart urchin,Encountered,82673
NMFS AFSC GAP Survey,Brisaster latifrons,Emily Markowtiz,emily.markowitz@noaa.gov,heart urchin,Encountered,82675
NMFS AFSC GAP Survey,Brisaster owstoni,Emily Markowtiz,emily.markowitz@noaa.gov,NA,Encountered,82676
NMFS AFSC GAP Survey,Spatangus californicus,Emily Markowtiz,emily.markowitz@noaa.gov,NA,Encountered,82680
NMFS AFSC GAP Survey,Brissopsis pacifica,Emily Markowtiz,emily.markowitz@noaa.gov,NA,Encountered,82685
NMFS AFSC GAP Survey,Marginoproctus sp.,Emily Markowtiz,emily.markowitz@noaa.gov,NA,Encountered,82690
NMFS AFSC GAP Survey,Marginoproctus djakonovi,Emily Markowtiz,emily.markowitz@noaa.gov,NA,Encountered,82691
NMFS AFSC GAP Survey,NA,Emily Markowtiz,emily.markowitz@noaa.gov,sand dollar unid.,Encountered,82730
NMFS AFSC GAP Survey,Echinarachnius parma,Emily Markowtiz,emily.markowitz@noaa.gov,parma sand dollar,Encountered,82740
NMFS AFSC GAP Survey,Dendraster excentricus,Emily Markowtiz,emily.markowitz@noaa.gov,NA,Encountered,82741
NMFS AFSC GAP Survey,NA,Emily Markowtiz,emily.markowitz@noaa.gov,crinoid unid.,Encountered,82750
NMFS AFSC GAP Survey,Ptilocrinus pinnatus,Emily Markowtiz,emily.markowitz@noaa.gov,yellow sea lily,Encountered,82751
NMFS AFSC GAP Survey,Heliometra glacialis,Emily Markowtiz,emily.markowitz@noaa.gov,NA,Encountered,82755
NMFS AFSC GAP Survey,Retiometra alascana,Emily Markowtiz,emily.markowitz@noaa.gov,Alaskan crinoid,Encountered,82757
NMFS AFSC GAP Survey,Florometra sp.,Emily Markowtiz,emily.markowitz@noaa.gov,NA,Encountered,82760
NMFS AFSC GAP Survey,Florometra serratissima,Emily Markowtiz,emily.markowitz@noaa.gov,featherstar crinoid,Encountered,82770
NMFS AFSC GAP Survey,Florometra asperrima,Emily Markowtiz,emily.markowitz@noaa.gov,common northern feather star,Encountered,82771
NMFS AFSC GAP Survey,Psathyrometra fragilis,Emily Markowtiz,emily.markowitz@noaa.gov,NA,Encountered,82772
NMFS AFSC GAP Survey,Fariometra sp.,Emily Markowtiz,emily.markowitz@noaa.gov,dwarf feather star,Encountered,82775
NMFS AFSC GAP Survey,Ophiuroidea,Emily Markowtiz,emily.markowitz@noaa.gov,brittlestar unid.,Encountered,83000
NMFS AFSC GAP Survey,Ophiuridae,Emily Markowtiz,emily.markowitz@noaa.gov,NA,Encountered,83010
NMFS AFSC GAP Survey,Gorgonocephalus eucnemis,Emily Markowtiz,emily.markowitz@noaa.gov,basketstar,Encountered,83020
NMFS AFSC GAP Survey,Gorgonocephalus sp. cf. arcticus,Emily Markowtiz,emily.markowitz@noaa.gov,NA,Encountered,83021
NMFS AFSC GAP Survey,Gorgonocephalus sp.,Emily Markowtiz,emily.markowitz@noaa.gov,NA,Encountered,83022
NMFS AFSC GAP Survey,Astrocladus coniferus,Emily Markowtiz,emily.markowitz@noaa.gov,NA,Encountered,83025
NMFS AFSC GAP Survey,Asteronychidae,Emily Markowtiz,emily.markowitz@noaa.gov,NA,Encountered,83055
NMFS AFSC GAP Survey,Asteronyx sp.,Emily Markowtiz,emily.markowitz@noaa.gov,NA,Encountered,83060
NMFS AFSC GAP Survey,Asteroschema sp.,Emily Markowtiz,emily.markowitz@noaa.gov,NA,Encountered,83064
NMFS AFSC GAP Survey,Asteroschema sublaeve,Emily Markowtiz,emily.markowitz@noaa.gov,NA,Encountered,83065
NMFS AFSC GAP Survey,Asteronyx loveni,Emily Markowtiz,emily.markowitz@noaa.gov,serpent sea star,Encountered,83070
NMFS AFSC GAP Survey,Asteronyx longifissus,Emily Markowtiz,emily.markowitz@noaa.gov,NA,Encountered,83075
NMFS AFSC GAP Survey,Astrochele laevis,Emily Markowtiz,emily.markowitz@noaa.gov,NA,Encountered,83080
NMFS AFSC GAP Survey,Astrochele sp. A (Clark 2006),Emily Markowtiz,emily.markowitz@noaa.gov,NA,Encountered,83081
NMFS AFSC GAP Survey,Astrochele sp.,Emily Markowtiz,emily.markowitz@noaa.gov,NA,Encountered,83090
NMFS AFSC GAP Survey,Ophiura sp.,Emily Markowtiz,emily.markowitz@noaa.gov,NA,Encountered,83310
NMFS AFSC GAP Survey,Ophiura cryptolepis,Emily Markowtiz,emily.markowitz@noaa.gov,NA,Encountered,83311
NMFS AFSC GAP Survey,Ophiura quadrispina,Emily Markowtiz,emily.markowitz@noaa.gov,four spined brittle star,Encountered,83312
NMFS AFSC GAP Survey,Ophiura maculata,Emily Markowtiz,emily.markowitz@noaa.gov,NA,Encountered,83313
NMFS AFSC GAP Survey,Ophiura luetkenii,Emily Markowtiz,emily.markowitz@noaa.gov,gray brittle star,Encountered,83319
NMFS AFSC GAP Survey,Ophiura sarsii,Emily Markowtiz,emily.markowitz@noaa.gov,notched brittlestar,Encountered,83320
NMFS AFSC GAP Survey,Stegophiura nodosa,Emily Markowtiz,emily.markowitz@noaa.gov,NA,Encountered,83336
NMFS AFSC GAP Survey,Amphiophiura sp. A (Clark 2006),Emily Markowtiz,emily.markowitz@noaa.gov,NA,Encountered,83337
NMFS AFSC GAP Survey,Amphiophiura superba,Emily Markowtiz,emily.markowitz@noaa.gov,NA,Encountered,83338
NMFS AFSC GAP Survey,Amphiophiura sp.,Emily Markowtiz,emily.markowitz@noaa.gov,NA,Encountered,83339
NMFS AFSC GAP Survey,Stegophiura ponderosa,Emily Markowtiz,emily.markowitz@noaa.gov,NA,Encountered,83340
NMFS AFSC GAP Survey,Ophiophthalmus normani,Emily Markowtiz,emily.markowitz@noaa.gov,NA,Encountered,83341
NMFS AFSC GAP Survey,Ophiacantha sp.,Emily Markowtiz,emily.markowitz@noaa.gov,NA,Encountered,83342
NMFS AFSC GAP Survey,Geodia mesotriaena,Emily Markowtiz,emily.markowitz@noaa.gov,soccer ball sponge,Encountered,91046
NMFS AFSC GAP Survey,Geodia sp.,Emily Markowtiz,emily.markowitz@noaa.gov,NA,Encountered,91047
NMFS AFSC GAP Survey,Acanthascus sp.,Emily Markowtiz,emily.markowitz@noaa.gov,NA,Encountered,91048
NMFS AFSC GAP Survey,Halichondria sp.,Emily Markowtiz,emily.markowitz@noaa.gov,NA,Encountered,91049
NMFS AFSC GAP Survey,Halichondria panicea,Emily Markowtiz,emily.markowitz@noaa.gov,barrel sponge,Encountered,91050
NMFS AFSC GAP Survey,NA,Emily Markowtiz,emily.markowitz@noaa.gov,neon yellow vase sponge,Encountered,91051
NMFS AFSC GAP Survey,Leucandra heathi,Emily Markowtiz,emily.markowitz@noaa.gov,spiny vase sponge,Encountered,91052
NMFS AFSC GAP Survey,Rhabdocalyptus sp.,Emily Markowtiz,emily.markowitz@noaa.gov,cloud sponge,Encountered,91053
NMFS AFSC GAP Survey,NA,Emily Markowtiz,emily.markowitz@noaa.gov,brain sponge,Encountered,91055
NMFS AFSC GAP Survey,NA,Emily Markowtiz,emily.markowitz@noaa.gov,funnel sponge,Encountered,91056
NMFS AFSC GAP Survey,Stelodoryx oxeata,Emily Markowtiz,emily.markowitz@noaa.gov,scapula sponge,Encountered,91057
NMFS AFSC GAP Survey,Semisuberites cribrosa,Emily Markowtiz,emily.markowitz@noaa.gov,cat-o-nine-tails sponge,Encountered,91059
NMFS AFSC GAP Survey,Myxilla parasitica,Emily Markowtiz,emily.markowitz@noaa.gov,scallop sponge,Encountered,91060
NMFS AFSC GAP Survey,Myxilla lacunosa,Emily Markowtiz,emily.markowitz@noaa.gov,sulfur sponge,Encountered,91061
NMFS AFSC GAP Survey,Myxilla brunnea,Emily Markowtiz,emily.markowitz@noaa.gov,soft brown sponge,Encountered,91062
NMFS AFSC GAP Survey,Echinoclathria beringensis,Emily Markowtiz,emily.markowitz@noaa.gov,hat sponge,Encountered,91063
NMFS AFSC GAP Survey,Axinella blanca,Emily Markowtiz,emily.markowitz@noaa.gov,firm finger sponge,Encountered,91064
NMFS AFSC GAP Survey,Pachastrellidae sp. 1,Emily Markowtiz,emily.markowitz@noaa.gov,mushroom sponge,Encountered,91065
NMFS AFSC GAP Survey,Histodermella kagigunensis,Emily Markowtiz,emily.markowitz@noaa.gov,spud sponge,Encountered,91066
NMFS AFSC GAP Survey,Tedania kagalaskai,Emily Markowtiz,emily.markowitz@noaa.gov,club sponge,Encountered,91067
NMFS AFSC GAP Survey,Monanchora pulchra,Emily Markowtiz,emily.markowitz@noaa.gov,yellow leafy sponge,Encountered,91068
NMFS AFSC GAP Survey,Tethya sp.,Emily Markowtiz,emily.markowitz@noaa.gov,ball sponge,Encountered,91069
NMFS AFSC GAP Survey,Hyalonema sp.,Emily Markowtiz,emily.markowitz@noaa.gov,fiber optic sponge,Encountered,91070
NMFS AFSC GAP Survey,NA,Emily Markowtiz,emily.markowitz@noaa.gov,staghorn sponge,Encountered,91071
NMFS AFSC GAP Survey,NA,Emily Markowtiz,emily.markowitz@noaa.gov,orange ball sponge,Encountered,91072
NMFS AFSC GAP Survey,Leucosolenia sp.,Emily Markowtiz,emily.markowitz@noaa.gov,NA,Encountered,91073
NMFS AFSC GAP Survey,Polymastia sp.,Emily Markowtiz,emily.markowitz@noaa.gov,NA,Encountered,91074
NMFS AFSC GAP Survey,Polymastia pacifica,Emily Markowtiz,emily.markowitz@noaa.gov,orange nipple-ball sponge,Encountered,91075
NMFS AFSC GAP Survey,NA,Emily Markowtiz,emily.markowitz@noaa.gov,orange sponge,Encountered,91076
NMFS AFSC GAP Survey,NA,Emily Markowtiz,emily.markowitz@noaa.gov,yellow bowl sponge,Encountered,91077
NMFS AFSC GAP Survey,Polymastia pachymastia,Emily Markowtiz,emily.markowitz@noaa.gov,black-orange spud sponge,Encountered,91078
NMFS AFSC GAP Survey,NA,Emily Markowtiz,emily.markowitz@noaa.gov,black papillate sponge,Encountered,91079
NMFS AFSC GAP Survey,NA,Emily Markowtiz,emily.markowitz@noaa.gov,yellow green papillate sponge,Encountered,91080
NMFS AFSC GAP Survey,NA,Emily Markowtiz,emily.markowitz@noaa.gov,yellow papillate sponge,Encountered,91081
NMFS AFSC GAP Survey,Polymastia sp. B (Clark 2006),Emily Markowtiz,emily.markowitz@noaa.gov,orange nipple ball sponge,Encountered,91082
NMFS AFSC GAP Survey,NA,Emily Markowtiz,emily.markowitz@noaa.gov,orange encrusting sponge,Encountered,91083
NMFS AFSC GAP Survey,NA,Emily Markowtiz,emily.markowitz@noaa.gov,firm yellow green sponge,Encountered,91084
NMFS AFSC GAP Survey,Ophiacantha enneactis,Emily Markowtiz,emily.markowitz@noaa.gov,NA,Encountered,83343
NMFS AFSC GAP Survey,Ophiacantha diplasia,Emily Markowtiz,emily.markowitz@noaa.gov,NA,Encountered,83344
NMFS AFSC GAP Survey,Ophiophthalmus cataleimmoidus,Emily Markowtiz,emily.markowitz@noaa.gov,NA,Encountered,83345
NMFS AFSC GAP Survey,Ophiacantha sp. cf. rhachophora,Emily Markowtiz,emily.markowitz@noaa.gov,NA,Encountered,83346
NMFS AFSC GAP Survey,Ophiacantha sp. A,Emily Markowtiz,emily.markowitz@noaa.gov,NA,Encountered,83347
NMFS AFSC GAP Survey,Ophiacantha bidentata,Emily Markowtiz,emily.markowitz@noaa.gov,NA,Encountered,83348
NMFS AFSC GAP Survey,Ophiopholis sp.,Emily Markowtiz,emily.markowitz@noaa.gov,NA,Encountered,83360
NMFS AFSC GAP Survey,Ophiopholis longispina,Emily Markowtiz,emily.markowitz@noaa.gov,NA,Encountered,83390
NMFS AFSC GAP Survey,Ophiopholis japonica,Emily Markowtiz,emily.markowitz@noaa.gov,NA,Encountered,83391
NMFS AFSC GAP Survey,Ophiopholis kennerlyi,Emily Markowtiz,emily.markowitz@noaa.gov,NA,Encountered,83392
NMFS AFSC GAP Survey,Ophiopholis aculeata,Emily Markowtiz,emily.markowitz@noaa.gov,ubiquitous brittle star,Encountered,83400
NMFS AFSC GAP Survey,Ophioscolex sp.,Emily Markowtiz,emily.markowitz@noaa.gov,NA,Encountered,83402
NMFS AFSC GAP Survey,Ophioscolex corynetes,Emily Markowtiz,emily.markowitz@noaa.gov,NA,Encountered,83403
NMFS AFSC GAP Survey,Ophiothrix sp.,Emily Markowtiz,emily.markowitz@noaa.gov,NA,Encountered,83405
NMFS AFSC GAP Survey,Ophiothrix spiculata,Emily Markowtiz,emily.markowitz@noaa.gov,NA,Encountered,83406
NMFS AFSC GAP Survey,Ophiosphalma jolliense,Emily Markowtiz,emily.markowitz@noaa.gov,NA,Encountered,83407
NMFS AFSC GAP Survey,Ophiosphalma sp. cf. jolliense,Emily Markowtiz,emily.markowitz@noaa.gov,NA,Encountered,83408
NMFS AFSC GAP Survey,Ophiomusium sp.,Emily Markowtiz,emily.markowitz@noaa.gov,NA,Encountered,83409
NMFS AFSC GAP Survey,Ophiolebes sp.,Emily Markowtiz,emily.markowitz@noaa.gov,NA,Encountered,83411
NMFS AFSC GAP Survey,Ophiosemnotes pachybactra,Emily Markowtiz,emily.markowitz@noaa.gov,thick spined brittle star,Encountered,83412
NMFS AFSC GAP Survey,Ophiosemnotes brevispina,Emily Markowtiz,emily.markowitz@noaa.gov,short spined brittle star,Encountered,83413
NMFS AFSC GAP Survey,Ophiosemnotes tylota,Emily Markowtiz,emily.markowitz@noaa.gov,NA,Encountered,83414
NMFS AFSC GAP Survey,Ophiosemnotes paucispina,Emily Markowtiz,emily.markowitz@noaa.gov,NA,Encountered,83415
NMFS AFSC GAP Survey,Ophiolebes sp. A (Clark 2006),Emily Markowtiz,emily.markowitz@noaa.gov,NA,Encountered,83416
NMFS AFSC GAP Survey,Ophiolebes sp. B (Clark 2006),Emily Markowtiz,emily.markowitz@noaa.gov,NA,Encountered,83417
NMFS AFSC GAP Survey,Ophiolebes sp. C (Clark 2006),Emily Markowtiz,emily.markowitz@noaa.gov,NA,Encountered,83418
NMFS AFSC GAP Survey,Ophiolebes sp. D (Clark 2006),Emily Markowtiz,emily.markowitz@noaa.gov,NA,Encountered,83419
NMFS AFSC GAP Survey,Ophiolebes sp. E (Clark 2006),Emily Markowtiz,emily.markowitz@noaa.gov,NA,Encountered,83420
NMFS AFSC GAP Survey,Ophiolebes sp. F (Clark 2006),Emily Markowtiz,emily.markowitz@noaa.gov,NA,Encountered,83421
NMFS AFSC GAP Survey,Ophiomusa lymani,Emily Markowtiz,emily.markowitz@noaa.gov,NA,Encountered,83480
NMFS AFSC GAP Survey,Astrophiura sp.,Emily Markowtiz,emily.markowitz@noaa.gov,NA,Encountered,83501
NMFS AFSC GAP Survey,Amphiuridae,Emily Markowtiz,emily.markowitz@noaa.gov,burrowing brittle star unid.,Encountered,83660
NMFS AFSC GAP Survey,Amphiura diomedeae,Emily Markowtiz,emily.markowitz@noaa.gov,NA,Encountered,83661
NMFS AFSC GAP Survey,Amphiodia fissa,Emily Markowtiz,emily.markowitz@noaa.gov,NA,Encountered,83700
NMFS AFSC GAP Survey,Amphiodia sp.,Emily Markowtiz,emily.markowitz@noaa.gov,NA,Encountered,83701
NMFS AFSC GAP Survey,Holothuroidea,Emily Markowtiz,emily.markowitz@noaa.gov,sea cucumber unid.,Encountered,85000
NMFS AFSC GAP Survey,Cucumaria frondosa japonica,Emily Markowtiz,emily.markowitz@noaa.gov,NA,Encountered,85010
NMFS AFSC GAP Survey,Cucumaria pallida,Emily Markowtiz,emily.markowitz@noaa.gov,pale sea cucumber,Encountered,85011
NMFS AFSC GAP Survey,Ocnus sp.,Emily Markowtiz,emily.markowitz@noaa.gov,NA,Encountered,85012
NMFS AFSC GAP Survey,Ocnus glacialis,Emily Markowtiz,emily.markowitz@noaa.gov,NA,Encountered,85013
NMFS AFSC GAP Survey,Parastichopus sp.,Emily Markowtiz,emily.markowitz@noaa.gov,NA,Encountered,85015
NMFS AFSC GAP Survey,Apostichopus leukothele,Emily Markowtiz,emily.markowitz@noaa.gov,giant orange cucumber,Encountered,85016
NMFS AFSC GAP Survey,Apostichopus californicus,Emily Markowtiz,emily.markowitz@noaa.gov,California sea cucumber,Encountered,85020
NMFS AFSC GAP Survey,Pseudostichopus sp.,Emily Markowtiz,emily.markowitz@noaa.gov,NA,Encountered,85060
NMFS AFSC GAP Survey,Pseudostichopus mollis,Emily Markowtiz,emily.markowitz@noaa.gov,sandy sea cucumber,Encountered,85070
NMFS AFSC GAP Survey,Chiridota sp.,Emily Markowtiz,emily.markowitz@noaa.gov,NA,Encountered,85080
NMFS AFSC GAP Survey,Chiridota albatrossii,Emily Markowtiz,emily.markowitz@noaa.gov,NA,Encountered,85081
NMFS AFSC GAP Survey,Myriotrochus rinkii,Emily Markowtiz,emily.markowitz@noaa.gov,NA,Encountered,85085
NMFS AFSC GAP Survey,Caudina arenicola,Emily Markowtiz,emily.markowitz@noaa.gov,NA,Encountered,85110
NMFS AFSC GAP Survey,Molpadia sp.,Emily Markowtiz,emily.markowitz@noaa.gov,NA,Encountered,85115
NMFS AFSC GAP Survey,Molpadia intermedia,Emily Markowtiz,emily.markowitz@noaa.gov,sweet sea potato,Encountered,85120
NMFS AFSC GAP Survey,Eupentacta sp.,Emily Markowtiz,emily.markowitz@noaa.gov,NA,Encountered,85166
NMFS AFSC GAP Survey,Eupentacta quinquesemita,Emily Markowtiz,emily.markowitz@noaa.gov,NA,Encountered,85167
NMFS AFSC GAP Survey,Pentamera lissoplaca,Emily Markowtiz,emily.markowitz@noaa.gov,crescent sea cucumber,Encountered,85169
NMFS AFSC GAP Survey,Pentamera sp.,Emily Markowtiz,emily.markowitz@noaa.gov,NA,Encountered,85170
NMFS AFSC GAP Survey,Pentamera sp. A (Clark 2006),Emily Markowtiz,emily.markowitz@noaa.gov,NA,Encountered,85171
NMFS AFSC GAP Survey,Paracaudina chilensis,Emily Markowtiz,emily.markowitz@noaa.gov,rattail sea cucumber,Encountered,85175
NMFS AFSC GAP Survey,Bathyplotes sp.,Emily Markowtiz,emily.markowitz@noaa.gov,NA,Encountered,85180
NMFS AFSC GAP Survey,Cucumaria sp.,Emily Markowtiz,emily.markowitz@noaa.gov,NA,Encountered,85200
NMFS AFSC GAP Survey,Cucumaria fallax,Emily Markowtiz,emily.markowitz@noaa.gov,sea football,Encountered,85201
NMFS AFSC GAP Survey,Cucumaria frondosa,Emily Markowtiz,emily.markowitz@noaa.gov,NA,Encountered,85202
NMFS AFSC GAP Survey,Cucumariidae,Emily Markowtiz,emily.markowitz@noaa.gov,cucumarid sea cucumbers,Encountered,85203
NMFS AFSC GAP Survey,Apostichopus japonicus,Emily Markowtiz,emily.markowitz@noaa.gov,NA,Encountered,85205
NMFS AFSC GAP Survey,Psolidae,Emily Markowtiz,emily.markowitz@noaa.gov,NA,Encountered,85209
NMFS AFSC GAP Survey,Psolus sp.,Emily Markowtiz,emily.markowitz@noaa.gov,NA,Encountered,85210
NMFS AFSC GAP Survey,Psolus phantapus,Emily Markowtiz,emily.markowitz@noaa.gov,NA,Encountered,85211
NMFS AFSC GAP Survey,Psolus chitonoides,Emily Markowtiz,emily.markowitz@noaa.gov,NA,Encountered,85212
NMFS AFSC GAP Survey,Psolus sp. A (Clark 2006),Emily Markowtiz,emily.markowitz@noaa.gov,NA,Encountered,85213
NMFS AFSC GAP Survey,Psolus fabricii,Emily Markowtiz,emily.markowitz@noaa.gov,brownscaled sea cucumber,Encountered,85219
NMFS AFSC GAP Survey,Psolus squamatus,Emily Markowtiz,emily.markowitz@noaa.gov,whitescaled sea cucumber,Encountered,85220
NMFS AFSC GAP Survey,Psolus peronii,Emily Markowtiz,emily.markowitz@noaa.gov,NA,Encountered,85221
NMFS AFSC GAP Survey,Psolus japonicus,Emily Markowtiz,emily.markowitz@noaa.gov,NA,Encountered,85222
NMFS AFSC GAP Survey,Psolidium bullatum,Emily Markowtiz,emily.markowitz@noaa.gov,NA,Encountered,85224
NMFS AFSC GAP Survey,Thyonidium sp.,Emily Markowtiz,emily.markowitz@noaa.gov,NA,Encountered,85260
NMFS AFSC GAP Survey,Thyonidium kurilensis,Emily Markowtiz,emily.markowitz@noaa.gov,furry sea cucumber,Encountered,85261
NMFS AFSC GAP Survey,Pannychia sp.,Emily Markowtiz,emily.markowitz@noaa.gov,NA,Encountered,85269
NMFS AFSC GAP Survey,Pannychia moseleyi,Emily Markowtiz,emily.markowitz@noaa.gov,deep sea papillate cucumber,Encountered,85270
NMFS AFSC GAP Survey,Synallactes sp. A (Clark 2006),Emily Markowtiz,emily.markowitz@noaa.gov,NA,Encountered,85287
NMFS AFSC GAP Survey,Synallactes sp.,Emily Markowtiz,emily.markowitz@noaa.gov,NA,Encountered,85289
NMFS AFSC GAP Survey,Synallactes challengeri,Emily Markowtiz,emily.markowitz@noaa.gov,NA,Encountered,85290
NMFS AFSC GAP Survey,Paelopatides confundens,Emily Markowtiz,emily.markowitz@noaa.gov,swimming sea cucumber,Encountered,85310
NMFS AFSC GAP Survey,Scotoplanes theeli,Emily Markowtiz,emily.markowitz@noaa.gov,NA,Encountered,85410
NMFS AFSC GAP Survey,Scotoplanes sp.,Emily Markowtiz,emily.markowitz@noaa.gov,NA,Encountered,85411
NMFS AFSC GAP Survey,Porifera,Emily Markowtiz,emily.markowitz@noaa.gov,sponge unid.,Encountered,91000
NMFS AFSC GAP Survey,NA,Emily Markowtiz,emily.markowitz@noaa.gov,hairy lemon sponge,Encountered,91002
NMFS AFSC GAP Survey,NA,Emily Markowtiz,emily.markowitz@noaa.gov,vase sponge unid.,Encountered,91005
NMFS AFSC GAP Survey,Demospongiae,Emily Markowtiz,emily.markowitz@noaa.gov,NA,Encountered,91010
NMFS AFSC GAP Survey,Haliclona sp.,Emily Markowtiz,emily.markowitz@noaa.gov,NA,Encountered,91014
NMFS AFSC GAP Survey,Suberites sp.,Emily Markowtiz,emily.markowitz@noaa.gov,NA,Encountered,91015
NMFS AFSC GAP Survey,Suberites ficus,Emily Markowtiz,emily.markowitz@noaa.gov,NA,Encountered,91016
NMFS AFSC GAP Survey,Suberites sp. A (Clark 2006),Emily Markowtiz,emily.markowitz@noaa.gov,wax sponge,Encountered,91017
NMFS AFSC GAP Survey,Suberites montiniger,Emily Markowtiz,emily.markowitz@noaa.gov,peach sponge,Encountered,91018
NMFS AFSC GAP Survey,Suberites montalbidus,Emily Markowtiz,emily.markowitz@noaa.gov,stinky sponge,Encountered,91019
NMFS AFSC GAP Survey,Suberites domuncula,Emily Markowtiz,emily.markowitz@noaa.gov,hermit sponge,Encountered,91020
NMFS AFSC GAP Survey,Aphrocallistes vastus,Emily Markowtiz,emily.markowitz@noaa.gov,clay pipe sponge,Encountered,91030
NMFS AFSC GAP Survey,Heterochone calyx,Emily Markowtiz,emily.markowitz@noaa.gov,goblet sponge,Encountered,91035
NMFS AFSC GAP Survey,Heterochone tenera,Emily Markowtiz,emily.markowitz@noaa.gov,crusty tube sponge,Encountered,91036
NMFS AFSC GAP Survey,Acanthascus mirabilis,Emily Markowtiz,emily.markowitz@noaa.gov,NA,Encountered,91037
NMFS AFSC GAP Survey,Phakellia sp.,Emily Markowtiz,emily.markowitz@noaa.gov,NA,Encountered,91038
NMFS AFSC GAP Survey,Mycale sp.,Emily Markowtiz,emily.markowitz@noaa.gov,NA,Encountered,91039
NMFS AFSC GAP Survey,Mycale loveni,Emily Markowtiz,emily.markowitz@noaa.gov,lampshade sponge,Encountered,91040
NMFS AFSC GAP Survey,Mycale sp. A (Clark 2006),Emily Markowtiz,emily.markowitz@noaa.gov,red mycale,Encountered,91041
NMFS AFSC GAP Survey,Mycale adhaerens,Emily Markowtiz,emily.markowitz@noaa.gov,smooth scallop sponge,Encountered,91042
NMFS AFSC GAP Survey,Geodiidae,Emily Markowtiz,emily.markowitz@noaa.gov,NA,Encountered,91044
NMFS AFSC GAP Survey,Haliclona digitata,Emily Markowtiz,emily.markowitz@noaa.gov,NA,Encountered,91265
NMFS AFSC GAP Survey,Artemisina sp.,Emily Markowtiz,emily.markowitz@noaa.gov,NA,Encountered,91266
NMFS AFSC GAP Survey,Artemisina arcigera,Emily Markowtiz,emily.markowitz@noaa.gov,NA,Encountered,91267
NMFS AFSC GAP Survey,Artemisina amlia,Emily Markowtiz,emily.markowitz@noaa.gov,NA,Encountered,91268
NMFS AFSC GAP Survey,Artemisina stipitata,Emily Markowtiz,emily.markowitz@noaa.gov,stipitata,Encountered,91269
NMFS AFSC GAP Survey,Cladocroce ventilabrum,Emily Markowtiz,emily.markowitz@noaa.gov,NA,Encountered,91270
NMFS AFSC GAP Survey,Cladocroce infundibulum,Emily Markowtiz,emily.markowitz@noaa.gov,NA,Encountered,91271
NMFS AFSC GAP Survey,Haliclona primitiva,Emily Markowtiz,emily.markowitz@noaa.gov,NA,Encountered,91272
NMFS AFSC GAP Survey,Haliclona bucina,Emily Markowtiz,emily.markowitz@noaa.gov,NA,Encountered,91273
NMFS AFSC GAP Survey,Biemna sp.,Emily Markowtiz,emily.markowitz@noaa.gov,NA,Encountered,91274
NMFS AFSC GAP Survey,Hexactinellida,Emily Markowtiz,emily.markowitz@noaa.gov,glass sponge unid.,Encountered,91700
NMFS AFSC GAP Survey,Staurocalyptus sp.,Emily Markowtiz,emily.markowitz@noaa.gov,NA,Encountered,91701
NMFS AFSC GAP Survey,Geodia carolae,Emily Markowtiz,emily.markowitz@noaa.gov,calcareous finger sponge,Encountered,91705
NMFS AFSC GAP Survey,Aulosaccus schulzei,Emily Markowtiz,emily.markowitz@noaa.gov,vase sponge,Encountered,91710
NMFS AFSC GAP Survey,Farrea sp.,Emily Markowtiz,emily.markowitz@noaa.gov,NA,Encountered,91720
NMFS AFSC GAP Survey,Farrea beringiana,Emily Markowtiz,emily.markowitz@noaa.gov,Bering lace sponge,Encountered,91721
NMFS AFSC GAP Survey,Farrea occa,Emily Markowtiz,emily.markowitz@noaa.gov,NA,Encountered,91722
NMFS AFSC GAP Survey,Regadrella okinoseana,Emily Markowtiz,emily.markowitz@noaa.gov,lacy basket sponge,Encountered,91725
NMFS AFSC GAP Survey,Porifera erect,Emily Markowtiz,emily.markowitz@noaa.gov,erect sponge morphotype,Encountered,91995
NMFS AFSC GAP Survey,Porifera encrusting,Emily Markowtiz,emily.markowitz@noaa.gov,encrusting sponge morphotype,Encountered,91996
NMFS AFSC GAP Survey,Porifera ball,Emily Markowtiz,emily.markowitz@noaa.gov,ball sponge morphotype,Encountered,91997
NMFS AFSC GAP Survey,Porifera tubular,Emily Markowtiz,emily.markowitz@noaa.gov,tubular sponge morphotype,Encountered,91998
NMFS AFSC GAP Survey,Platyhelminthes,Emily Markowtiz,emily.markowitz@noaa.gov,flatworm unid.,Encountered,92000
NMFS AFSC GAP Survey,Polycladida,Emily Markowtiz,emily.markowitz@noaa.gov,polyclad flatworm unid.,Encountered,92021
NMFS AFSC GAP Survey,Acoela,Emily Markowtiz,emily.markowitz@noaa.gov,acoel turbellarian,Encountered,92400
NMFS AFSC GAP Survey,Nemertea,Emily Markowtiz,emily.markowitz@noaa.gov,nemertean worm unid.,Encountered,92500
NMFS AFSC GAP Survey,Emplectonema sp.,Emily Markowtiz,emily.markowitz@noaa.gov,NA,Encountered,92502
NMFS AFSC GAP Survey,Emplectonema sp. (Clark 2006),Emily Markowtiz,emily.markowitz@noaa.gov,black specked ribbon worm,Encountered,92505
NMFS AFSC GAP Survey,Tubulanus sp.,Emily Markowtiz,emily.markowitz@noaa.gov,NA,Encountered,92510
NMFS AFSC GAP Survey,Tubulanus polymorphus,Emily Markowtiz,emily.markowitz@noaa.gov,orange ribbon worm,Encountered,92511
NMFS AFSC GAP Survey,Tubulanus sp. A (Clark 2006),Emily Markowtiz,emily.markowitz@noaa.gov,red ribbon worm,Encountered,92512
NMFS AFSC GAP Survey,Cerebratulus californiensis,Emily Markowtiz,emily.markowitz@noaa.gov,light-edged ribbon worm,Encountered,92802
NMFS AFSC GAP Survey,Maldanidae,Emily Markowtiz,emily.markowitz@noaa.gov,bamboo worm unid.,Encountered,92900
NMFS AFSC GAP Survey,Priapulida,Emily Markowtiz,emily.markowitz@noaa.gov,priapulid worm unid.,Encountered,93100
NMFS AFSC GAP Survey,Priapulus sp.,Emily Markowtiz,emily.markowitz@noaa.gov,NA,Encountered,93101
NMFS AFSC GAP Survey,Priapulus caudatus,Emily Markowtiz,emily.markowitz@noaa.gov,NA,Encountered,93102
NMFS AFSC GAP Survey,Chaetognatha,Emily Markowtiz,emily.markowitz@noaa.gov,arrow worm unid.,Encountered,93150
NMFS AFSC GAP Survey,Nematoda,Emily Markowtiz,emily.markowitz@noaa.gov,nematode worm unid.,Encountered,93500
NMFS AFSC GAP Survey,Sipuncula,Emily Markowtiz,emily.markowitz@noaa.gov,peanut worm unid.,Encountered,94000
NMFS AFSC GAP Survey,Golfingia margaritacea,Emily Markowtiz,emily.markowitz@noaa.gov,NA,Encountered,94001
NMFS AFSC GAP Survey,Phascolosomatidae,Emily Markowtiz,emily.markowitz@noaa.gov,NA,Encountered,94011
NMFS AFSC GAP Survey,Echiura,Emily Markowtiz,emily.markowitz@noaa.gov,echiuroid worm unid.,Encountered,94500
NMFS AFSC GAP Survey,Bonelliopsis alaskana,Emily Markowtiz,emily.markowitz@noaa.gov,NA,Encountered,94501
NMFS AFSC GAP Survey,Hamingia arctica,Emily Markowtiz,emily.markowitz@noaa.gov,NA,Encountered,94502
NMFS AFSC GAP Survey,Phoronida,Emily Markowtiz,emily.markowitz@noaa.gov,phoronida tube worm unid.,Encountered,94900
NMFS AFSC GAP Survey,Bryozoa,Emily Markowtiz,emily.markowitz@noaa.gov,bryozoan unid.,Encountered,95000
NMFS AFSC GAP Survey,Leieschara sp.,Emily Markowtiz,emily.markowitz@noaa.gov,NA,Encountered,95004
NMFS AFSC GAP Survey,Leieschara sp. cf. subgracilis (Bayer et al.),Emily Markowtiz,emily.markowitz@noaa.gov,NA,Encountered,95005
NMFS AFSC GAP Survey,Myriapora orientalis,Emily Markowtiz,emily.markowitz@noaa.gov,NA,Encountered,95006
NMFS AFSC GAP Survey,Myriapora sp.,Emily Markowtiz,emily.markowitz@noaa.gov,NA,Encountered,95007
NMFS AFSC GAP Survey,NA,Emily Markowtiz,emily.markowitz@noaa.gov,bryozoan sp. A unid.,Encountered,95010
NMFS AFSC GAP Survey,NA,Emily Markowtiz,emily.markowitz@noaa.gov,fluffy sponge,Encountered,95011
NMFS AFSC GAP Survey,Phidolopora pacifica,Emily Markowtiz,emily.markowitz@noaa.gov,lattice-work bryozoan,Encountered,95015
NMFS AFSC GAP Survey,Bugula sp.,Emily Markowtiz,emily.markowitz@noaa.gov,NA,Encountered,95016
NMFS AFSC GAP Survey,Crisularia pacifica,Emily Markowtiz,emily.markowitz@noaa.gov,NA,Encountered,95017
NMFS AFSC GAP Survey,Eucratea loricata,Emily Markowtiz,emily.markowitz@noaa.gov,feathery bryozoan,Encountered,95020
NMFS AFSC GAP Survey,Serratiflustra serrulata,Emily Markowtiz,emily.markowitz@noaa.gov,leafy bryozoan,Encountered,95030
NMFS AFSC GAP Survey,Carbasea sp.,Emily Markowtiz,emily.markowitz@noaa.gov,NA,Encountered,95031
NMFS AFSC GAP Survey,Tegella magnipora,Emily Markowtiz,emily.markowitz@noaa.gov,NA,Encountered,95032
NMFS AFSC GAP Survey,Flustrellidra corniculata,Emily Markowtiz,emily.markowitz@noaa.gov,NA,Encountered,95035
NMFS AFSC GAP Survey,Alcyonidium pedunculatum,Emily Markowtiz,emily.markowitz@noaa.gov,fruit leather bryozoan,Encountered,95036
NMFS AFSC GAP Survey,Alcyonidium sp. A,Emily Markowtiz,emily.markowitz@noaa.gov,medusa bryozoan,Encountered,95037
NMFS AFSC GAP Survey,Alcyonidium sp.,Emily Markowtiz,emily.markowitz@noaa.gov,NA,Encountered,95038
NMFS AFSC GAP Survey,Alcyonidium disciforme,Emily Markowtiz,emily.markowitz@noaa.gov,disc bryozoan,Encountered,95039
NMFS AFSC GAP Survey,Leieschara subgracilis,Emily Markowtiz,emily.markowitz@noaa.gov,NA,Encountered,95040
NMFS AFSC GAP Survey,Alcyonidium enteromorpha,Emily Markowtiz,emily.markowitz@noaa.gov,noodle bryozoan,Encountered,95041
NMFS AFSC GAP Survey,Idmidronea sp.,Emily Markowtiz,emily.markowitz@noaa.gov,NA,Encountered,95045
NMFS AFSC GAP Survey,Porella compressa,Emily Markowtiz,emily.markowitz@noaa.gov,flattened bryozoan,Encountered,95050
NMFS AFSC GAP Survey,Porella sp.,Emily Markowtiz,emily.markowitz@noaa.gov,NA,Encountered,95051
NMFS AFSC GAP Survey,Posterula sarsii,Emily Markowtiz,emily.markowitz@noaa.gov,NA,Encountered,95060
NMFS AFSC GAP Survey,Rhamphostomella costata,Emily Markowtiz,emily.markowitz@noaa.gov,ribbed bryozoan,Encountered,95070
NMFS AFSC GAP Survey,Primavelans insculpta,Emily Markowtiz,emily.markowitz@noaa.gov,NA,Encountered,95071
NMFS AFSC GAP Survey,Reussia sp.,Emily Markowtiz,emily.markowitz@noaa.gov,NA,Encountered,95072
NMFS AFSC GAP Survey,Celleporina ventricosa,Emily Markowtiz,emily.markowitz@noaa.gov,coral bryozoan,Encountered,95080
NMFS AFSC GAP Survey,Celleporina sp.,Emily Markowtiz,emily.markowitz@noaa.gov,NA,Encountered,95085
NMFS AFSC GAP Survey,Tubulipora sp.,Emily Markowtiz,emily.markowitz@noaa.gov,tubular bryozoan,Encountered,95090
NMFS AFSC GAP Survey,Membranipora sp.,Emily Markowtiz,emily.markowitz@noaa.gov,NA,Encountered,95095
NMFS AFSC GAP Survey,Microporina articulata,Emily Markowtiz,emily.markowitz@noaa.gov,NA,Encountered,95100
NMFS AFSC GAP Survey,Microporina sp.,Emily Markowtiz,emily.markowitz@noaa.gov,NA,Encountered,95102
NMFS AFSC GAP Survey,Heteropora sp.,Emily Markowtiz,emily.markowitz@noaa.gov,NA,Encountered,95103
NMFS AFSC GAP Survey,Heteropora alaskensis,Emily Markowtiz,emily.markowitz@noaa.gov,NA,Encountered,95104
NMFS AFSC GAP Survey,Dendrobeania sp.,Emily Markowtiz,emily.markowitz@noaa.gov,NA,Encountered,95105
NMFS AFSC GAP Survey,Heteropora pacifica,Emily Markowtiz,emily.markowitz@noaa.gov,Northern staghorn bryozoan,Encountered,95106
NMFS AFSC GAP Survey,Brachiopoda,Emily Markowtiz,emily.markowitz@noaa.gov,lampshell unid.,Encountered,97000
NMFS AFSC GAP Survey,Hemithirididae,Emily Markowtiz,emily.markowitz@noaa.gov,hemithyrid brachiopods,Encountered,97010
NMFS AFSC GAP Survey,Terebratulina sp.,Emily Markowtiz,emily.markowitz@noaa.gov,NA,Encountered,97100
NMFS AFSC GAP Survey,Terebratalia transversa,Emily Markowtiz,emily.markowitz@noaa.gov,common brachiopod,Encountered,97110
NMFS AFSC GAP Survey,Frieleia halli,Emily Markowtiz,emily.markowitz@noaa.gov,Hall lamp shell,Encountered,97111
NMFS AFSC GAP Survey,Terebratulina unguicula,Emily Markowtiz,emily.markowitz@noaa.gov,snakeshead brachiopod,Encountered,97115
NMFS AFSC GAP Survey,Molgula citrina,Emily Markowtiz,emily.markowitz@noaa.gov,NA,Encountered,99901
NMFS AFSC GAP Survey,Molgula griffithsii,Emily Markowtiz,emily.markowitz@noaa.gov,sea grape,Encountered,99902
NMFS AFSC GAP Survey,Molgula retortiformis,Emily Markowtiz,emily.markowitz@noaa.gov,sea clod,Encountered,99904
NMFS AFSC GAP Survey,NA,Emily Markowtiz,emily.markowitz@noaa.gov,neon yellow ascidian,Encountered,99910
NMFS AFSC GAP Survey,Craniella craniana,Emily Markowtiz,emily.markowitz@noaa.gov,baseball sponge,Encountered,99981
NMFS AFSC GAP Survey,Craniella spinosa,Emily Markowtiz,emily.markowitz@noaa.gov,furry ball sponge,Encountered,99982
NMFS AFSC GAP Survey,Craniella sputnika,Emily Markowtiz,emily.markowitz@noaa.gov,spiky ball sponge,Encountered,99983
NMFS AFSC GAP Survey,Craniella sp. B,Emily Markowtiz,emily.markowitz@noaa.gov,knobby ball sponge,Encountered,99984
NMFS AFSC GAP Survey,Craniella sigmoancoratum,Emily Markowtiz,emily.markowitz@noaa.gov,spiny ball sponge,Encountered,99985
NMFS AFSC GAP Survey,Craniella sp.,Emily Markowtiz,emily.markowitz@noaa.gov,puffball sponges,Encountered,99987
NMFS AFSC GAP Survey,Craniella arb,Emily Markowtiz,emily.markowitz@noaa.gov,NA,Encountered,99988
NMFS AFSC GAP Survey,NA,Emily Markowtiz,emily.markowitz@noaa.gov,invertebrate unid.,Encountered,99990
NMFS AFSC GAP Survey,NA,Emily Markowtiz,emily.markowitz@noaa.gov,empty barnacle shells,Encountered,99991
NMFS AFSC GAP Survey,NA,Emily Markowtiz,emily.markowitz@noaa.gov,invertebrate egg unid.,Encountered,99992
NMFS AFSC GAP Survey,NA,Emily Markowtiz,emily.markowitz@noaa.gov,empty bivalve shells,Encountered,99993
NMFS AFSC GAP Survey,NA,Emily Markowtiz,emily.markowitz@noaa.gov,empty gastropod shells,Encountered,99994
NMFS AFSC GAP Survey,NA,Emily Markowtiz,emily.markowitz@noaa.gov,unsorted catch and debris,Encountered,99997
NMFS AFSC GAP Survey,Polychaeta tubes,Emily Markowtiz,emily.markowitz@noaa.gov,NA,Encountered,99998
NMFS AFSC GAP Survey,NA,Emily Markowtiz,emily.markowitz@noaa.gov,unsorted shab,Encountered,99999
NMFS AFSC GAP Survey,Laqueus erythraeus,Emily Markowtiz,emily.markowitz@noaa.gov,California lamp shell,Encountered,97116
NMFS AFSC GAP Survey,Laqueus vancouveriensis,Emily Markowtiz,emily.markowitz@noaa.gov,Vancouver lampshell,Encountered,97117
NMFS AFSC GAP Survey,Hemithiris psittacea,Emily Markowtiz,emily.markowitz@noaa.gov,black brachiopod,Encountered,97120
NMFS AFSC GAP Survey,Ascidiacea,Emily Markowtiz,emily.markowitz@noaa.gov,tunicate unid.,Encountered,98000
NMFS AFSC GAP Survey,Ascidian sp. A,Emily Markowtiz,emily.markowitz@noaa.gov,cow-eye tunicate,Encountered,98001
NMFS AFSC GAP Survey,Ascidian sp. B,Emily Markowtiz,emily.markowitz@noaa.gov,transparent tunicate,Encountered,98002
NMFS AFSC GAP Survey,NA,Emily Markowtiz,emily.markowitz@noaa.gov,sea pickle,Encountered,98003
NMFS AFSC GAP Survey,Ritterella pulchra,Emily Markowtiz,emily.markowitz@noaa.gov,orange compound tunicate,Encountered,98004
NMFS AFSC GAP Survey,Thaliacea,Emily Markowtiz,emily.markowitz@noaa.gov,salp unid.,Encountered,98070
NMFS AFSC GAP Survey,Pyrosoma atlanticum,Emily Markowtiz,emily.markowitz@noaa.gov,NA,Encountered,98071
NMFS AFSC GAP Survey,Thetys vagina,Emily Markowtiz,emily.markowitz@noaa.gov,common salp,Encountered,98072
NMFS AFSC GAP Survey,NA,Emily Markowtiz,emily.markowitz@noaa.gov,pineapple tunicate,Encountered,98073
NMFS AFSC GAP Survey,Pelonaia corrugata,Emily Markowtiz,emily.markowitz@noaa.gov,NA,Encountered,98079
NMFS AFSC GAP Survey,Styela sp.,Emily Markowtiz,emily.markowitz@noaa.gov,NA,Encountered,98080
NMFS AFSC GAP Survey,Styela rustica,Emily Markowtiz,emily.markowitz@noaa.gov,sea potato,Encountered,98082
NMFS AFSC GAP Survey,Styela sp. A (Clark 2006),Emily Markowtiz,emily.markowitz@noaa.gov,Aleutian long-stalked tunicate,Encountered,98083
NMFS AFSC GAP Survey,Styela sp. B (Clark 2006),Emily Markowtiz,emily.markowitz@noaa.gov,hexagonal tunicate,Encountered,98084
NMFS AFSC GAP Survey,Dendrodoa aggregata,Emily Markowtiz,emily.markowitz@noaa.gov,NA,Encountered,98085
NMFS AFSC GAP Survey,Boltenia sp.,Emily Markowtiz,emily.markowitz@noaa.gov,NA,Encountered,98100
NMFS AFSC GAP Survey,Boltenia villosa,Emily Markowtiz,emily.markowitz@noaa.gov,NA,Encountered,98101
NMFS AFSC GAP Survey,Boltenia echinata,Emily Markowtiz,emily.markowitz@noaa.gov,NA,Encountered,98102
NMFS AFSC GAP Survey,Boltenia ovifera,Emily Markowtiz,emily.markowitz@noaa.gov,sea onion,Encountered,98105
NMFS AFSC GAP Survey,Polycitoridae,Emily Markowtiz,emily.markowitz@noaa.gov,polycitorid tunicates,Encountered,98110
NMFS AFSC GAP Survey,Halocynthia sp.,Emily Markowtiz,emily.markowitz@noaa.gov,sea peach unid.,Encountered,98200
NMFS AFSC GAP Survey,Halocynthia igaboja,Emily Markowtiz,emily.markowitz@noaa.gov,bristly tunicate,Encountered,98204
NMFS AFSC GAP Survey,Halocynthia aurantium,Emily Markowtiz,emily.markowitz@noaa.gov,sea peach,Encountered,98205
NMFS AFSC GAP Survey,Cnemidocarpa finmarkiensis,Emily Markowtiz,emily.markowitz@noaa.gov,broad base tunicate,Encountered,98206
NMFS AFSC GAP Survey,Pyura haustor,Emily Markowtiz,emily.markowitz@noaa.gov,wrinkled tunicate,Encountered,98207
NMFS AFSC GAP Survey,Pyura sp.,Emily Markowtiz,emily.markowitz@noaa.gov,NA,Encountered,98208
NMFS AFSC GAP Survey,Distaplia sp.,Emily Markowtiz,emily.markowitz@noaa.gov,NA,Encountered,98210
NMFS AFSC GAP Survey,Distaplia occidentalis,Emily Markowtiz,emily.markowitz@noaa.gov,globular ascidian,Encountered,98212
NMFS AFSC GAP Survey,Distaplia smithi,Emily Markowtiz,emily.markowitz@noaa.gov,paddle ascidian,Encountered,98213
NMFS AFSC GAP Survey,Distaplia sp. A (Clark 2006),Emily Markowtiz,emily.markowitz@noaa.gov,peach ascidian,Encountered,98214
NMFS AFSC GAP Survey,Aplidium californicum,Emily Markowtiz,emily.markowitz@noaa.gov,california sea pork,Encountered,98219
NMFS AFSC GAP Survey,Botrylloides sp.,Emily Markowtiz,emily.markowitz@noaa.gov,NA,Encountered,98220
NMFS AFSC GAP Survey,Botryllus schlosseri,Emily Markowtiz,emily.markowitz@noaa.gov,golden star ascidian,Encountered,98225
NMFS AFSC GAP Survey,NA,Emily Markowtiz,emily.markowitz@noaa.gov,compound ascidian unid.,Encountered,98300
NMFS AFSC GAP Survey,Aplidium soldatovi,Emily Markowtiz,emily.markowitz@noaa.gov,sand-grain imbedded ascidian,Encountered,98303
NMFS AFSC GAP Survey,Cionidae,Emily Markowtiz,emily.markowitz@noaa.gov,cionid tunicates,Encountered,98304
NMFS AFSC GAP Survey,Corella willmeriana,Emily Markowtiz,emily.markowitz@noaa.gov,NA,Encountered,98307
NMFS AFSC GAP Survey,Corellidae,Emily Markowtiz,emily.markowitz@noaa.gov,corellid tunicates,Encountered,98308
NMFS AFSC GAP Survey,Chelyosoma orientale,Emily Markowtiz,emily.markowitz@noaa.gov,NA,Encountered,98309
NMFS AFSC GAP Survey,Aplidium sp. A (Clark 2006),Emily Markowtiz,emily.markowitz@noaa.gov,sea glob,Encountered,98310
NMFS AFSC GAP Survey,Aplidium sp. A,Emily Markowtiz,emily.markowitz@noaa.gov,orange Aplidium,Encountered,98311
NMFS AFSC GAP Survey,Aplidium sp.,Emily Markowtiz,emily.markowitz@noaa.gov,NA,Encountered,98312
NMFS AFSC GAP Survey,Trididemnum sp.,Emily Markowtiz,emily.markowitz@noaa.gov,NA,Encountered,98319
NMFS AFSC GAP Survey,Synoicum sp.,Emily Markowtiz,emily.markowitz@noaa.gov,sea blob,Encountered,98320
NMFS AFSC GAP Survey,Trididemnum opacum,Emily Markowtiz,emily.markowitz@noaa.gov,purple-gray ascidian,Encountered,98321
NMFS AFSC GAP Survey,Ascidia paratropa,Emily Markowtiz,emily.markowitz@noaa.gov,glassy tunicate,Encountered,98322
NMFS AFSC GAP Survey,Ciona savignyi,Emily Markowtiz,emily.markowitz@noaa.gov,NA,Encountered,98323
NMFS AFSC GAP Survey,Halocynthia dumosa,Emily Markowtiz,emily.markowitz@noaa.gov,hairy tunicate,Encountered,98324
NMFS AFSC GAP Survey,Didemnidae,Emily Markowtiz,emily.markowitz@noaa.gov,NA,Encountered,98325
NMFS AFSC GAP Survey,NA,Emily Markowtiz,emily.markowitz@noaa.gov,brown leafy compound tunicate,Encountered,98330
NMFS AFSC GAP Survey,Chelyosoma productum,Emily Markowtiz,emily.markowitz@noaa.gov,disc-top tunicate,Encountered,98331
NMFS AFSC GAP Survey,Chelyosoma macleayanum,Emily Markowtiz,emily.markowitz@noaa.gov,NA,Encountered,98332
NMFS AFSC GAP Survey,Polyclinum planum,Emily Markowtiz,emily.markowitz@noaa.gov,NA,Encountered,98340
NMFS AFSC GAP Survey,Molgula sp.,Emily Markowtiz,emily.markowitz@noaa.gov,NA,Encountered,99900
NMFS AFSC GAP Survey,Leucandra sp. A (Clark 2006),Emily Markowtiz,emily.markowitz@noaa.gov,hairy vase sponge,Encountered,91085
NMFS AFSC GAP Survey,Mycale carlilei,Emily Markowtiz,emily.markowitz@noaa.gov,trumpet sponge,Encountered,91086
NMFS AFSC GAP Survey,Leucandra tuba,Emily Markowtiz,emily.markowitz@noaa.gov,NA,Encountered,91087
NMFS AFSC GAP Survey,Isodictya rigida,Emily Markowtiz,emily.markowitz@noaa.gov,orange finger sponge,Encountered,91088
NMFS AFSC GAP Survey,Cladocroce attu,Emily Markowtiz,emily.markowitz@noaa.gov,rough hat sponge,Encountered,91089
NMFS AFSC GAP Survey,NA,Emily Markowtiz,emily.markowitz@noaa.gov,orange papillate sponge,Encountered,91090
NMFS AFSC GAP Survey,Abyssocladia flagrum,Emily Markowtiz,emily.markowitz@noaa.gov,cheesestick sponge,Encountered,91092
NMFS AFSC GAP Survey,NA,Emily Markowtiz,emily.markowitz@noaa.gov,soft finger sponge,Encountered,91093
NMFS AFSC GAP Survey,Mycale tylota,Emily Markowtiz,emily.markowitz@noaa.gov,slimy kelp sponge,Encountered,91094
NMFS AFSC GAP Survey,NA,Emily Markowtiz,emily.markowitz@noaa.gov,slimy antler sponge,Encountered,91096
NMFS AFSC GAP Survey,Leucandra sp.,Emily Markowtiz,emily.markowitz@noaa.gov,NA,Encountered,91097
NMFS AFSC GAP Survey,Myxilla pedunculata,Emily Markowtiz,emily.markowitz@noaa.gov,NA,Encountered,91098
NMFS AFSC GAP Survey,Cladocroce kiska,Emily Markowtiz,emily.markowitz@noaa.gov,NA,Encountered,91099
NMFS AFSC GAP Survey,Geodia starki,Emily Markowtiz,emily.markowitz@noaa.gov,pita sponge,Encountered,91100
NMFS AFSC GAP Survey,Phorbas paucistylifer,Emily Markowtiz,emily.markowitz@noaa.gov,NA,Encountered,91101
NMFS AFSC GAP Survey,Inflatella globosa,Emily Markowtiz,emily.markowitz@noaa.gov,yellow ball sponge,Encountered,91102
NMFS AFSC GAP Survey,Acanthascus sp. A,Emily Markowtiz,emily.markowitz@noaa.gov,angel-hair vase sponge,Encountered,91103
NMFS AFSC GAP Survey,Acanthascus sp. B,Emily Markowtiz,emily.markowitz@noaa.gov,thin-lipped vase sponge,Encountered,91104
NMFS AFSC GAP Survey,Stelletta sp.,Emily Markowtiz,emily.markowitz@noaa.gov,stone sponge,Encountered,91105
NMFS AFSC GAP Survey,Leucilla nuttingi,Emily Markowtiz,emily.markowitz@noaa.gov,NA,Encountered,91106
NMFS AFSC GAP Survey,Amphilectus ovulum,Emily Markowtiz,emily.markowitz@noaa.gov,cotton ball sponge,Encountered,91109
NMFS AFSC GAP Survey,Polymastia fluegeli,Emily Markowtiz,emily.markowitz@noaa.gov,Flugel nippled sponge,Encountered,91110
NMFS AFSC GAP Survey,Polymastia boletiformis,Emily Markowtiz,emily.markowitz@noaa.gov,long nippled sponge,Encountered,91111
NMFS AFSC GAP Survey,Weberella bursa,Emily Markowtiz,emily.markowitz@noaa.gov,pale mammilated sponge,Encountered,91112
NMFS AFSC GAP Survey,Polymastia sp. A (Clark 2006),Emily Markowtiz,emily.markowitz@noaa.gov,prolific nipple sponge,Encountered,91113
NMFS AFSC GAP Survey,Polymastia sp. C (Clark 2006),Emily Markowtiz,emily.markowitz@noaa.gov,red nipple sponge,Encountered,91114
NMFS AFSC GAP Survey,Phorbas sp.,Emily Markowtiz,emily.markowitz@noaa.gov,NA,Encountered,91115
NMFS AFSC GAP Survey,Vulcanella sp. 1,Emily Markowtiz,emily.markowitz@noaa.gov,fuzzy cratered sponge,Encountered,91120
NMFS AFSC GAP Survey,Vulcanella sp.,Emily Markowtiz,emily.markowitz@noaa.gov,NA,Encountered,91121
NMFS AFSC GAP Survey,Tentorium semisuberites,Emily Markowtiz,emily.markowitz@noaa.gov,two nipple sponge,Encountered,91125
NMFS AFSC GAP Survey,Craniella villosa,Emily Markowtiz,emily.markowitz@noaa.gov,tennis ball sponge,Encountered,91127
NMFS AFSC GAP Survey,Ancorina buldira,Emily Markowtiz,emily.markowitz@noaa.gov,NA,Encountered,91128
NMFS AFSC GAP Survey,Acanthascus dawsoni,Emily Markowtiz,emily.markowitz@noaa.gov,NA,Encountered,91129
NMFS AFSC GAP Survey,Stelodoryx jamesorri,Emily Markowtiz,emily.markowitz@noaa.gov,NA,Encountered,91130
NMFS AFSC GAP Survey,Stelodoryx strongyloxeata,Emily Markowtiz,emily.markowitz@noaa.gov,NA,Encountered,91131
NMFS AFSC GAP Survey,Sycon compactum,Emily Markowtiz,emily.markowitz@noaa.gov,hairy urn sponge,Encountered,91201
NMFS AFSC GAP Survey,Oscarella lobularis,Emily Markowtiz,emily.markowitz@noaa.gov,stalked ball sponge,Encountered,91210
NMFS AFSC GAP Survey,Stylocordyla borealis,Emily Markowtiz,emily.markowitz@noaa.gov,slender stalked sponge,Encountered,91211
NMFS AFSC GAP Survey,Stylocordyla borealis eous,Emily Markowtiz,emily.markowitz@noaa.gov,NA,Encountered,91212
NMFS AFSC GAP Survey,Stylocordyla sp.,Emily Markowtiz,emily.markowitz@noaa.gov,lollypop sponge,Encountered,91213
NMFS AFSC GAP Survey,Plakina tanaga,Emily Markowtiz,emily.markowitz@noaa.gov,white convoluted sponge,Encountered,91215
NMFS AFSC GAP Survey,Plakina atka,Emily Markowtiz,emily.markowitz@noaa.gov,red convoluted sponge,Encountered,91217
NMFS AFSC GAP Survey,Tedania dirhaphis,Emily Markowtiz,emily.markowitz@noaa.gov,rough bread crumb sponge,Encountered,91220
NMFS AFSC GAP Survey,Tedania sp.,Emily Markowtiz,emily.markowitz@noaa.gov,NA,Encountered,91221
NMFS AFSC GAP Survey,Latrunculia velera,Emily Markowtiz,emily.markowitz@noaa.gov,NA,Encountered,91224
NMFS AFSC GAP Survey,Latrunculia sp.,Emily Markowtiz,emily.markowitz@noaa.gov,NA,Encountered,91225
NMFS AFSC GAP Survey,Latrunculia oparinae,Emily Markowtiz,emily.markowitz@noaa.gov,green papillate sponge,Encountered,91226
NMFS AFSC GAP Survey,Latrunculia sp. B (Clark 2006),Emily Markowtiz,emily.markowitz@noaa.gov,smooth green sponge,Encountered,91227
NMFS AFSC GAP Survey,Hymeniacidon assimilis,Emily Markowtiz,emily.markowitz@noaa.gov,coalescent finger sponge,Encountered,91228
NMFS AFSC GAP Survey,Axinella sp.,Emily Markowtiz,emily.markowitz@noaa.gov,firm gray sponge,Encountered,91230
NMFS AFSC GAP Survey,Ceratopsion rugosum,Emily Markowtiz,emily.markowitz@noaa.gov,NA,Encountered,91231
NMFS AFSC GAP Survey,Tretodictyum sp.,Emily Markowtiz,emily.markowitz@noaa.gov,NA,Encountered,91233
NMFS AFSC GAP Survey,Hanstoreia globogilva,Emily Markowtiz,emily.markowitz@noaa.gov,NA,Encountered,91234
NMFS AFSC GAP Survey,Echinoclathria sp. A (Clark 2006),Emily Markowtiz,emily.markowitz@noaa.gov,fuzzy tree sponge,Encountered,91238
NMFS AFSC GAP Survey,Echinoclathria sp.,Emily Markowtiz,emily.markowitz@noaa.gov,NA,Encountered,91239
NMFS AFSC GAP Survey,Halichondria oblonga,Emily Markowtiz,emily.markowitz@noaa.gov,ginseng sponge,Encountered,91241
NMFS AFSC GAP Survey,Cladorhizidae,Emily Markowtiz,emily.markowitz@noaa.gov,NA,Encountered,91249
NMFS AFSC GAP Survey,Chondrocladia grandis,Emily Markowtiz,emily.markowitz@noaa.gov,carnivorous cattail sponge,Encountered,91250
NMFS AFSC GAP Survey,Asbestopluma sp. A (Clark 2006),Emily Markowtiz,emily.markowitz@noaa.gov,fuzzy sponge,Encountered,91251
NMFS AFSC GAP Survey,Asbestopluma ramosa,Emily Markowtiz,emily.markowitz@noaa.gov,NA,Encountered,91252
NMFS AFSC GAP Survey,Cornulum clathriata,Emily Markowtiz,emily.markowitz@noaa.gov,lattice sponge,Encountered,91255
NMFS AFSC GAP Survey,Isodictya sp.,Emily Markowtiz,emily.markowitz@noaa.gov,NA,Encountered,91256
NMFS AFSC GAP Survey,Isodictya palmata,Emily Markowtiz,emily.markowitz@noaa.gov,prickly pear sponge,Encountered,91257
NMFS AFSC GAP Survey,Chondrocladia concrescens,Emily Markowtiz,emily.markowitz@noaa.gov,lobed tree sponge,Encountered,91260
NMFS AFSC GAP Survey,Monanchora alaskensis,Emily Markowtiz,emily.markowitz@noaa.gov,NA,Encountered,91261
NMFS AFSC GAP Survey,Halichondria sitiens,Emily Markowtiz,emily.markowitz@noaa.gov,NA,Encountered,91262
NMFS AFSC GAP Survey,Monanchora laminachela,Emily Markowtiz,emily.markowitz@noaa.gov,NA,Encountered,91263
NMFS AFSC GAP Survey,"Haliclona sp. 2 (Stone et al., 2011)",Emily Markowtiz,emily.markowitz@noaa.gov,NA,Encountered,91264
NMFS AFSC GAP Survey,,Emily Markowtiz,emily.markowitz@noaa.gov,,Encountered,