"qseqid.x","gi","accession","mismatch_forward","forward_start","forward_stop","staxids","distinct_entries.x","qseqid.y","mismatch_reverse","reverse_start","reverse_stop","distinct_entries.y","product_length","taxid","species","superkingdom","kingdom","phylum","subphylum","superclass","class","subclass","order","family","subfamily","genus","infraorder","subcohort","superorder","superfamily","tribe","subspecies","subgenus","species.group","parvorder","varietas"
"forward_row_1",2997427,"AF004957.1",0,160,177,"42330",2,"reverse_row_1",0,433,416,2,273,42330,"Acipenser naccarii",NA,"Metazoa","Chordata","Craniata","Actinopterygii","Actinopteri","Chondrostei","Acipenseriformes","Acipenseridae","Acipenserinae","Acipenser",NA,NA,NA,NA,"Acipenserini",NA,NA,NA,NA,NA
"forward_row_1",17221799,"AF206471.1",0,1054,1067,"128784",2,"reverse_row_1",0,1302,1285,2,248,128784,"Ptychadena sp. JPB-6253",NA,"Metazoa","Chordata","Craniata","Sarcopterygii","Amphibia",NA,"Anura","Ptychadenidae",NA,"Ptychadena",NA,NA,"Batrachia","Ranoidea",NA,NA,NA,NA,NA,NA
"forward_row_2",6970149,"AF230142.1",0,70,87,"90755",2,"reverse_row_1",0,316,300,2,246,90755,"Dendragapus obscurus",NA,"Metazoa","Chordata","Craniata","Sarcopterygii","Aves",NA,"Galliformes","Phasianidae","Tetraoninae","Dendragapus",NA,NA,"Galloanserae",NA,NA,NA,NA,NA,NA,NA
"forward_row_2",6970152,"AF230145.1",0,70,87,"83287",2,"reverse_row_1",1,311,295,2,241,83287,"Tympanuchus phasianellus",NA,"Metazoa","Chordata","Craniata","Sarcopterygii","Aves",NA,"Galliformes","Phasianidae","Tetraoninae","Tympanuchus",NA,NA,"Galloanserae",NA,NA,NA,NA,NA,NA,NA
"forward_row_1",37787266,"AY216545.1",1,2161,2178,"111846",2,"reverse_row_1",0,2420,2403,2,259,111846,"Notropis blennius",NA,"Metazoa","Chordata","Craniata","Actinopterygii","Actinopteri","Neopterygii","Cypriniformes","Leuciscidae","Pogonichthyinae","Notropis",NA,"Ostariophysi","Cypriniphysae",NA,NA,NA,NA,NA,NA,NA
"forward_row_1",49090172,"AY622431.1",1,190,206,"110848",2,"reverse_row_1",2,386,370,2,196,110848,"Pseudamnicola emilianus",NA,"Metazoa","Mollusca",NA,NA,"Gastropoda","Caenogastropoda","Littorinimorpha","Hydrobiidae","Hydrobiinae","Pseudamnicola",NA,NA,NA,"Truncatelloidea",NA,NA,NA,NA,NA,NA
"forward_row_1",49090174,"AY622433.1",1,191,207,"199865",2,"reverse_row_1",2,387,371,2,196,199865,"Floridobia winkleyi",NA,"Metazoa","Mollusca",NA,NA,"Gastropoda","Caenogastropoda","Littorinimorpha","Hydrobiidae",NA,"Floridobia",NA,NA,NA,"Truncatelloidea",NA,NA,NA,NA,NA,NA
"forward_row_1",49090176,"AY622435.1",1,194,210,"176869",2,"reverse_row_1",2,392,376,2,198,328241,"Fluminicola dalli",NA,"Metazoa","Mollusca",NA,NA,"Gastropoda","Caenogastropoda","Littorinimorpha","Lithoglyphidae",NA,"Fluminicola",NA,NA,NA,"Truncatelloidea",NA,NA,NA,NA,NA,NA
"forward_row_1",55831651,"AY649149.1",0,179,192,"293406",2,"reverse_row_1",1,390,374,2,211,293406,"Dibamus sp. MCB-2004",NA,"Metazoa","Chordata","Craniata","Sarcopterygii","Lepidosauria",NA,"Squamata","Dibamidae",NA,"Dibamus",NA,NA,NA,NA,NA,NA,NA,NA,NA,NA
"forward_row_2",55831679,"AY649177.1",0,178,195,"293415",2,"reverse_row_1",1,395,378,2,217,293415,"Takydromus sp. MCB 205",NA,"Metazoa","Chordata","Craniata","Sarcopterygii","Lepidosauria",NA,"Squamata","Lacertidae","Lacertinae","Takydromus",NA,NA,NA,NA,NA,NA,NA,NA,NA,NA
"forward_row_1",156121982,"EU068630.1",0,216,232,"462023",2,"reverse_row_1",1,417,402,2,201,462023,"Phalacrotophora sp. PTS-2007",NA,"Metazoa","Arthropoda","Hexapoda",NA,"Insecta","Pterygota","Diptera","Phoridae","Metopininae","Phalacrotophora","Muscomorpha",NA,NA,"Platypezoidea","Metopinini",NA,NA,NA,NA,NA
"forward_row_1",156121983,"EU068631.1",0,216,232,"461988",2,"reverse_row_1",1,414,399,2,198,461988,"Dohrniphora gigantea",NA,"Metazoa","Arthropoda","Hexapoda",NA,"Insecta","Pterygota","Diptera","Phoridae","Aenigmatiinae","Dohrniphora","Muscomorpha",NA,NA,"Platypezoidea",NA,NA,NA,NA,NA,NA
"forward_row_1",156121984,"EU068632.1",0,173,189,"461987",2,"reverse_row_1",1,373,358,2,200,461987,"Beckerina luteola",NA,"Metazoa","Arthropoda","Hexapoda",NA,"Insecta","Pterygota","Diptera","Phoridae","Metopininae","Beckerina","Muscomorpha",NA,NA,"Platypezoidea","Beckerinini",NA,NA,NA,NA,NA
"forward_row_1",157986582,"EU162564.1",0,180,196,"476083",2,"reverse_row_1",1,387,372,2,207,476083,"Onthophagus sharpi",NA,"Metazoa","Arthropoda","Hexapoda",NA,"Insecta","Pterygota","Coleoptera","Scarabaeidae","Scarabaeinae","Onthophagus","Scarabaeiformia",NA,NA,"Scarabaeoidea","Onthophagini",NA,NA,NA,NA,NA
"forward_row_1",193082188,"EU683108.1",0,197,213,"237362",2,"reverse_row_1",1,401,386,2,204,237362,"Thaumastocoris petilis",NA,"Metazoa","Arthropoda","Hexapoda",NA,"Insecta","Pterygota","Hemiptera","Thaumastocoridae",NA,"Thaumastocoris","Cimicomorpha",NA,NA,"Cimicoidea",NA,NA,NA,NA,NA,NA
"forward_row_1",215400551,"EU874951.1",1,148,163,"57071",2,"reverse_row_1",1,378,363,2,230,57071,"Thenus orientalis",NA,"Metazoa","Arthropoda","Crustacea","Multicrustacea","Malacostraca","Eumalacostraca","Decapoda","Scyllaridae",NA,"Thenus","Achelata",NA,"Eucarida","Palinuroidea",NA,NA,NA,NA,NA,NA
"forward_row_1",261600077,"FJ945417.1",1,207,224,"681259",2,"reverse_row_1",0,486,469,2,279,681259,"Litoria nyakalensis",NA,"Metazoa","Chordata","Craniata","Sarcopterygii","Amphibia",NA,"Anura","Hylidae","Pelodryadinae","Litoria",NA,NA,"Batrachia","Hyloidea",NA,NA,NA,NA,NA,NA
"forward_row_1",307343920,"FN687956.1",0,178,195,"87756",2,"reverse_row_1",0,489,477,2,311,87756,"Diplodus vulgaris",NA,"Metazoa","Chordata","Craniata","Actinopterygii","Actinopteri","Neopterygii","Spariformes","Sparidae",NA,"Diplodus",NA,NA,NA,NA,NA,NA,NA,NA,NA,NA
"forward_row_1",307343953,"FN687989.1",0,178,195,"426098",2,"reverse_row_1",0,489,477,2,311,426098,"Eutrigla gurnardus",NA,"Metazoa","Chordata","Craniata","Actinopterygii","Actinopteri","Neopterygii","Perciformes","Triglidae",NA,"Eutrigla",NA,NA,NA,NA,NA,NA,NA,NA,NA,NA
"forward_row_1",307343980,"FN688016.1",0,178,195,"179372",2,"reverse_row_1",0,489,477,2,311,179372,"Lepidorhombus boscii",NA,"Metazoa","Chordata","Craniata","Actinopterygii","Actinopteri","Neopterygii","Pleuronectiformes","Scophthalmidae",NA,"Lepidorhombus",NA,NA,NA,NA,NA,NA,NA,NA,NA,NA
"forward_row_1",307344037,"FN688073.1",0,178,195,"90074",2,"reverse_row_1",0,489,477,2,311,90074,"Microchirus variegatus",NA,"Metazoa","Chordata","Craniata","Actinopterygii","Actinopteri","Neopterygii","Pleuronectiformes","Soleidae",NA,"Microchirus",NA,NA,NA,NA,NA,NA,NA,NA,NA,NA
"forward_row_1",307344039,"FN688075.1",0,178,195,"106175",2,"reverse_row_1",0,489,477,2,311,106175,"Microstomus kitt",NA,"Metazoa","Chordata","Craniata","Actinopterygii","Actinopteri","Neopterygii","Pleuronectiformes","Pleuronectidae",NA,"Microstomus",NA,NA,NA,NA,NA,NA,NA,NA,NA,NA
"forward_row_2",307344045,"FN688081.1",0,178,195,"430080",2,"reverse_row_1",0,489,477,2,311,430080,"Mullus barbatus",NA,"Metazoa","Chordata","Craniata","Actinopterygii","Actinopteri","Neopterygii","Syngnathiformes","Mullidae",NA,"Mullus",NA,NA,NA,NA,NA,"Mullus barbatus barbatus",NA,NA,NA,NA
"forward_row_2",307344051,"FN688087.1",0,178,195,"87757",2,"reverse_row_1",0,489,477,2,311,87757,"Mullus surmuletus",NA,"Metazoa","Chordata","Craniata","Actinopterygii","Actinopteri","Neopterygii","Syngnathiformes","Mullidae",NA,"Mullus",NA,NA,NA,NA,NA,NA,NA,NA,NA,NA
"forward_row_1",307344083,"FN688119.1",0,178,195,"90067",2,"reverse_row_1",0,489,477,2,311,90067,"Pegusa impar",NA,"Metazoa","Chordata","Craniata","Actinopterygii","Actinopteri","Neopterygii","Pleuronectiformes","Soleidae",NA,"Pegusa",NA,NA,NA,NA,NA,NA,NA,NA,NA,NA
"forward_row_1",307344091,"FN688127.1",0,178,195,"8260",2,"reverse_row_1",0,489,477,2,311,8260,"Platichthys flesus",NA,"Metazoa","Chordata","Craniata","Actinopterygii","Actinopteri","Neopterygii","Pleuronectiformes","Pleuronectidae",NA,"Platichthys",NA,NA,NA,NA,NA,NA,NA,NA,NA,NA
"forward_row_1",307344149,"FN688185.1",0,178,195,"65125",2,"reverse_row_1",0,489,477,2,311,65125,"Scophthalmus rhombus",NA,"Metazoa","Chordata","Craniata","Actinopterygii","Actinopteri","Neopterygii","Pleuronectiformes","Scophthalmidae",NA,"Scophthalmus",NA,NA,NA,NA,NA,NA,NA,NA,NA,NA
"forward_row_1",307344206,"FN688242.1",0,178,195,"90069",2,"reverse_row_1",0,489,477,2,311,90069,"Solea solea",NA,"Metazoa","Chordata","Craniata","Actinopterygii","Actinopteri","Neopterygii","Pleuronectiformes","Soleidae",NA,"Solea",NA,NA,NA,NA,NA,NA,NA,NA,NA,NA
"forward_row_1",307344222,"FN688258.1",0,178,195,"36212",2,"reverse_row_1",0,489,477,2,311,36212,"Trachurus trachurus",NA,"Metazoa","Chordata","Craniata","Actinopterygii","Actinopteri","Neopterygii","Carangiformes","Carangidae",NA,"Trachurus",NA,NA,NA,NA,NA,NA,NA,NA,NA,NA
"forward_row_1",307344234,"FN688270.1",0,178,195,"430084",2,"reverse_row_1",0,489,477,2,311,430084,"Trigla lyra",NA,"Metazoa","Chordata","Craniata","Actinopterygii","Actinopteri","Neopterygii","Perciformes","Triglidae",NA,"Trigla",NA,NA,NA,NA,NA,NA,NA,NA,NA,NA
"forward_row_2",307566797,"HM588139.1",0,1073,1090,"370572",2,"reverse_row_1",0,1306,1289,2,233,370572,"Protopterus annectens",NA,"Metazoa","Chordata","Craniata","Sarcopterygii",NA,"Dipnomorpha","Ceratodontiformes","Protopteridae",NA,"Protopterus",NA,NA,"Ceratodontae",NA,NA,"Protopterus annectens annectens",NA,NA,NA,NA
"forward_row_1",357062907,"HQ619683.1",0,89,105,"1104627",2,"reverse_row_1",1,289,274,2,200,1104627,"Arthrobrachus flavipennis",NA,"Metazoa","Arthropoda","Hexapoda",NA,"Insecta","Pterygota","Coleoptera","Melyridae","Melyrinae","Arthrobrachus","Cucujiformia",NA,NA,"Cleroidea",NA,NA,NA,NA,NA,NA
"forward_row_2",375299432,"JQ256949.1",0,2130,2146,"192859",2,"reverse_row_1",0,2361,2346,2,231,192859,"Cercopithecus cephus",NA,"Metazoa","Chordata","Craniata","Sarcopterygii","Mammalia",NA,"Primates","Cercopithecidae","Cercopithecinae","Cercopithecus","Simiiformes",NA,"Euarchontoglires","Cercopithecoidea",NA,"Cercopithecus cephus cephodes",NA,NA,"Catarrhini",NA
"forward_row_1",667699059,"KJ907228.1",0,146,163,"40499",2,"reverse_row_1",0,416,399,2,270,40499,"Ocyurus chrysurus",NA,"Metazoa","Chordata","Craniata","Actinopterygii","Actinopteri","Neopterygii","Lutjaniformes","Lutjanidae","Lutjaninae","Ocyurus",NA,NA,NA,NA,NA,NA,NA,NA,NA,NA
"forward_row_2",733372902,"KM247363.1",0,2352,2365,"58512",2,"reverse_row_1",1,2587,2571,2,235,58512,"Cornufer vitiensis",NA,"Metazoa","Chordata","Craniata","Sarcopterygii","Amphibia",NA,"Anura","Ceratobatrachidae","Ceratobatrachinae","Cornufer",NA,NA,"Batrachia","Ranoidea",NA,NA,NA,NA,NA,NA
"forward_row_1",846327066,"KP146096.1",0,2011,2028,"1672241",2,"reverse_row_1",0,2274,2257,2,263,1672241,"Physalaemus nanus",NA,"Metazoa","Chordata","Craniata","Sarcopterygii","Amphibia",NA,"Anura","Leptodactylidae","Leiuperinae","Physalaemus",NA,NA,"Batrachia","Hyloidea",NA,NA,NA,NA,NA,NA
"forward_row_1",846327067,"KP146097.1",0,2013,2030,"1356045",2,"reverse_row_1",0,2274,2257,2,261,1356045,"Physalaemus spiniger",NA,"Metazoa","Chordata","Craniata","Sarcopterygii","Amphibia",NA,"Anura","Leptodactylidae","Leiuperinae","Physalaemus",NA,NA,"Batrachia","Hyloidea",NA,NA,NA,NA,NA,NA
"forward_row_1",955665794,"KT001463.1",0,2212,2229,"226563",2,"reverse_row_1",0,2452,2436,2,240,226563,"Nannosciurus melanotis",NA,"Metazoa","Chordata","Craniata","Sarcopterygii","Mammalia",NA,"Rodentia","Sciuridae","Callosciurinae","Nannosciurus",NA,NA,"Euarchontoglires",NA,"Callosciurini",NA,NA,NA,NA,NA
"forward_row_2",1036304770,"KX369036.1",0,2107,2124,"1860150",2,"reverse_row_1",0,2357,2340,2,250,1860150,"Pachyplichas yaldwyni",NA,"Metazoa","Chordata","Craniata","Sarcopterygii","Aves",NA,"Passeriformes","Acanthisittidae",NA,"Pachyplichas",NA,NA,NA,NA,NA,NA,NA,NA,NA,NA
"forward_row_2",1067189010,"KX495985.1",0,181,198,"1898971",2,"reverse_row_1",1,388,371,2,207,1898971,"Phyllodactylus delsolari",NA,"Metazoa","Chordata","Craniata","Sarcopterygii","Lepidosauria",NA,"Squamata","Phyllodactylidae",NA,"Phyllodactylus","Gekkota",NA,NA,NA,NA,NA,NA,NA,NA,NA
"forward_row_1",1173508636,"KX712146.1",0,2124,2141,"1975613",2,"reverse_row_1",0,2359,2342,2,235,1975613,"Mammuthus sp. Bechan Cave",NA,"Metazoa","Chordata","Craniata","Sarcopterygii","Mammalia",NA,"Proboscidea","Elephantidae",NA,"Mammuthus",NA,NA,"Afrotheria",NA,NA,NA,NA,NA,NA,NA
"forward_row_2",1109522773,"KY132227.1",0,1929,1942,"1923900",2,"reverse_row_1",0,2176,2159,2,247,1923900,"Kaloula indochinensis",NA,"Metazoa","Chordata","Craniata","Sarcopterygii","Amphibia",NA,"Anura","Microhylidae","Microhylinae","Kaloula",NA,NA,"Batrachia","Microhyloidea",NA,NA,NA,NA,NA,NA
"forward_row_2",1109522819,"KY132238.1",0,2353,2366,"1923903",2,"reverse_row_1",0,2599,2582,2,246,1923903,"Kaloula sp. NE Mindanao",NA,"Metazoa","Chordata","Craniata","Sarcopterygii","Amphibia",NA,"Anura","Microhylidae","Microhylinae","Kaloula",NA,NA,"Batrachia","Microhyloidea",NA,NA,NA,NA,NA,NA
"forward_row_1",1566350015,"KY410859.1",0,2155,2172,"64664",2,"reverse_row_1",0,2391,2374,2,236,64664,"Callosciurus caniceps",NA,"Metazoa","Chordata","Craniata","Sarcopterygii","Mammalia",NA,"Rodentia","Sciuridae","Callosciurinae","Callosciurus",NA,NA,"Euarchontoglires",NA,"Callosciurini",NA,NA,NA,NA,NA
"forward_row_1",1559952097,"KY410870.1",0,2180,2197,"226551",2,"reverse_row_1",0,2420,2403,2,240,226551,"Glyphotes simus",NA,"Metazoa","Chordata","Craniata","Sarcopterygii","Mammalia",NA,"Rodentia","Sciuridae","Callosciurinae","Glyphotes",NA,NA,"Euarchontoglires",NA,"Callosciurini",NA,NA,NA,NA,NA
"forward_row_1",1559952628,"KY410908.1",0,2184,2201,"2505933",2,"reverse_row_1",0,2424,2407,2,240,2505933,"Callosciurus melanogaster",NA,"Metazoa","Chordata","Craniata","Sarcopterygii","Mammalia",NA,"Rodentia","Sciuridae","Callosciurinae","Callosciurus",NA,NA,"Euarchontoglires",NA,"Callosciurini",NA,NA,NA,NA,NA
"forward_row_1",1559952700,"KY410913.1",0,2154,2171,"2505934",2,"reverse_row_1",0,2390,2373,2,236,2505934,"Callosciurus pygerythrus",NA,"Metazoa","Chordata","Craniata","Sarcopterygii","Mammalia",NA,"Rodentia","Sciuridae","Callosciurinae","Callosciurus",NA,NA,"Euarchontoglires",NA,"Callosciurini",NA,NA,NA,NA,NA
"forward_row_2",1559952742,"KY410916.1",0,2156,2173,"644236",2,"reverse_row_1",0,2391,2374,2,235,644236,"Callosciurus inornatus",NA,"Metazoa","Chordata","Craniata","Sarcopterygii","Mammalia",NA,"Rodentia","Sciuridae","Callosciurinae","Callosciurus",NA,NA,"Euarchontoglires",NA,"Callosciurini",NA,NA,NA,NA,NA
"forward_row_1",1559953052,"KY410938.1",0,2167,2184,"1620831",2,"reverse_row_1",0,2401,2384,2,234,1620831,"Sundasciurus hoogstraali",NA,"Metazoa","Chordata","Craniata","Sarcopterygii","Mammalia",NA,"Rodentia","Sciuridae","Callosciurinae","Sundasciurus",NA,NA,"Euarchontoglires",NA,"Callosciurini",NA,NA,NA,NA,NA
"forward_row_1",1559953095,"KY410941.1",0,2171,2188,"1620836",2,"reverse_row_1",0,2409,2392,2,238,1620836,"Sundasciurus rabori",NA,"Metazoa","Chordata","Craniata","Sarcopterygii","Mammalia",NA,"Rodentia","Sciuridae","Callosciurinae","Sundasciurus",NA,NA,"Euarchontoglires",NA,"Callosciurini",NA,NA,NA,NA,NA
"forward_row_1",1559953126,"KY410943.1",0,2157,2174,"1620830",2,"reverse_row_1",0,2395,2378,2,238,1620830,"Sundasciurus hippurus",NA,"Metazoa","Chordata","Craniata","Sarcopterygii","Mammalia",NA,"Rodentia","Sciuridae","Callosciurinae","Sundasciurus",NA,NA,"Euarchontoglires",NA,"Callosciurini",NA,NA,NA,NA,NA
"forward_row_2",1559953423,"KY410964.1",0,2145,2162,"461710",2,"reverse_row_1",0,2380,2363,2,235,461710,"Tamiops mcclellandii",NA,"Metazoa","Chordata","Craniata","Sarcopterygii","Mammalia",NA,"Rodentia","Sciuridae","Callosciurinae","Tamiops",NA,NA,"Euarchontoglires",NA,"Callosciurini",NA,NA,NA,NA,NA
"forward_row_1",1559953745,"KY410987.1",0,2194,2211,"1684337",2,"reverse_row_1",1,2432,2416,2,238,1684337,"Lariscus obscurus",NA,"Metazoa","Chordata","Craniata","Sarcopterygii","Mammalia",NA,"Rodentia","Sciuridae","Callosciurinae","Lariscus",NA,NA,"Euarchontoglires",NA,"Callosciurini",NA,NA,NA,NA,NA
"forward_row_1",1559953897,"KY410998.1",0,2164,2181,"693658",2,"reverse_row_1",0,2402,2385,2,238,693658,"Funambulus layardi",NA,"Metazoa","Chordata","Craniata","Sarcopterygii","Mammalia",NA,"Rodentia","Sciuridae","Callosciurinae","Funambulus",NA,NA,"Euarchontoglires",NA,"Funambulini",NA,NA,NA,NA,NA
"forward_row_1",1188497379,"KY987556.1",0,2012,2029,"30535",2,"reverse_row_1",1,2248,2231,2,236,30535,"Tayassu pecari",NA,"Metazoa","Chordata","Craniata","Sarcopterygii","Mammalia",NA,"Artiodactyla","Tayassuidae",NA,"Tayassu",NA,NA,"Laurasiatheria",NA,NA,NA,NA,NA,NA,NA
"forward_row_2",1050359,"L41466.1",0,155,172,"43627",2,"reverse_row_1",0,368,352,2,213,43627,"Sceloporus magister",NA,"Metazoa","Chordata","Craniata","Sarcopterygii","Lepidosauria",NA,"Squamata","Phrynosomatidae","Phrynosomatinae","Sceloporus",NA,NA,NA,NA,NA,NA,NA,NA,NA,NA
"forward_row_1",2050454726,"LC633294.1",0,195,211,"2838954",2,"reverse_row_1",1,381,366,2,186,2838954,"Vinaphilus unicus",NA,"Metazoa","Arthropoda","Myriapoda",NA,"Chilopoda","Pleurostigmophora","Geophilomorpha","Gonibregmatidae",NA,"Vinaphilus",NA,NA,NA,NA,NA,NA,NA,NA,NA,NA
"forward_row_1",687628568,"LK394275.1",1,1654,1668,"57078",2,"reverse_row_1",1,1983,1968,2,329,57078,"Dicrocoelium dendriticum",NA,"Metazoa","Platyhelminthes",NA,NA,"Trematoda","Digenea","Plagiorchiida","Dicrocoeliidae",NA,"Dicrocoelium",NA,NA,NA,"Gorgoderoidea",NA,NA,NA,NA,NA,NA
"forward_row_1",2031777360,"LR884211.1",0,2148,2165,"9925",2,"reverse_row_1",0,2382,2365,2,234,9925,"Capra hircus",NA,"Metazoa","Chordata","Craniata","Sarcopterygii","Mammalia",NA,"Artiodactyla","Bovidae","Caprinae","Capra","Pecora",NA,"Laurasiatheria",NA,NA,NA,NA,NA,NA,NA
"forward_row_1",2031966777,"LR999119.1",0,153,169,"2201859",2,"reverse_row_1",1,368,353,2,215,2201859,"Stictotarsus minipi",NA,"Metazoa","Arthropoda","Hexapoda",NA,"Insecta","Pterygota","Coleoptera","Dytiscidae","Hydroporinae","Stictotarsus",NA,NA,NA,"Dytiscoidea","Hydroporini",NA,NA,NA,NA,NA
"forward_row_1",1280120369,"MF134660.1",0,2165,2182,"1983743",2,"reverse_row_1",0,2404,2387,2,239,1983743,"Haringtonhippus francisci",NA,"Metazoa","Chordata","Craniata","Sarcopterygii","Mammalia",NA,"Perissodactyla","Equidae",NA,"Haringtonhippus",NA,NA,"Laurasiatheria",NA,NA,NA,NA,NA,NA,NA
"forward_row_1",1278208963,"MF669490.1",1,2168,2185,"9742",3,"reverse_row_1",0,2402,2385,3,234,9742,"Phocoena phocoena",NA,"Metazoa","Chordata","Craniata","Sarcopterygii","Mammalia",NA,"Artiodactyla","Phocoenidae",NA,"Phocoena","Cetacea",NA,"Laurasiatheria",NA,NA,NA,NA,NA,"Odontoceti",NA
"forward_row_1",1487658299,"MG010488.1",1,179,194,"2447876",2,"reverse_row_1",1,415,400,2,236,2447876,"Macrotritopus defilippi",NA,"Metazoa","Mollusca",NA,NA,"Cephalopoda","Coleoidea","Octopoda","Octopodidae",NA,"Macrotritopus",NA,NA,"Octopodiformes",NA,NA,NA,NA,NA,NA,NA
"forward_row_1",1487658335,"MG010524.1",1,178,193,"1423835",2,"reverse_row_1",1,412,397,2,234,1423835,"Octopus hummelincki",NA,"Metazoa","Mollusca",NA,NA,"Cephalopoda","Coleoidea","Octopoda","Octopodidae",NA,"Octopus",NA,NA,"Octopodiformes",NA,NA,NA,NA,NA,NA,NA
"forward_row_1",1487658344,"MG010533.1",1,178,193,"2447850",2,"reverse_row_1",1,413,398,2,235,2447850,"Amphioctopus burryi",NA,"Metazoa","Mollusca",NA,NA,"Cephalopoda","Coleoidea","Octopoda","Octopodidae",NA,"Amphioctopus",NA,NA,"Octopodiformes",NA,NA,NA,NA,NA,NA,NA
"forward_row_1",1487658345,"MG010534.1",1,178,193,"2447852",2,"reverse_row_1",1,414,399,2,236,2447852,"Octopus sp. octo75",NA,"Metazoa","Mollusca",NA,NA,"Cephalopoda","Coleoidea","Octopoda","Octopodidae",NA,"Octopus",NA,NA,"Octopodiformes",NA,NA,NA,NA,NA,NA,NA
"forward_row_1",1487658347,"MG010536.1",1,178,193,"2447854",2,"reverse_row_1",1,412,397,2,234,2447854,"Octopus sp. octo92",NA,"Metazoa","Mollusca",NA,NA,"Cephalopoda","Coleoidea","Octopoda","Octopodidae",NA,"Octopus",NA,NA,"Octopodiformes",NA,NA,NA,NA,NA,NA,NA
"forward_row_1",1487658348,"MG010537.1",1,179,194,"2447855",2,"reverse_row_1",1,414,399,2,235,2447855,"Octopus sp. octo100",NA,"Metazoa","Mollusca",NA,NA,"Cephalopoda","Coleoidea","Octopoda","Octopodidae",NA,"Octopus",NA,NA,"Octopodiformes",NA,NA,NA,NA,NA,NA,NA
"forward_row_1",1487658349,"MG010538.1",1,179,194,"2447856",2,"reverse_row_1",1,415,400,2,236,2447856,"Octopus sp. octo101",NA,"Metazoa","Mollusca",NA,NA,"Cephalopoda","Coleoidea","Octopoda","Octopodidae",NA,"Octopus",NA,NA,"Octopodiformes",NA,NA,NA,NA,NA,NA,NA
"forward_row_1",1487658350,"MG010539.1",1,179,194,"2447857",2,"reverse_row_1",1,415,400,2,236,2447857,"Octopus sp. octo102",NA,"Metazoa","Mollusca",NA,NA,"Cephalopoda","Coleoidea","Octopoda","Octopodidae",NA,"Octopus",NA,NA,"Octopodiformes",NA,NA,NA,NA,NA,NA,NA
"forward_row_1",1566350115,"MG021079.1",0,12899,12883,"2506508",2,"reverse_row_1",1,12693,12708,2,206,2506508,"Mimastra sp. REN-2018",NA,"Metazoa","Arthropoda","Hexapoda",NA,"Insecta","Pterygota","Coleoptera","Chrysomelidae","Galerucinae","Mimastra","Cucujiformia",NA,NA,"Chrysomeloidea","Luperini",NA,NA,NA,NA,NA
"forward_row_1",2178349475,"MK742875.1",0,13197,13181,"111875",2,"reverse_row_1",1,12999,13014,2,198,111875,"Drosophila jambulina",NA,"Metazoa","Arthropoda","Hexapoda",NA,"Insecta","Pterygota","Diptera","Drosophilidae","Drosophilinae","Drosophila","Muscomorpha",NA,NA,"Ephydroidea","Drosophilini",NA,"Sophophora","melanogaster group",NA,NA
"forward_row_1",2178349559,"MK742881.1",0,13197,13181,"67533",2,"reverse_row_1",1,12999,13014,2,198,67533,"Drosophila rufa",NA,"Metazoa","Arthropoda","Hexapoda",NA,"Insecta","Pterygota","Diptera","Drosophilidae","Drosophilinae","Drosophila","Muscomorpha",NA,NA,"Ephydroidea","Drosophilini",NA,"Sophophora","melanogaster group",NA,NA
"forward_row_1",1751581614,"MK881429.1",0,698,712,"317316",2,"reverse_row_1",0,964,947,2,266,317316,"Pristimantis curtipes",NA,"Metazoa","Chordata","Craniata","Sarcopterygii","Amphibia",NA,"Anura","Strabomantidae","Strabomantinae","Pristimantis",NA,NA,"Batrachia","Hyloidea",NA,NA,NA,NA,NA,NA
"forward_row_1",1934479816,"MN304803.1",0,1599,1616,"2779808",2,"reverse_row_1",0,1814,1797,2,215,2779808,"Geocapromys columbianus",NA,"Metazoa","Chordata","Craniata","Sarcopterygii","Mammalia",NA,"Rodentia","Capromyidae",NA,"Geocapromys",NA,NA,"Euarchontoglires",NA,NA,NA,NA,NA,NA,NA
"forward_row_1",1922070955,"MN807611.1",0,2128,2145,"498361",2,"reverse_row_1",0,2364,2347,2,236,498361,"Grammomys poensis",NA,"Metazoa","Chordata","Craniata","Sarcopterygii","Mammalia",NA,"Rodentia","Muridae","Murinae","Grammomys",NA,NA,"Euarchontoglires",NA,NA,NA,NA,NA,NA,NA
"forward_row_1",1823524963,"MN816302.1",0,2144,2161,"1497438",2,"reverse_row_1",0,2378,2361,2,234,1497438,"Casinycteris ophiodon",NA,"Metazoa","Chordata","Craniata","Sarcopterygii","Mammalia",NA,"Chiroptera","Pteropodidae","Rousettinae","Casinycteris",NA,NA,"Laurasiatheria","Pteropodoidea",NA,NA,NA,NA,NA,NA
"forward_row_1",1824434255,"MN921756.1",0,536,553,"2041065",2,"reverse_row_1",0,811,794,2,275,2041065,"Boana picturata",NA,"Metazoa","Chordata","Craniata","Sarcopterygii","Amphibia",NA,"Anura","Hylidae","Hylinae","Boana",NA,NA,"Batrachia","Hyloidea","Cophomantini",NA,NA,NA,NA,NA
"forward_row_1",1883213097,"MT358315.1",0,1537,1554,"2727725",2,"reverse_row_1",0,1794,1777,2,257,2727725,"Bokermannohyla claresignata",NA,"Metazoa","Chordata","Craniata","Sarcopterygii","Amphibia",NA,"Anura","Hylidae","Hylinae","Bokermannohyla",NA,NA,"Batrachia","Hyloidea","Cophomantini",NA,NA,NA,NA,NA
"forward_row_1",2057493796,"MW846144.1",0,2168,2185,"46122",2,"reverse_row_1",0,2406,2389,2,238,46122,"Equus sp.",NA,"Metazoa","Chordata","Craniata","Sarcopterygii","Mammalia",NA,"Perissodactyla","Equidae",NA,"Equus",NA,NA,"Laurasiatheria",NA,NA,NA,NA,NA,NA,NA
"forward_row_1",2259866074,"MZ131563.1",0,2138,2155,"2954916",2,"reverse_row_1",0,2373,2356,2,235,2954916,"Praomys daltoni complex sp. ecotype derooi",NA,"Metazoa","Chordata","Craniata","Sarcopterygii","Mammalia",NA,"Rodentia","Muridae","Murinae","Praomys",NA,NA,"Euarchontoglires",NA,NA,NA,NA,NA,NA,NA
"forward_row_1",2074131730,"MZ156017.1",0,2128,2145,"2863192",2,"reverse_row_1",0,2378,2361,2,250,2863192,"Lophiomys imhausi",NA,"Metazoa","Chordata","Craniata","Sarcopterygii","Mammalia",NA,"Rodentia","Muridae","Lophiomyinae","Lophiomys",NA,NA,"Euarchontoglires",NA,NA,"Lophiomys imhausi maremortum",NA,NA,NA,NA
"forward_row_1",2275335000,"MZ430515.1",0,2147,2164,"2966214",2,"reverse_row_1",0,2379,2362,2,232,2966214,"Camelus knoblochi",NA,"Metazoa","Chordata","Craniata","Sarcopterygii","Mammalia",NA,"Artiodactyla","Camelidae",NA,"Camelus",NA,NA,"Laurasiatheria",NA,NA,NA,NA,NA,NA,NA
"forward_row_1",2063649165,"MZ503616.1",0,144,161,"448596",2,"reverse_row_1",0,370,353,2,226,448596,"Pristimantis charlottevillensis",NA,"Metazoa","Chordata","Craniata","Sarcopterygii","Amphibia",NA,"Anura","Strabomantidae","Strabomantinae","Pristimantis",NA,NA,"Batrachia","Hyloidea",NA,NA,NA,NA,NA,NA
"forward_row_2",2102343579,"MZ595323.1",2,1941,1958,"206602",2,"reverse_row_1",0,2124,2112,2,183,206602,"Pogona minor",NA,"Metazoa","Chordata","Craniata","Sarcopterygii","Lepidosauria",NA,"Squamata","Agamidae","Amphibolurinae","Pogona",NA,NA,NA,NA,NA,NA,NA,NA,NA,NA
"forward_row_1",1535788929,"NC_040108.1",0,4693,4709,"1443243",2,"reverse_row_1",1,4915,4898,2,222,1443243,"Schizocardium brasiliense",NA,"Metazoa","Hemichordata",NA,NA,"Enteropneusta",NA,NA,"Spengelidae",NA,"Schizocardium",NA,NA,NA,NA,NA,NA,NA,NA,NA,NA
"forward_row_1",2308052778,"OK287400.1",0,13145,13128,"2699205",2,"reverse_row_1",1,12947,12962,2,198,2699205,"Eristalinus arvorum",NA,"Metazoa","Arthropoda","Hexapoda",NA,"Insecta","Pterygota","Diptera","Syrphidae","Eristalinae","Eristalinus","Muscomorpha",NA,NA,"Syrphoidea","Eristalini",NA,NA,NA,NA,NA
"forward_row_1",2156963274,"OL631592.1",0,2122,2139,"2885232",2,"reverse_row_1",0,2357,2340,2,235,2885232,"Notiomastodon platensis",NA,"Metazoa","Chordata","Craniata","Sarcopterygii","Mammalia",NA,"Proboscidea","Gomphotheriidae",NA,"Notiomastodon",NA,NA,"Afrotheria",NA,NA,NA,NA,NA,NA,NA
"forward_row_1",2188700791,"OM519380.1",0,235,220,"2268373",2,"reverse_row_1",1,28,43,2,207,2268373,"Schizoptera (Schizoptera) sp. Colombia 632",NA,"Metazoa","Arthropoda","Hexapoda",NA,"Insecta","Pterygota","Hemiptera","Schizopteridae",NA,"Schizoptera",NA,NA,NA,NA,NA,NA,NA,NA,NA,NA
"forward_row_1",2188700794,"OM519381.1",0,199,214,"2914895",2,"reverse_row_1",1,406,391,2,207,2914895,"Schizopteridae gen. sp. Colombia 3564",NA,"Metazoa","Arthropoda","Hexapoda",NA,"Insecta","Pterygota","Hemiptera","Schizopteridae",NA,NA,NA,NA,NA,NA,NA,NA,NA,NA,NA,NA
"forward_row_1",2188700815,"OM519383.1",0,179,194,"2268371",2,"reverse_row_1",1,386,371,2,207,2268371,"Schizoptera (Lophopleurum) sp. Peru 342",NA,"Metazoa","Arthropoda","Hexapoda",NA,"Insecta","Pterygota","Hemiptera","Schizopteridae",NA,"Schizoptera",NA,NA,NA,NA,NA,NA,NA,NA,NA,NA
"forward_row_2",2294271955,"OP359450.1",1,207,224,"2976556",2,"reverse_row_1",1,401,385,2,194,2976556,"Uropeltis broughami",NA,"Metazoa","Chordata","Craniata","Sarcopterygii","Lepidosauria",NA,"Squamata","Uropeltidae",NA,"Uropeltis","Serpentes",NA,NA,"Henophidia",NA,NA,NA,NA,NA,NA
"forward_row_2",2294271976,"OP359460.1",1,90,107,"2976669",2,"reverse_row_1",1,282,266,2,192,2976669,"Uropeltis sp. annulata",NA,"Metazoa","Chordata","Craniata","Sarcopterygii","Lepidosauria",NA,"Squamata","Uropeltidae",NA,"Uropeltis","Serpentes",NA,NA,"Henophidia",NA,NA,NA,NA,NA,NA
"forward_row_1",2427661435,"OP413792.1",1,3238,3252,"2978698",2,"reverse_row_1",0,3486,3470,2,248,2978698,"Mullerornis modestus",NA,"Metazoa","Chordata","Craniata","Sarcopterygii","Aves",NA,"Struthioniformes","Aepyornithidae",NA,"Mullerornis",NA,NA,"Palaeognathae",NA,NA,NA,NA,NA,NA,NA
"forward_row_2",2512242620,"OQ160785.1",0,2188,2205,"461707",2,"reverse_row_1",1,2426,2409,2,238,461707,"Dremomys gularis",NA,"Metazoa","Chordata","Craniata","Sarcopterygii","Mammalia",NA,"Rodentia","Sciuridae","Callosciurinae","Dremomys",NA,NA,"Euarchontoglires",NA,"Callosciurini",NA,NA,NA,NA,NA
"forward_row_1",2484205651,"OQ318946.1",0,2715,2732,"9643",2,"reverse_row_1",0,2952,2935,2,237,9643,"Ursus americanus",NA,"Metazoa","Chordata","Craniata","Sarcopterygii","Mammalia",NA,"Carnivora","Ursidae",NA,"Ursus",NA,NA,"Laurasiatheria",NA,NA,NA,NA,NA,NA,NA
"forward_row_2",2493198921,"OQ857301.1",1,184,201,"3041900",2,"reverse_row_1",1,379,363,2,195,3041900,"Hemachatus nyangensis",NA,"Metazoa","Chordata","Craniata","Sarcopterygii","Lepidosauria",NA,"Squamata","Elapidae","Elapinae","Hemachatus","Serpentes",NA,NA,"Colubroidea",NA,NA,NA,NA,NA,NA
"forward_row_2",2571031200,"OR048941.1",0,2137,2154,"57393",2,"reverse_row_1",0,2381,2369,2,244,57393,"Amazona ventralis",NA,"Metazoa","Chordata","Craniata","Sarcopterygii","Aves",NA,"Psittaciformes","Psittacidae",NA,"Amazona",NA,NA,NA,NA,NA,NA,NA,NA,NA,NA
"forward_row_1",2644582558,"OR138102.1",0,2158,2175,"3111935",2,"reverse_row_1",0,2393,2376,2,235,3111935,"Hylomys vorax",NA,"Metazoa","Chordata","Craniata","Sarcopterygii","Mammalia",NA,"Eulipotyphla","Erinaceidae","Galericinae","Hylomys",NA,NA,"Laurasiatheria",NA,NA,NA,NA,NA,NA,NA
"forward_row_1",2591972455,"OR545393.1",0,2137,2154,"48560",2,"reverse_row_1",0,2369,2352,2,232,48560,"Capreolus pygargus",NA,"Metazoa","Chordata","Craniata","Sarcopterygii","Mammalia",NA,"Artiodactyla","Cervidae","Odocoileinae","Capreolus","Pecora",NA,"Laurasiatheria",NA,NA,NA,NA,NA,NA,NA
"forward_row_1",2734740326,"PP817914.1",0,212,226,"2890248",2,"reverse_row_1",1,440,424,2,228,2890248,"Peniagone purpurea",NA,"Metazoa","Echinodermata",NA,"Echinozoa","Holothuroidea","Aspidochirotacea","Elasipodida","Elpidiidae",NA,"Peniagone",NA,NA,NA,NA,NA,NA,NA,NA,NA,NA
"forward_row_1",2734740328,"PP817915.1",0,210,224,"2940124",2,"reverse_row_1",1,438,422,2,228,2940124,"Peniagone vitrea setosa",NA,"Metazoa","Echinodermata",NA,"Echinozoa","Holothuroidea","Aspidochirotacea","Elasipodida","Elpidiidae",NA,"Peniagone",NA,NA,NA,NA,NA,NA,NA,NA,NA,NA
"forward_row_1",2734740329,"PP817916.1",0,210,226,"3145257",2,"reverse_row_1",1,438,422,2,228,3145257,"Elpidiidae sp.",NA,"Metazoa","Echinodermata",NA,"Echinozoa","Holothuroidea","Aspidochirotacea","Elasipodida","Elpidiidae",NA,NA,NA,NA,NA,NA,NA,NA,NA,NA,NA,NA
"forward_row_1",2734740331,"PP817917.1",0,210,226,"3093012",2,"reverse_row_1",1,438,422,2,228,3093012,"Benthogone rosea",NA,"Metazoa","Echinodermata",NA,"Echinozoa","Holothuroidea","Aspidochirotacea","Elasipodida","Laetmogonidae",NA,"Benthogone",NA,NA,NA,NA,NA,NA,NA,NA,NA,NA
"forward_row_2",2866541897,"PQ723599.1",0,2155,2172,"8858",2,"reverse_row_1",0,2404,2388,2,249,8858,"Cereopsis novaehollandiae",NA,"Metazoa","Chordata","Craniata","Sarcopterygii","Aves",NA,"Anseriformes","Anatidae","Anserinae","Cereopsis",NA,NA,"Galloanserae",NA,NA,NA,NA,NA,NA,NA
"forward_row_2",2866541939,"PQ723602.1",0,2121,2138,"3380687",2,"reverse_row_1",0,2369,2352,2,248,3380687,"Malacorhynchus scarletti",NA,"Metazoa","Chordata","Craniata","Sarcopterygii","Aves",NA,"Anseriformes","Anatidae","Tadorninae","Malacorhynchus",NA,NA,"Galloanserae",NA,NA,NA,NA,NA,NA,NA
"forward_row_2",2866542177,"PQ723619.1",1,2197,2214,"3380701",2,"reverse_row_1",0,2446,2430,2,249,3380701,"Cnemiornis gracilis",NA,"Metazoa","Chordata","Craniata","Sarcopterygii","Aves",NA,"Anseriformes","Anatidae","Anserinae","Cnemiornis",NA,NA,"Galloanserae",NA,NA,NA,NA,NA,NA,NA
"forward_row_1",870774,"U21382.1",1,174,191,"38751",2,"reverse_row_1",0,430,413,2,256,38751,"Danio pulcher",NA,"Metazoa","Chordata","Craniata","Actinopterygii","Actinopteri","Neopterygii","Cypriniformes","Danionidae","Danioninae","Danio",NA,"Ostariophysi","Cypriniphysae",NA,NA,NA,NA,NA,NA,NA
"forward_row_1",1000260,"U34018.1",1,185,202,"42502",2,"reverse_row_1",0,449,432,2,264,42502,"Hemiodus sp.",NA,"Metazoa","Chordata","Craniata","Actinopterygii","Actinopteri","Neopterygii","Characiformes","Hemiodontidae",NA,"Hemiodus",NA,"Ostariophysi","Characiphysae",NA,NA,NA,NA,NA,NA,NA
"forward_row_2",9857840,"AF261257.1",0,634,647,"127650",2,"reverse_row_1",0,875,858,2,241,127650,"Guibemantis flavobrunneus",NA,"Metazoa","Chordata","Craniata","Sarcopterygii","Amphibia",NA,"Anura","Mantellidae","Mantellinae","Guibemantis",NA,NA,"Batrachia","Ranoidea",NA,NA,"Pandanusicola",NA,NA,NA
"forward_row_2",55831653,"AY649151.1",0,177,194,"71008",2,"reverse_row_1",1,388,372,2,211,71008,"Elgaria multicarinata",NA,"Metazoa","Chordata","Craniata","Sarcopterygii","Lepidosauria",NA,"Squamata","Anguidae",NA,"Elgaria","Anguimorpha",NA,NA,NA,NA,NA,NA,NA,NA,NA
"forward_row_2",158121114,"EU164486.1",0,177,194,"475988",2,"reverse_row_1",1,344,328,2,167,475988,"Panaspis annobonensis",NA,"Metazoa","Chordata","Craniata","Sarcopterygii","Lepidosauria",NA,"Squamata","Scincidae","Eugongylinae","Panaspis","Scinciformata",NA,NA,NA,NA,NA,NA,NA,NA,NA
"forward_row_1",307343882,"FN687918.1",0,178,195,"36219",2,"reverse_row_1",0,489,477,2,311,36219,"Boops boops",NA,"Metazoa","Chordata","Craniata","Actinopterygii","Actinopteri","Neopterygii","Spariformes","Sparidae",NA,"Boops",NA,NA,NA,NA,NA,NA,NA,NA,NA,NA
"forward_row_1",307343896,"FN687932.1",0,178,195,"426095;2576622",2,"reverse_row_1",0,489,477,2,311,426095,"Trigloporus lastoviza",NA,"Metazoa","Chordata","Craniata","Actinopterygii","Actinopteri","Neopterygii","Perciformes","Triglidae",NA,"Trigloporus",NA,NA,NA,NA,NA,NA,NA,NA,NA,NA
"forward_row_1",307343897,"FN687933.1",0,178,195,"426095",2,"reverse_row_1",0,489,477,2,311,426095,"Trigloporus lastoviza",NA,"Metazoa","Chordata","Craniata","Actinopterygii","Actinopteri","Neopterygii","Perciformes","Triglidae",NA,"Trigloporus",NA,NA,NA,NA,NA,NA,NA,NA,NA,NA
"forward_row_1",307343900,"FN687936.1",0,178,195,"426095",2,"reverse_row_1",0,489,477,2,311,426095,"Trigloporus lastoviza",NA,"Metazoa","Chordata","Craniata","Actinopterygii","Actinopteri","Neopterygii","Perciformes","Triglidae",NA,"Trigloporus",NA,NA,NA,NA,NA,NA,NA,NA,NA,NA
"forward_row_1",307343901,"FN687937.1",0,178,195,"426095",2,"reverse_row_1",0,489,477,2,311,426095,"Trigloporus lastoviza",NA,"Metazoa","Chordata","Craniata","Actinopterygii","Actinopteri","Neopterygii","Perciformes","Triglidae",NA,"Trigloporus",NA,NA,NA,NA,NA,NA,NA,NA,NA,NA
"forward_row_1",307343903,"FN687939.1",0,178,195,"2576622",2,"reverse_row_1",0,489,477,2,311,2576622,"Chelidonichthys lucerna",NA,"Metazoa","Chordata","Craniata","Actinopterygii","Actinopteri","Neopterygii","Perciformes","Triglidae",NA,"Chelidonichthys",NA,NA,NA,NA,NA,NA,NA,NA,NA,NA
"forward_row_1",307343905,"FN687941.1",0,178,195,"2576622",2,"reverse_row_1",0,489,477,2,311,2576622,"Chelidonichthys lucerna",NA,"Metazoa","Chordata","Craniata","Actinopterygii","Actinopteri","Neopterygii","Perciformes","Triglidae",NA,"Chelidonichthys",NA,NA,NA,NA,NA,NA,NA,NA,NA,NA
"forward_row_1",307343913,"FN687949.1",0,178,195,"7950",2,"reverse_row_1",0,489,477,2,311,7950,"Clupea harengus",NA,"Metazoa","Chordata","Craniata","Actinopterygii","Actinopteri","Neopterygii","Clupeiformes","Clupeidae","Clupeinae","Clupea",NA,"Clupei",NA,NA,NA,NA,NA,NA,NA,NA
"forward_row_1",307343914,"FN687950.1",0,178,195,"7950",2,"reverse_row_1",0,489,477,2,311,7950,"Clupea harengus",NA,"Metazoa","Chordata","Craniata","Actinopterygii","Actinopteri","Neopterygii","Clupeiformes","Clupeidae","Clupeinae","Clupea",NA,"Clupei",NA,NA,NA,NA,NA,NA,NA,NA
"forward_row_1",307343917,"FN687953.1",0,178,195,"13489",2,"reverse_row_1",0,489,477,2,311,13489,"Dicentrarchus labrax",NA,"Metazoa","Chordata","Craniata","Actinopterygii","Actinopteri","Neopterygii",NA,"Moronidae",NA,"Dicentrarchus",NA,NA,NA,NA,NA,NA,NA,NA,NA,NA
"forward_row_1",307343924,"FN687960.1",0,178,195,"87756",2,"reverse_row_1",0,489,477,2,311,87756,"Diplodus vulgaris",NA,"Metazoa","Chordata","Craniata","Actinopterygii","Actinopteri","Neopterygii","Spariformes","Sparidae",NA,"Diplodus",NA,NA,NA,NA,NA,NA,NA,NA,NA,NA
"forward_row_1",307343925,"FN687961.1",0,178,195,"87756",2,"reverse_row_1",0,489,477,2,311,87756,"Diplodus vulgaris",NA,"Metazoa","Chordata","Craniata","Actinopterygii","Actinopteri","Neopterygii","Spariformes","Sparidae",NA,"Diplodus",NA,NA,NA,NA,NA,NA,NA,NA,NA,NA
"forward_row_1",307343927,"FN687963.1",0,178,195,"87756",2,"reverse_row_1",0,489,477,2,311,87756,"Diplodus vulgaris",NA,"Metazoa","Chordata","Craniata","Actinopterygii","Actinopteri","Neopterygii","Spariformes","Sparidae",NA,"Diplodus",NA,NA,NA,NA,NA,NA,NA,NA,NA,NA
"forward_row_1",307343928,"FN687964.1",0,178,195,"87756",2,"reverse_row_1",0,489,477,2,311,87756,"Diplodus vulgaris",NA,"Metazoa","Chordata","Craniata","Actinopterygii","Actinopteri","Neopterygii","Spariformes","Sparidae",NA,"Diplodus",NA,NA,NA,NA,NA,NA,NA,NA,NA,NA
"forward_row_1",307343929,"FN687965.1",0,178,195,"87756",2,"reverse_row_1",0,489,477,2,311,87756,"Diplodus vulgaris",NA,"Metazoa","Chordata","Craniata","Actinopterygii","Actinopteri","Neopterygii","Spariformes","Sparidae",NA,"Diplodus",NA,NA,NA,NA,NA,NA,NA,NA,NA,NA
"forward_row_1",307343933,"FN687969.1",0,178,195,"184585",2,"reverse_row_1",0,489,477,2,311,184585,"Engraulis encrasicolus",NA,"Metazoa","Chordata","Craniata","Actinopterygii","Actinopteri","Neopterygii","Clupeiformes","Engraulidae","Engraulinae","Engraulis",NA,"Clupei",NA,NA,NA,NA,NA,NA,NA,NA
"forward_row_1",307343934,"FN687970.1",0,178,195,"184585",2,"reverse_row_1",0,489,477,2,311,184585,"Engraulis encrasicolus",NA,"Metazoa","Chordata","Craniata","Actinopterygii","Actinopteri","Neopterygii","Clupeiformes","Engraulidae","Engraulinae","Engraulis",NA,"Clupei",NA,NA,NA,NA,NA,NA,NA,NA
"forward_row_1",307343937,"FN687973.1",0,178,195,"184585",2,"reverse_row_1",0,489,477,2,311,184585,"Engraulis encrasicolus",NA,"Metazoa","Chordata","Craniata","Actinopterygii","Actinopteri","Neopterygii","Clupeiformes","Engraulidae","Engraulinae","Engraulis",NA,"Clupei",NA,NA,NA,NA,NA,NA,NA,NA
"forward_row_1",307343942,"FN687978.1",0,178,195,"184585",2,"reverse_row_1",0,489,477,2,311,184585,"Engraulis encrasicolus",NA,"Metazoa","Chordata","Craniata","Actinopterygii","Actinopteri","Neopterygii","Clupeiformes","Engraulidae","Engraulinae","Engraulis",NA,"Clupei",NA,NA,NA,NA,NA,NA,NA,NA
"forward_row_1",307343944,"FN687980.1",0,178,195,"179535",2,"reverse_row_1",0,489,477,2,311,179535,"Epinephelus marginatus",NA,"Metazoa","Chordata","Craniata","Actinopterygii","Actinopteri","Neopterygii","Perciformes","Serranidae","Epinephelinae","Epinephelus",NA,NA,NA,NA,"Epinephelini",NA,NA,NA,NA,NA
"forward_row_1",307343952,"FN687988.1",0,178,195,"426098",2,"reverse_row_1",0,489,477,2,311,426098,"Eutrigla gurnardus",NA,"Metazoa","Chordata","Craniata","Actinopterygii","Actinopteri","Neopterygii","Perciformes","Triglidae",NA,"Eutrigla",NA,NA,NA,NA,NA,NA,NA,NA,NA,NA
"forward_row_1",307343954,"FN687990.1",0,178,195,"426098",2,"reverse_row_1",0,489,477,2,311,426098,"Eutrigla gurnardus",NA,"Metazoa","Chordata","Craniata","Actinopterygii","Actinopteri","Neopterygii","Perciformes","Triglidae",NA,"Eutrigla",NA,NA,NA,NA,NA,NA,NA,NA,NA,NA
"forward_row_1",307343955,"FN687991.1",0,178,195,"8049",2,"reverse_row_1",0,489,477,2,311,8049,"Gadus morhua",NA,"Metazoa","Chordata","Craniata","Actinopterygii","Actinopteri","Neopterygii","Gadiformes","Gadidae",NA,"Gadus",NA,NA,NA,NA,NA,NA,NA,NA,NA,NA
"forward_row_1",307343957,"FN687993.1",0,178,195,"8049",2,"reverse_row_1",0,489,477,2,311,8049,"Gadus morhua",NA,"Metazoa","Chordata","Craniata","Actinopterygii","Actinopteri","Neopterygii","Gadiformes","Gadidae",NA,"Gadus",NA,NA,NA,NA,NA,NA,NA,NA,NA,NA
"forward_row_1",307343958,"FN687994.1",0,178,195,"8049",2,"reverse_row_1",0,489,477,2,311,8049,"Gadus morhua",NA,"Metazoa","Chordata","Craniata","Actinopterygii","Actinopteri","Neopterygii","Gadiformes","Gadidae",NA,"Gadus",NA,NA,NA,NA,NA,NA,NA,NA,NA,NA
"forward_row_1",307343959,"FN687995.1",0,178,195,"8049",2,"reverse_row_1",0,489,477,2,311,8049,"Gadus morhua",NA,"Metazoa","Chordata","Craniata","Actinopterygii","Actinopteri","Neopterygii","Gadiformes","Gadidae",NA,"Gadus",NA,NA,NA,NA,NA,NA,NA,NA,NA,NA
"forward_row_1",307343960,"FN687996.1",0,178,195,"349665",2,"reverse_row_1",0,489,477,2,311,349665,"Helicolenus dactylopterus",NA,"Metazoa","Chordata","Craniata","Actinopterygii","Actinopteri","Neopterygii","Perciformes","Sebastidae","Sebastinae","Helicolenus",NA,NA,NA,NA,NA,"Helicolenus dactylopterus dactylopterus",NA,NA,NA,NA
"forward_row_1",307343961,"FN687997.1",0,178,195,"349665",2,"reverse_row_1",0,489,477,2,311,349665,"Helicolenus dactylopterus",NA,"Metazoa","Chordata","Craniata","Actinopterygii","Actinopteri","Neopterygii","Perciformes","Sebastidae","Sebastinae","Helicolenus",NA,NA,NA,NA,NA,"Helicolenus dactylopterus dactylopterus",NA,NA,NA,NA
"forward_row_1",307343963,"FN687999.1",0,178,195,"349665",2,"reverse_row_1",0,489,477,2,311,349665,"Helicolenus dactylopterus",NA,"Metazoa","Chordata","Craniata","Actinopterygii","Actinopteri","Neopterygii","Perciformes","Sebastidae","Sebastinae","Helicolenus",NA,NA,NA,NA,NA,"Helicolenus dactylopterus dactylopterus",NA,NA,NA,NA
"forward_row_1",307343964,"FN688000.1",0,178,195,"349665",2,"reverse_row_1",0,489,477,2,311,349665,"Helicolenus dactylopterus",NA,"Metazoa","Chordata","Craniata","Actinopterygii","Actinopteri","Neopterygii","Perciformes","Sebastidae","Sebastinae","Helicolenus",NA,NA,NA,NA,NA,"Helicolenus dactylopterus dactylopterus",NA,NA,NA,NA
"forward_row_1",307343965,"FN688001.1",0,178,195,"349665",2,"reverse_row_1",0,489,477,2,311,349665,"Helicolenus dactylopterus",NA,"Metazoa","Chordata","Craniata","Actinopterygii","Actinopteri","Neopterygii","Perciformes","Sebastidae","Sebastinae","Helicolenus",NA,NA,NA,NA,NA,"Helicolenus dactylopterus dactylopterus",NA,NA,NA,NA
"forward_row_1",307343998,"FN688034.1",0,178,195,"191678",2,"reverse_row_1",0,489,477,2,311,191678,"Lophius budegassa",NA,"Metazoa","Chordata","Craniata","Actinopterygii","Actinopteri","Neopterygii","Lophiiformes","Lophiidae",NA,"Lophius",NA,NA,NA,NA,NA,NA,NA,NA,NA,NA
"forward_row_1",307344004,"FN688040.1",0,178,195,"191678",2,"reverse_row_1",0,489,477,2,311,191678,"Lophius budegassa",NA,"Metazoa","Chordata","Craniata","Actinopterygii","Actinopteri","Neopterygii","Lophiiformes","Lophiidae",NA,"Lophius",NA,NA,NA,NA,NA,NA,NA,NA,NA,NA
"forward_row_1",307344006,"FN688042.1",0,178,195,"8074",2,"reverse_row_1",0,489,477,2,311,8074,"Lophius piscatorius",NA,"Metazoa","Chordata","Craniata","Actinopterygii","Actinopteri","Neopterygii","Lophiiformes","Lophiidae",NA,"Lophius",NA,NA,NA,NA,NA,NA,NA,NA,NA,NA
"forward_row_1",307344010,"FN688046.1",0,178,195,"206124",2,"reverse_row_1",0,489,477,2,311,206124,"Macroramphosus scolopax",NA,"Metazoa","Chordata","Craniata","Actinopterygii","Actinopteri","Neopterygii","Syngnathiformes","Centriscidae","Macroramphosinae","Macroramphosus",NA,NA,NA,NA,NA,NA,NA,NA,NA,NA
"forward_row_1",307344012,"FN688048.1",0,178,195,"206124",2,"reverse_row_1",0,489,477,2,311,206124,"Macroramphosus scolopax",NA,"Metazoa","Chordata","Craniata","Actinopterygii","Actinopteri","Neopterygii","Syngnathiformes","Centriscidae","Macroramphosinae","Macroramphosus",NA,NA,NA,NA,NA,NA,NA,NA,NA,NA
"forward_row_1",307344013,"FN688049.1",0,178,195,"206124",2,"reverse_row_1",0,489,477,2,311,206124,"Macroramphosus scolopax",NA,"Metazoa","Chordata","Craniata","Actinopterygii","Actinopteri","Neopterygii","Syngnathiformes","Centriscidae","Macroramphosinae","Macroramphosus",NA,NA,NA,NA,NA,NA,NA,NA,NA,NA
"forward_row_1",307344015,"FN688051.1",0,178,195,"206124",2,"reverse_row_1",0,489,477,2,311,206124,"Macroramphosus scolopax",NA,"Metazoa","Chordata","Craniata","Actinopterygii","Actinopteri","Neopterygii","Syngnathiformes","Centriscidae","Macroramphosinae","Macroramphosus",NA,NA,NA,NA,NA,NA,NA,NA,NA,NA
"forward_row_1",307344017,"FN688053.1",0,178,195,"8058",2,"reverse_row_1",0,489,477,2,311,8058,"Merlangius merlangus",NA,"Metazoa","Chordata","Craniata","Actinopterygii","Actinopteri","Neopterygii","Gadiformes","Gadidae",NA,"Merlangius",NA,NA,NA,NA,NA,NA,NA,NA,NA,NA
"forward_row_2",307344021,"FN688057.1",0,178,195,"8063",2,"reverse_row_1",0,489,477,2,311,8063,"Merluccius merluccius",NA,"Metazoa","Chordata","Craniata","Actinopterygii","Actinopteri","Neopterygii","Gadiformes","Merlucciidae",NA,"Merluccius",NA,NA,NA,NA,NA,NA,NA,NA,NA,NA
"forward_row_2",307344022,"FN688058.1",0,178,195,"8063",2,"reverse_row_1",0,489,477,2,311,8063,"Merluccius merluccius",NA,"Metazoa","Chordata","Craniata","Actinopterygii","Actinopteri","Neopterygii","Gadiformes","Merlucciidae",NA,"Merluccius",NA,NA,NA,NA,NA,NA,NA,NA,NA,NA
"forward_row_2",307344024,"FN688060.1",0,178,195,"8063",2,"reverse_row_1",0,489,477,2,311,8063,"Merluccius merluccius",NA,"Metazoa","Chordata","Craniata","Actinopterygii","Actinopteri","Neopterygii","Gadiformes","Merlucciidae",NA,"Merluccius",NA,NA,NA,NA,NA,NA,NA,NA,NA,NA
"forward_row_2",307344027,"FN688063.1",0,178,195,"8063",2,"reverse_row_1",0,489,477,2,311,8063,"Merluccius merluccius",NA,"Metazoa","Chordata","Craniata","Actinopterygii","Actinopteri","Neopterygii","Gadiformes","Merlucciidae",NA,"Merluccius",NA,NA,NA,NA,NA,NA,NA,NA,NA,NA
"forward_row_2",307344028,"FN688064.1",0,178,195,"8063",2,"reverse_row_1",0,489,477,2,311,8063,"Merluccius merluccius",NA,"Metazoa","Chordata","Craniata","Actinopterygii","Actinopteri","Neopterygii","Gadiformes","Merlucciidae",NA,"Merluccius",NA,NA,NA,NA,NA,NA,NA,NA,NA,NA
"forward_row_2",307344030,"FN688066.1",0,178,195,"8063",2,"reverse_row_1",0,489,477,2,311,8063,"Merluccius merluccius",NA,"Metazoa","Chordata","Craniata","Actinopterygii","Actinopteri","Neopterygii","Gadiformes","Merlucciidae",NA,"Merluccius",NA,NA,NA,NA,NA,NA,NA,NA,NA,NA
"forward_row_2",307344034,"FN688070.1",0,178,195,"8063",2,"reverse_row_1",0,489,477,2,311,8063,"Merluccius merluccius",NA,"Metazoa","Chordata","Craniata","Actinopterygii","Actinopteri","Neopterygii","Gadiformes","Merlucciidae",NA,"Merluccius",NA,NA,NA,NA,NA,NA,NA,NA,NA,NA
"forward_row_2",307344041,"FN688077.1",0,178,195,"37007;430080",2,"reverse_row_1",0,489,477,2,311,430080,"Mullus barbatus",NA,"Metazoa","Chordata","Craniata","Actinopterygii","Actinopteri","Neopterygii","Syngnathiformes","Mullidae",NA,"Mullus",NA,NA,NA,NA,NA,"Mullus barbatus barbatus",NA,NA,NA,NA
"forward_row_2",307344054,"FN688090.1",0,178,195,"87757",2,"reverse_row_1",0,489,477,2,311,87757,"Mullus surmuletus",NA,"Metazoa","Chordata","Craniata","Actinopterygii","Actinopteri","Neopterygii","Syngnathiformes","Mullidae",NA,"Mullus",NA,NA,NA,NA,NA,NA,NA,NA,NA,NA
"forward_row_2",307344055,"FN688091.1",0,178,195,"87757",2,"reverse_row_1",0,489,477,2,311,87757,"Mullus surmuletus",NA,"Metazoa","Chordata","Craniata","Actinopterygii","Actinopteri","Neopterygii","Syngnathiformes","Mullidae",NA,"Mullus",NA,NA,NA,NA,NA,NA,NA,NA,NA,NA
"forward_row_2",307344056,"FN688092.1",0,178,195,"87757",2,"reverse_row_1",0,489,477,2,311,87757,"Mullus surmuletus",NA,"Metazoa","Chordata","Craniata","Actinopterygii","Actinopteri","Neopterygii","Syngnathiformes","Mullidae",NA,"Mullus",NA,NA,NA,NA,NA,NA,NA,NA,NA,NA
"forward_row_2",307344057,"FN688093.1",0,178,195,"87757",2,"reverse_row_1",0,489,477,2,311,87757,"Mullus surmuletus",NA,"Metazoa","Chordata","Craniata","Actinopterygii","Actinopteri","Neopterygii","Syngnathiformes","Mullidae",NA,"Mullus",NA,NA,NA,NA,NA,NA,NA,NA,NA,NA
"forward_row_2",307344059,"FN688095.1",0,178,195,"87757",2,"reverse_row_1",0,489,477,2,311,87757,"Mullus surmuletus",NA,"Metazoa","Chordata","Craniata","Actinopterygii","Actinopteri","Neopterygii","Syngnathiformes","Mullidae",NA,"Mullus",NA,NA,NA,NA,NA,NA,NA,NA,NA,NA
"forward_row_2",307344060,"FN688096.1",0,178,195,"87757",2,"reverse_row_1",0,489,477,2,311,87757,"Mullus surmuletus",NA,"Metazoa","Chordata","Craniata","Actinopterygii","Actinopteri","Neopterygii","Syngnathiformes","Mullidae",NA,"Mullus",NA,NA,NA,NA,NA,NA,NA,NA,NA,NA
"forward_row_2",307344064,"FN688100.1",0,178,195,"87757",2,"reverse_row_1",0,489,477,2,311,87757,"Mullus surmuletus",NA,"Metazoa","Chordata","Craniata","Actinopterygii","Actinopteri","Neopterygii","Syngnathiformes","Mullidae",NA,"Mullus",NA,NA,NA,NA,NA,NA,NA,NA,NA,NA
"forward_row_1",307344065,"FN688101.1",0,178,195,"98817",2,"reverse_row_1",0,489,477,2,311,98817,"Pagellus acarne",NA,"Metazoa","Chordata","Craniata","Actinopterygii","Actinopteri","Neopterygii","Spariformes","Sparidae",NA,"Pagellus",NA,NA,NA,NA,NA,NA,NA,NA,NA,NA
"forward_row_1",307344066,"FN688102.1",0,178,195,"98817",2,"reverse_row_1",0,489,477,2,311,98817,"Pagellus acarne",NA,"Metazoa","Chordata","Craniata","Actinopterygii","Actinopteri","Neopterygii","Spariformes","Sparidae",NA,"Pagellus",NA,NA,NA,NA,NA,NA,NA,NA,NA,NA
"forward_row_1",307344067,"FN688103.1",0,178,195,"98817",2,"reverse_row_1",0,489,477,2,311,98817,"Pagellus acarne",NA,"Metazoa","Chordata","Craniata","Actinopterygii","Actinopteri","Neopterygii","Spariformes","Sparidae",NA,"Pagellus",NA,NA,NA,NA,NA,NA,NA,NA,NA,NA
"forward_row_1",307344068,"FN688104.1",0,178,195,"98817",2,"reverse_row_1",0,489,477,2,311,98817,"Pagellus acarne",NA,"Metazoa","Chordata","Craniata","Actinopterygii","Actinopteri","Neopterygii","Spariformes","Sparidae",NA,"Pagellus",NA,NA,NA,NA,NA,NA,NA,NA,NA,NA
"forward_row_1",307344073,"FN688109.1",0,178,195,"50593",2,"reverse_row_1",0,489,477,2,311,50593,"Pagellus erythrinus",NA,"Metazoa","Chordata","Craniata","Actinopterygii","Actinopteri","Neopterygii","Spariformes","Sparidae",NA,"Pagellus",NA,NA,NA,NA,NA,NA,NA,NA,NA,NA
"forward_row_1",307344074,"FN688110.1",0,178,195,"50593",2,"reverse_row_1",0,489,477,2,311,50593,"Pagellus erythrinus",NA,"Metazoa","Chordata","Craniata","Actinopterygii","Actinopteri","Neopterygii","Spariformes","Sparidae",NA,"Pagellus",NA,NA,NA,NA,NA,NA,NA,NA,NA,NA
"forward_row_1",307344077,"FN688113.1",0,178,195,"50593",2,"reverse_row_1",0,489,477,2,311,50593,"Pagellus erythrinus",NA,"Metazoa","Chordata","Craniata","Actinopterygii","Actinopteri","Neopterygii","Spariformes","Sparidae",NA,"Pagellus",NA,NA,NA,NA,NA,NA,NA,NA,NA,NA
"forward_row_1",307344079,"FN688115.1",0,178,195,"50593",2,"reverse_row_1",0,489,477,2,311,50593,"Pagellus erythrinus",NA,"Metazoa","Chordata","Craniata","Actinopterygii","Actinopteri","Neopterygii","Spariformes","Sparidae",NA,"Pagellus",NA,NA,NA,NA,NA,NA,NA,NA,NA,NA
"forward_row_1",307344080,"FN688116.1",0,178,195,"50593",2,"reverse_row_1",0,489,477,2,311,50593,"Pagellus erythrinus",NA,"Metazoa","Chordata","Craniata","Actinopterygii","Actinopteri","Neopterygii","Spariformes","Sparidae",NA,"Pagellus",NA,NA,NA,NA,NA,NA,NA,NA,NA,NA
"forward_row_1",307344081,"FN688117.1",0,178,195,"50593",2,"reverse_row_1",0,489,477,2,311,50593,"Pagellus erythrinus",NA,"Metazoa","Chordata","Craniata","Actinopterygii","Actinopteri","Neopterygii","Spariformes","Sparidae",NA,"Pagellus",NA,NA,NA,NA,NA,NA,NA,NA,NA,NA
"forward_row_1",307344113,"FN688149.1",0,178,195,"52904",2,"reverse_row_1",0,489,477,2,311,52904,"Scophthalmus maximus",NA,"Metazoa","Chordata","Craniata","Actinopterygii","Actinopteri","Neopterygii","Pleuronectiformes","Scophthalmidae",NA,"Scophthalmus",NA,NA,NA,NA,NA,NA,NA,NA,NA,NA
"forward_row_1",307344118,"FN688154.1",0,178,195,"27697",2,"reverse_row_1",0,489,477,2,311,27697,"Sardina pilchardus",NA,"Metazoa","Chordata","Craniata","Actinopterygii","Actinopteri","Neopterygii","Clupeiformes","Clupeidae","Clupeinae","Sardina",NA,"Clupei",NA,NA,NA,NA,NA,NA,NA,NA
"forward_row_1",307344120,"FN688156.1",0,178,195,"27697",2,"reverse_row_1",0,489,477,2,311,27697,"Sardina pilchardus",NA,"Metazoa","Chordata","Craniata","Actinopterygii","Actinopteri","Neopterygii","Clupeiformes","Clupeidae","Clupeinae","Sardina",NA,"Clupei",NA,NA,NA,NA,NA,NA,NA,NA
"forward_row_2",307344121,"FN688157.1",0,178,195,"27697",2,"reverse_row_1",0,489,477,2,311,27697,"Sardina pilchardus",NA,"Metazoa","Chordata","Craniata","Actinopterygii","Actinopteri","Neopterygii","Clupeiformes","Clupeidae","Clupeinae","Sardina",NA,"Clupei",NA,NA,NA,NA,NA,NA,NA,NA
"forward_row_1",307344122,"FN688158.1",0,178,195,"27697",2,"reverse_row_1",0,489,477,2,311,27697,"Sardina pilchardus",NA,"Metazoa","Chordata","Craniata","Actinopterygii","Actinopteri","Neopterygii","Clupeiformes","Clupeidae","Clupeinae","Sardina",NA,"Clupei",NA,NA,NA,NA,NA,NA,NA,NA
"forward_row_1",307344123,"FN688159.1",0,178,195,"27697",2,"reverse_row_1",0,489,477,2,311,27697,"Sardina pilchardus",NA,"Metazoa","Chordata","Craniata","Actinopterygii","Actinopteri","Neopterygii","Clupeiformes","Clupeidae","Clupeinae","Sardina",NA,"Clupei",NA,NA,NA,NA,NA,NA,NA,NA
"forward_row_1",307344125,"FN688161.1",0,178,195,"27697",2,"reverse_row_1",0,489,477,2,311,27697,"Sardina pilchardus",NA,"Metazoa","Chordata","Craniata","Actinopterygii","Actinopteri","Neopterygii","Clupeiformes","Clupeidae","Clupeinae","Sardina",NA,"Clupei",NA,NA,NA,NA,NA,NA,NA,NA
"forward_row_1",307344127,"FN688163.1",0,178,195,"27697",2,"reverse_row_1",0,489,477,2,311,27697,"Sardina pilchardus",NA,"Metazoa","Chordata","Craniata","Actinopterygii","Actinopteri","Neopterygii","Clupeiformes","Clupeidae","Clupeinae","Sardina",NA,"Clupei",NA,NA,NA,NA,NA,NA,NA,NA
"forward_row_1",307344128,"FN688164.1",0,178,195,"27697",2,"reverse_row_1",0,489,477,2,311,27697,"Sardina pilchardus",NA,"Metazoa","Chordata","Craniata","Actinopterygii","Actinopteri","Neopterygii","Clupeiformes","Clupeidae","Clupeinae","Sardina",NA,"Clupei",NA,NA,NA,NA,NA,NA,NA,NA
"forward_row_1",307344129,"FN688165.1",0,178,195,"13676",2,"reverse_row_1",0,489,477,2,311,13676,"Scomber japonicus",NA,"Metazoa","Chordata","Craniata","Actinopterygii","Actinopteri","Neopterygii","Scombriformes","Scombridae","Scombrinae","Scomber",NA,NA,NA,NA,"Scombrini",NA,NA,NA,NA,NA
"forward_row_1",307344133,"FN688169.1",0,178,195,"13676",2,"reverse_row_1",0,489,477,2,311,13676,"Scomber japonicus",NA,"Metazoa","Chordata","Craniata","Actinopterygii","Actinopteri","Neopterygii","Scombriformes","Scombridae","Scombrinae","Scomber",NA,NA,NA,NA,"Scombrini",NA,NA,NA,NA,NA
"forward_row_1",307344135,"FN688171.1",0,178,195,"13676",2,"reverse_row_1",0,489,477,2,311,13676,"Scomber japonicus",NA,"Metazoa","Chordata","Craniata","Actinopterygii","Actinopteri","Neopterygii","Scombriformes","Scombridae","Scombrinae","Scomber",NA,NA,NA,NA,"Scombrini",NA,NA,NA,NA,NA
"forward_row_1",307344138,"FN688174.1",0,178,195,"13677",2,"reverse_row_1",0,489,477,2,311,13677,"Scomber scombrus",NA,"Metazoa","Chordata","Craniata","Actinopterygii","Actinopteri","Neopterygii","Scombriformes","Scombridae","Scombrinae","Scomber",NA,NA,NA,NA,"Scombrini",NA,NA,NA,NA,NA
"forward_row_1",307344139,"FN688175.1",0,178,195,"13677",2,"reverse_row_1",0,489,477,2,311,13677,"Scomber scombrus",NA,"Metazoa","Chordata","Craniata","Actinopterygii","Actinopteri","Neopterygii","Scombriformes","Scombridae","Scombrinae","Scomber",NA,NA,NA,NA,"Scombrini",NA,NA,NA,NA,NA
"forward_row_1",307344140,"FN688176.1",0,178,195,"13677",2,"reverse_row_1",0,489,477,2,311,13677,"Scomber scombrus",NA,"Metazoa","Chordata","Craniata","Actinopterygii","Actinopteri","Neopterygii","Scombriformes","Scombridae","Scombrinae","Scomber",NA,NA,NA,NA,"Scombrini",NA,NA,NA,NA,NA
"forward_row_1",307344151,"FN688187.1",0,178,195,"210003",2,"reverse_row_1",0,489,477,2,311,210003,"Scorpaena notata",NA,"Metazoa","Chordata","Craniata","Actinopterygii","Actinopteri","Neopterygii","Perciformes","Scorpaenidae","Scorpaeninae","Scorpaena",NA,NA,NA,NA,NA,NA,NA,NA,NA,NA
"forward_row_1",307344153,"FN688189.1",0,178,195,"210003",2,"reverse_row_1",0,489,477,2,311,210003,"Scorpaena notata",NA,"Metazoa","Chordata","Craniata","Actinopterygii","Actinopteri","Neopterygii","Perciformes","Scorpaenidae","Scorpaeninae","Scorpaena",NA,NA,NA,NA,NA,NA,NA,NA,NA,NA
"forward_row_1",307344155,"FN688191.1",0,178,195,"210003",2,"reverse_row_1",0,489,477,2,311,210003,"Scorpaena notata",NA,"Metazoa","Chordata","Craniata","Actinopterygii","Actinopteri","Neopterygii","Perciformes","Scorpaenidae","Scorpaeninae","Scorpaena",NA,NA,NA,NA,NA,NA,NA,NA,NA,NA
"forward_row_1",307344157,"FN688193.1",0,178,195,"210003",2,"reverse_row_1",0,489,477,2,311,210003,"Scorpaena notata",NA,"Metazoa","Chordata","Craniata","Actinopterygii","Actinopteri","Neopterygii","Perciformes","Scorpaenidae","Scorpaeninae","Scorpaena",NA,NA,NA,NA,NA,NA,NA,NA,NA,NA
"forward_row_1",307344158,"FN688194.1",0,178,195,"210003",2,"reverse_row_1",0,489,477,2,311,210003,"Scorpaena notata",NA,"Metazoa","Chordata","Craniata","Actinopterygii","Actinopteri","Neopterygii","Perciformes","Scorpaenidae","Scorpaeninae","Scorpaena",NA,NA,NA,NA,NA,NA,NA,NA,NA,NA
"forward_row_1",307344159,"FN688195.1",0,178,195,"210003",2,"reverse_row_1",0,489,477,2,311,210003,"Scorpaena notata",NA,"Metazoa","Chordata","Craniata","Actinopterygii","Actinopteri","Neopterygii","Perciformes","Scorpaenidae","Scorpaeninae","Scorpaena",NA,NA,NA,NA,NA,NA,NA,NA,NA,NA
"forward_row_1",307344162,"FN688198.1",0,178,195,"338887",2,"reverse_row_1",0,489,477,2,311,338887,"Scorpaena porcus",NA,"Metazoa","Chordata","Craniata","Actinopterygii","Actinopteri","Neopterygii","Perciformes","Scorpaenidae","Scorpaeninae","Scorpaena",NA,NA,NA,NA,NA,NA,NA,NA,NA,NA
"forward_row_1",307344163,"FN688199.1",0,178,195,"338887",2,"reverse_row_1",0,489,477,2,311,338887,"Scorpaena porcus",NA,"Metazoa","Chordata","Craniata","Actinopterygii","Actinopteri","Neopterygii","Perciformes","Scorpaenidae","Scorpaeninae","Scorpaena",NA,NA,NA,NA,NA,NA,NA,NA,NA,NA
"forward_row_1",307344164,"FN688200.1",0,178,195,"338887",2,"reverse_row_1",0,489,477,2,311,338887,"Scorpaena porcus",NA,"Metazoa","Chordata","Craniata","Actinopterygii","Actinopteri","Neopterygii","Perciformes","Scorpaenidae","Scorpaeninae","Scorpaena",NA,NA,NA,NA,NA,NA,NA,NA,NA,NA
"forward_row_1",307344165,"FN688201.1",0,178,195,"338887",2,"reverse_row_1",0,489,477,2,311,338887,"Scorpaena porcus",NA,"Metazoa","Chordata","Craniata","Actinopterygii","Actinopteri","Neopterygii","Perciformes","Scorpaenidae","Scorpaeninae","Scorpaena",NA,NA,NA,NA,NA,NA,NA,NA,NA,NA
"forward_row_1",307344166,"FN688202.1",0,178,195,"338887",2,"reverse_row_1",0,489,477,2,311,338887,"Scorpaena porcus",NA,"Metazoa","Chordata","Craniata","Actinopterygii","Actinopteri","Neopterygii","Perciformes","Scorpaenidae","Scorpaeninae","Scorpaena",NA,NA,NA,NA,NA,NA,NA,NA,NA,NA
"forward_row_1",307344170,"FN688206.1",0,178,195,"94953",2,"reverse_row_1",0,489,477,2,311,94953,"Serranus cabrilla",NA,"Metazoa","Chordata","Craniata","Actinopterygii","Actinopteri","Neopterygii","Perciformes","Serranidae","Serraninae","Serranus",NA,NA,NA,NA,NA,NA,NA,NA,NA,NA
"forward_row_1",307344172,"FN688208.1",0,178,195,"94953",2,"reverse_row_1",0,489,477,2,311,94953,"Serranus cabrilla",NA,"Metazoa","Chordata","Craniata","Actinopterygii","Actinopteri","Neopterygii","Perciformes","Serranidae","Serraninae","Serranus",NA,NA,NA,NA,NA,NA,NA,NA,NA,NA
"forward_row_1",307344175,"FN688211.1",0,178,195,"94953",2,"reverse_row_1",0,489,477,2,311,94953,"Serranus cabrilla",NA,"Metazoa","Chordata","Craniata","Actinopterygii","Actinopteri","Neopterygii","Perciformes","Serranidae","Serraninae","Serranus",NA,NA,NA,NA,NA,NA,NA,NA,NA,NA
"forward_row_1",307344178,"FN688214.1",0,178,195,"357812",2,"reverse_row_1",0,489,477,2,311,357812,"Serranus hepatus",NA,"Metazoa","Chordata","Craniata","Actinopterygii","Actinopteri","Neopterygii","Perciformes","Serranidae","Serraninae","Serranus",NA,NA,NA,NA,NA,NA,NA,NA,NA,NA
"forward_row_1",307344182,"FN688218.1",0,178,195,"357812",2,"reverse_row_1",0,489,477,2,311,357812,"Serranus hepatus",NA,"Metazoa","Chordata","Craniata","Actinopterygii","Actinopteri","Neopterygii","Perciformes","Serranidae","Serraninae","Serranus",NA,NA,NA,NA,NA,NA,NA,NA,NA,NA
"forward_row_1",307344186,"FN688222.1",0,178,195,"349661",2,"reverse_row_1",0,489,477,2,311,349661,"Serranus scriba",NA,"Metazoa","Chordata","Craniata","Actinopterygii","Actinopteri","Neopterygii","Perciformes","Serranidae","Serraninae","Serranus",NA,NA,NA,NA,NA,NA,NA,NA,NA,NA
"forward_row_1",307344187,"FN688223.1",0,178,195,"349661",2,"reverse_row_1",0,489,477,2,311,349661,"Serranus scriba",NA,"Metazoa","Chordata","Craniata","Actinopterygii","Actinopteri","Neopterygii","Perciformes","Serranidae","Serraninae","Serranus",NA,NA,NA,NA,NA,NA,NA,NA,NA,NA
"forward_row_1",307344189,"FN688225.1",0,178,195,"349661",2,"reverse_row_1",0,489,477,2,311,349661,"Serranus scriba",NA,"Metazoa","Chordata","Craniata","Actinopterygii","Actinopteri","Neopterygii","Perciformes","Serranidae","Serraninae","Serranus",NA,NA,NA,NA,NA,NA,NA,NA,NA,NA
"forward_row_1",307344190,"FN688226.1",0,178,195,"349661",2,"reverse_row_1",0,489,477,2,311,349661,"Serranus scriba",NA,"Metazoa","Chordata","Craniata","Actinopterygii","Actinopteri","Neopterygii","Perciformes","Serranidae","Serraninae","Serranus",NA,NA,NA,NA,NA,NA,NA,NA,NA,NA
"forward_row_1",307344207,"FN688243.1",0,178,195,"8175",2,"reverse_row_1",0,489,477,2,311,8175,"Sparus aurata",NA,"Metazoa","Chordata","Craniata","Actinopterygii","Actinopteri","Neopterygii","Spariformes","Sparidae",NA,"Sparus",NA,NA,NA,NA,NA,NA,NA,NA,NA,NA
"forward_row_1",307344209,"FN688245.1",0,178,195,"8175",2,"reverse_row_1",0,489,477,2,311,8175,"Sparus aurata",NA,"Metazoa","Chordata","Craniata","Actinopterygii","Actinopteri","Neopterygii","Spariformes","Sparidae",NA,"Sparus",NA,NA,NA,NA,NA,NA,NA,NA,NA,NA
"forward_row_1",307344212,"FN688248.1",0,178,195,"8175",2,"reverse_row_1",0,489,477,2,311,8175,"Sparus aurata",NA,"Metazoa","Chordata","Craniata","Actinopterygii","Actinopteri","Neopterygii","Spariformes","Sparidae",NA,"Sparus",NA,NA,NA,NA,NA,NA,NA,NA,NA,NA
"forward_row_1",307344213,"FN688249.1",0,178,195,"8175",2,"reverse_row_1",0,489,477,2,311,8175,"Sparus aurata",NA,"Metazoa","Chordata","Craniata","Actinopterygii","Actinopteri","Neopterygii","Spariformes","Sparidae",NA,"Sparus",NA,NA,NA,NA,NA,NA,NA,NA,NA,NA
"forward_row_1",307344231,"FN688267.1",0,178,195,"430084",2,"reverse_row_1",0,489,477,2,311,430084,"Trigla lyra",NA,"Metazoa","Chordata","Craniata","Actinopterygii","Actinopteri","Neopterygii","Perciformes","Triglidae",NA,"Trigla",NA,NA,NA,NA,NA,NA,NA,NA,NA,NA
"forward_row_1",307344237,"FN688273.1",0,178,195,"64108",2,"reverse_row_1",0,489,477,2,311,64108,"Zeus faber",NA,"Metazoa","Chordata","Craniata","Actinopterygii","Actinopteri","Neopterygii","Zeiformes","Zeidae",NA,"Zeus",NA,NA,NA,NA,NA,NA,NA,NA,NA,NA
"forward_row_1",307344238,"FN688274.1",0,178,195,"64108",2,"reverse_row_1",0,489,477,2,311,64108,"Zeus faber",NA,"Metazoa","Chordata","Craniata","Actinopterygii","Actinopteri","Neopterygii","Zeiformes","Zeidae",NA,"Zeus",NA,NA,NA,NA,NA,NA,NA,NA,NA,NA
"forward_row_1",307344239,"FN688275.1",0,178,195,"64108",2,"reverse_row_1",0,489,477,2,311,64108,"Zeus faber",NA,"Metazoa","Chordata","Craniata","Actinopterygii","Actinopteri","Neopterygii","Zeiformes","Zeidae",NA,"Zeus",NA,NA,NA,NA,NA,NA,NA,NA,NA,NA
"forward_row_1",307344242,"FN688278.1",0,178,195,"64108",2,"reverse_row_1",0,489,477,2,311,64108,"Zeus faber",NA,"Metazoa","Chordata","Craniata","Actinopterygii","Actinopteri","Neopterygii","Zeiformes","Zeidae",NA,"Zeus",NA,NA,NA,NA,NA,NA,NA,NA,NA,NA
"forward_row_1",307344243,"FN688279.1",0,178,195,"64108",2,"reverse_row_1",0,489,477,2,311,64108,"Zeus faber",NA,"Metazoa","Chordata","Craniata","Actinopterygii","Actinopteri","Neopterygii","Zeiformes","Zeidae",NA,"Zeus",NA,NA,NA,NA,NA,NA,NA,NA,NA,NA
"forward_row_1",307344244,"FN688280.1",0,178,195,"64108",2,"reverse_row_1",0,489,477,2,311,64108,"Zeus faber",NA,"Metazoa","Chordata","Craniata","Actinopterygii","Actinopteri","Neopterygii","Zeiformes","Zeidae",NA,"Zeus",NA,NA,NA,NA,NA,NA,NA,NA,NA,NA
"forward_row_1",375298944,"JQ256912.1",0,2132,2146,"60712",2,"reverse_row_1",0,2364,2349,2,232,60712,"Chlorocebus tantalus",NA,"Metazoa","Chordata","Craniata","Sarcopterygii","Mammalia",NA,"Primates","Cercopithecidae","Cercopithecinae","Chlorocebus","Simiiformes",NA,"Euarchontoglires","Cercopithecoidea",NA,NA,NA,NA,"Catarrhini",NA
"forward_row_2",375299068,"JQ256922.1",0,2128,2145,"36224",2,"reverse_row_1",0,2359,2344,2,231,36224,"Cercopithecus diana",NA,"Metazoa","Chordata","Craniata","Sarcopterygii","Mammalia",NA,"Primates","Cercopithecidae","Cercopithecinae","Cercopithecus","Simiiformes",NA,"Euarchontoglires","Cercopithecoidea",NA,NA,NA,NA,"Catarrhini",NA
"forward_row_2",375299440,"JQ256950.1",0,2116,2133,"192860",2,"reverse_row_1",0,2348,2333,2,232,192860,"Cercopithecus cephus",NA,"Metazoa","Chordata","Craniata","Sarcopterygii","Mammalia",NA,"Primates","Cercopithecidae","Cercopithecinae","Cercopithecus","Simiiformes",NA,"Euarchontoglires","Cercopithecoidea",NA,"Cercopithecus cephus cephus",NA,NA,"Catarrhini",NA
"forward_row_2",375299460,"JQ256952.1",0,2131,2148,"1137494",2,"reverse_row_1",0,2363,2348,2,232,1137494,"Cercopithecus nictitans",NA,"Metazoa","Chordata","Craniata","Sarcopterygii","Mammalia",NA,"Primates","Cercopithecidae","Cercopithecinae","Cercopithecus","Simiiformes",NA,"Euarchontoglires","Cercopithecoidea",NA,"Cercopithecus nictitans martini",NA,NA,"Catarrhini",NA
"forward_row_1",375299485,"JQ256954.1",0,2122,2139,"1137494",2,"reverse_row_1",0,2354,2339,2,232,1137494,"Cercopithecus nictitans",NA,"Metazoa","Chordata","Craniata","Sarcopterygii","Mammalia",NA,"Primates","Cercopithecidae","Cercopithecinae","Cercopithecus","Simiiformes",NA,"Euarchontoglires","Cercopithecoidea",NA,"Cercopithecus nictitans martini",NA,NA,"Catarrhini",NA
"forward_row_1",379317552,"JQ664510.1",0,2714,2731,"9606",2,"reverse_row_1",0,2948,2931,2,234,9606,"Homo sapiens",NA,"Metazoa","Chordata","Craniata","Sarcopterygii","Mammalia",NA,"Primates","Hominidae","Homininae","Homo","Simiiformes",NA,"Euarchontoglires","Hominoidea",NA,NA,NA,NA,"Catarrhini",NA
"forward_row_1",402244507,"JX312726.1",0,2029,2046,"1983743",2,"reverse_row_1",0,2268,2254,2,239,1983743,"Haringtonhippus francisci",NA,"Metazoa","Chordata","Craniata","Sarcopterygii","Mammalia",NA,"Perissodactyla","Equidae",NA,"Haringtonhippus",NA,NA,"Laurasiatheria",NA,NA,NA,NA,NA,NA,NA
"forward_row_1",416949330,"JX893367.1",0,2691,2708,"9606",2,"reverse_row_1",0,2923,2908,2,232,9606,"Homo sapiens",NA,"Metazoa","Chordata","Craniata","Sarcopterygii","Mammalia",NA,"Primates","Hominidae","Homininae","Homo","Simiiformes",NA,"Euarchontoglires","Hominoidea",NA,NA,NA,NA,"Catarrhini",NA
"forward_row_1",545753612,"KF161310.1",0,2715,2732,"9606",2,"reverse_row_1",0,2949,2932,2,234,9606,"Homo sapiens",NA,"Metazoa","Chordata","Craniata","Sarcopterygii","Mammalia",NA,"Primates","Hominidae","Homininae","Homo","Simiiformes",NA,"Euarchontoglires","Hominoidea",NA,NA,NA,NA,"Catarrhini",NA
"forward_row_1",545755823,"KF161468.1",0,2715,2732,"9606",2,"reverse_row_1",0,2949,2932,2,234,9606,"Homo sapiens",NA,"Metazoa","Chordata","Craniata","Sarcopterygii","Mammalia",NA,"Primates","Hominidae","Homininae","Homo","Simiiformes",NA,"Euarchontoglires","Hominoidea",NA,NA,NA,NA,"Catarrhini",NA
"forward_row_1",545766575,"KF162236.1",1,2717,2732,"9606",2,"reverse_row_1",0,2949,2932,2,232,9606,"Homo sapiens",NA,"Metazoa","Chordata","Craniata","Sarcopterygii","Mammalia",NA,"Primates","Hominidae","Homininae","Homo","Simiiformes",NA,"Euarchontoglires","Hominoidea",NA,NA,NA,NA,"Catarrhini",NA
"forward_row_1",545767555,"KF162306.1",0,2715,2732,"9606",2,"reverse_row_1",0,2949,2932,2,234,9606,"Homo sapiens",NA,"Metazoa","Chordata","Craniata","Sarcopterygii","Mammalia",NA,"Primates","Hominidae","Homininae","Homo","Simiiformes",NA,"Euarchontoglires","Hominoidea",NA,NA,NA,NA,"Catarrhini",NA
"forward_row_1",545768535,"KF162376.1",0,2715,2732,"9606",2,"reverse_row_1",0,2949,2934,2,234,9606,"Homo sapiens",NA,"Metazoa","Chordata","Craniata","Sarcopterygii","Mammalia",NA,"Primates","Hominidae","Homininae","Homo","Simiiformes",NA,"Euarchontoglires","Hominoidea",NA,NA,NA,NA,"Catarrhini",NA
"forward_row_1",545769207,"KF162424.1",0,2715,2732,"9606",2,"reverse_row_1",0,2949,2932,2,234,9606,"Homo sapiens",NA,"Metazoa","Chordata","Craniata","Sarcopterygii","Mammalia",NA,"Primates","Hominidae","Homininae","Homo","Simiiformes",NA,"Euarchontoglires","Hominoidea",NA,NA,NA,NA,"Catarrhini",NA
"forward_row_1",545769809,"KF162467.1",0,2716,2733,"9606",2,"reverse_row_1",0,2950,2933,2,234,9606,"Homo sapiens",NA,"Metazoa","Chordata","Craniata","Sarcopterygii","Mammalia",NA,"Primates","Hominidae","Homininae","Homo","Simiiformes",NA,"Euarchontoglires","Hominoidea",NA,NA,NA,NA,"Catarrhini",NA
"forward_row_1",558479024,"KF661093.1",0,2125,2137,"9615",2,"reverse_row_1",0,2360,2343,2,235,9615,"Canis lupus",NA,"Metazoa","Chordata","Craniata","Sarcopterygii","Mammalia",NA,"Carnivora","Canidae",NA,"Canis",NA,NA,"Laurasiatheria",NA,NA,"Canis lupus familiaris",NA,NA,NA,NA
"forward_row_1",668350122,"KJ729094.1",1,2241,2258,"13095",2,"reverse_row_1",0,2500,2483,2,259,13095,"Hypophthalmichthys molitrix",NA,"Metazoa","Chordata","Craniata","Actinopterygii","Actinopteri","Neopterygii","Cypriniformes","Xenocyprididae","Xenocypridinae","Hypophthalmichthys",NA,"Ostariophysi","Cypriniphysae",NA,NA,NA,NA,NA,NA,NA
"forward_row_1",669034280,"KJ746946.1",1,2241,2258,"13095",2,"reverse_row_1",0,2500,2483,2,259,13095,"Hypophthalmichthys molitrix",NA,"Metazoa","Chordata","Craniata","Actinopterygii","Actinopteri","Neopterygii","Cypriniformes","Xenocyprididae","Xenocypridinae","Hypophthalmichthys",NA,"Ostariophysi","Cypriniphysae",NA,NA,NA,NA,NA,NA,NA
"forward_row_1",848117445,"KR180297.1",0,2169,2186,"9733",2,"reverse_row_1",0,2401,2384,2,232,9733,"Orcinus orca",NA,"Metazoa","Chordata","Craniata","Sarcopterygii","Mammalia",NA,"Artiodactyla","Delphinidae",NA,"Orcinus","Cetacea",NA,"Laurasiatheria",NA,NA,NA,NA,NA,"Odontoceti",NA
"forward_row_1",848117515,"KR180302.1",1,2149,2166,"9733",2,"reverse_row_1",0,2381,2364,2,232,9733,"Orcinus orca",NA,"Metazoa","Chordata","Craniata","Sarcopterygii","Mammalia",NA,"Artiodactyla","Delphinidae",NA,"Orcinus","Cetacea",NA,"Laurasiatheria",NA,NA,NA,NA,NA,"Odontoceti",NA
"forward_row_1",848117893,"KR180329.1",0,2170,2187,"9733",2,"reverse_row_1",0,2402,2385,2,232,9733,"Orcinus orca",NA,"Metazoa","Chordata","Craniata","Sarcopterygii","Mammalia",NA,"Artiodactyla","Delphinidae",NA,"Orcinus","Cetacea",NA,"Laurasiatheria",NA,NA,NA,NA,NA,"Odontoceti",NA
"forward_row_1",955665750,"KR911794.1",0,2168,2185,"226567",2,"reverse_row_1",0,2405,2388,2,237,226567,"Prosciurillus murinus",NA,"Metazoa","Chordata","Craniata","Sarcopterygii","Mammalia",NA,"Rodentia","Sciuridae","Callosciurinae","Prosciurillus",NA,NA,"Euarchontoglires",NA,"Callosciurini",NA,NA,NA,NA,NA
"forward_row_1",968197430,"KT985981.1",0,2139,2156,"9796",2,"reverse_row_1",0,2377,2360,2,238,9796,"Equus caballus",NA,"Metazoa","Chordata","Craniata","Sarcopterygii","Mammalia",NA,"Perissodactyla","Equidae",NA,"Equus",NA,NA,"Laurasiatheria",NA,NA,NA,NA,NA,NA,NA
"forward_row_1",1039678330,"KU605062.1",0,2147,2164,"9838",2,"reverse_row_1",0,2379,2362,2,232,9838,"Camelus dromedarius",NA,"Metazoa","Chordata","Craniata","Sarcopterygii","Mammalia",NA,"Artiodactyla","Camelidae",NA,"Camelus",NA,NA,"Laurasiatheria",NA,NA,NA,NA,NA,NA,NA
"forward_row_1",1039678345,"KU605063.1",0,2147,2164,"9838",2,"reverse_row_1",0,2379,2362,2,232,9838,"Camelus dromedarius",NA,"Metazoa","Chordata","Craniata","Sarcopterygii","Mammalia",NA,"Artiodactyla","Camelidae",NA,"Camelus",NA,NA,"Laurasiatheria",NA,NA,NA,NA,NA,NA,NA
"forward_row_1",1033205362,"KX027543.1",0,2136,2153,"1027716",2,"reverse_row_1",0,2371,2354,2,235,1027716,"Mammuthus columbi",NA,"Metazoa","Chordata","Craniata","Sarcopterygii","Mammalia",NA,"Proboscidea","Elephantidae",NA,"Mammuthus",NA,NA,"Afrotheria",NA,NA,NA,NA,NA,NA,NA
"forward_row_1",1033205516,"KX027554.1",0,1950,1967,"1851651",2,"reverse_row_1",0,2185,2168,2,235,1851651,"Mammuthus sp.",NA,"Metazoa","Chordata","Craniata","Sarcopterygii","Mammalia",NA,"Proboscidea","Elephantidae",NA,"Mammuthus",NA,NA,"Afrotheria",NA,NA,NA,NA,NA,NA,NA
"forward_row_1",1098386252,"KX176766.1",0,2138,2155,"37349",2,"reverse_row_1",0,2373,2356,2,235,37349,"Mammuthus primigenius",NA,"Metazoa","Chordata","Craniata","Sarcopterygii","Mammalia",NA,"Proboscidea","Elephantidae",NA,"Mammuthus",NA,NA,"Afrotheria",NA,NA,NA,NA,NA,NA,NA
"forward_row_1",1098386308,"KX176770.1",0,2140,2157,"37349",2,"reverse_row_1",0,2375,2358,2,235,37349,"Mammuthus primigenius",NA,"Metazoa","Chordata","Craniata","Sarcopterygii","Mammalia",NA,"Proboscidea","Elephantidae",NA,"Mammuthus",NA,NA,"Afrotheria",NA,NA,NA,NA,NA,NA,NA
"forward_row_1",1098386462,"KX176781.1",0,2105,2122,"37349",2,"reverse_row_1",0,2340,2323,2,235,37349,"Mammuthus primigenius",NA,"Metazoa","Chordata","Craniata","Sarcopterygii","Mammalia",NA,"Proboscidea","Elephantidae",NA,"Mammuthus",NA,NA,"Afrotheria",NA,NA,NA,NA,NA,NA,NA
"forward_row_1",1098386491,"KX176783.1",0,2140,2157,"37349",2,"reverse_row_1",0,2375,2358,2,235,37349,"Mammuthus primigenius",NA,"Metazoa","Chordata","Craniata","Sarcopterygii","Mammalia",NA,"Proboscidea","Elephantidae",NA,"Mammuthus",NA,NA,"Afrotheria",NA,NA,NA,NA,NA,NA,NA
"forward_row_1",1177820561,"KX267575.1",0,13144,13128,"2691560",2,"reverse_row_1",1,12943,12958,2,201,2691560,"Junonia zonalis",NA,"Metazoa","Arthropoda","Hexapoda",NA,"Insecta","Pterygota","Lepidoptera","Nymphalidae","Nymphalinae","Junonia","Neolepidoptera",NA,"Amphiesmenoptera","Papilionoidea","Junoniini",NA,NA,NA,"Heteroneura",NA
"forward_row_1",1059447601,"KX592178.1",0,2501,2518,"9902",2,"reverse_row_1",0,2734,2717,2,233,9902,"Bison bonasus",NA,"Metazoa","Chordata","Craniata","Sarcopterygii","Mammalia",NA,"Artiodactyla","Bovidae","Bovinae","Bison","Pecora",NA,"Laurasiatheria",NA,NA,NA,NA,NA,NA,NA
"forward_row_1",1053099227,"KX641289.1",0,2606,2621,"39097",2,"reverse_row_1",0,2843,2826,2,237,39097,"Ursus spelaeus",NA,"Metazoa","Chordata","Craniata","Sarcopterygii","Mammalia",NA,"Carnivora","Ursidae",NA,"Ursus",NA,NA,"Laurasiatheria",NA,NA,NA,NA,NA,NA,NA
"forward_row_1",1053099461,"KX641306.1",0,2615,2632,"39097",2,"reverse_row_1",0,2852,2835,2,237,39097,"Ursus spelaeus",NA,"Metazoa","Chordata","Craniata","Sarcopterygii","Mammalia",NA,"Carnivora","Ursidae",NA,"Ursus",NA,NA,"Laurasiatheria",NA,NA,NA,NA,NA,NA,NA
"forward_row_1",1192790073,"KX932102.1",0,2145,2162,"122219",2,"reverse_row_1",0,2387,2370,2,242,122219,"Hapalemur griseus",NA,"Metazoa","Chordata","Craniata","Sarcopterygii","Mammalia",NA,"Primates","Lemuridae",NA,"Hapalemur","Lemuriformes",NA,"Euarchontoglires",NA,NA,"Hapalemur griseus griseus",NA,NA,NA,NA
"forward_row_1",1566349918,"KY410852.1",0,2155,2172,"64664",2,"reverse_row_1",0,2389,2372,2,234,64664,"Callosciurus caniceps",NA,"Metazoa","Chordata","Craniata","Sarcopterygii","Mammalia",NA,"Rodentia","Sciuridae","Callosciurinae","Callosciurus",NA,NA,"Euarchontoglires",NA,"Callosciurini",NA,NA,NA,NA,NA
"forward_row_1",1566349932,"KY410853.1",0,2154,2171,"64664",2,"reverse_row_1",0,2388,2371,2,234,64664,"Callosciurus caniceps",NA,"Metazoa","Chordata","Craniata","Sarcopterygii","Mammalia",NA,"Rodentia","Sciuridae","Callosciurinae","Callosciurus",NA,NA,"Euarchontoglires",NA,"Callosciurini",NA,NA,NA,NA,NA
"forward_row_1",1566349959,"KY410855.1",0,2156,2173,"64664",2,"reverse_row_1",0,2392,2375,2,236,64664,"Callosciurus caniceps",NA,"Metazoa","Chordata","Craniata","Sarcopterygii","Mammalia",NA,"Rodentia","Sciuridae","Callosciurinae","Callosciurus",NA,NA,"Euarchontoglires",NA,"Callosciurini",NA,NA,NA,NA,NA
"forward_row_1",1566349973,"KY410856.1",0,2157,2174,"64664",2,"reverse_row_1",0,2393,2376,2,236,64664,"Callosciurus caniceps",NA,"Metazoa","Chordata","Craniata","Sarcopterygii","Mammalia",NA,"Rodentia","Sciuridae","Callosciurinae","Callosciurus",NA,NA,"Euarchontoglires",NA,"Callosciurini",NA,NA,NA,NA,NA
"forward_row_1",1566349987,"KY410857.1",0,2155,2172,"64664",2,"reverse_row_1",0,2391,2374,2,236,64664,"Callosciurus caniceps",NA,"Metazoa","Chordata","Craniata","Sarcopterygii","Mammalia",NA,"Rodentia","Sciuridae","Callosciurinae","Callosciurus",NA,NA,"Euarchontoglires",NA,"Callosciurini",NA,NA,NA,NA,NA
"forward_row_1",1566350001,"KY410858.1",0,2155,2172,"64664",2,"reverse_row_1",0,2391,2374,2,236,64664,"Callosciurus caniceps",NA,"Metazoa","Chordata","Craniata","Sarcopterygii","Mammalia",NA,"Rodentia","Sciuridae","Callosciurinae","Callosciurus",NA,NA,"Euarchontoglires",NA,"Callosciurini",NA,NA,NA,NA,NA
"forward_row_1",1559952475,"KY410897.1",0,2186,2203,"64677",2,"reverse_row_1",0,2426,2409,2,240,64677,"Callosciurus erythraeus",NA,"Metazoa","Chordata","Craniata","Sarcopterygii","Mammalia",NA,"Rodentia","Sciuridae","Callosciurinae","Callosciurus",NA,NA,"Euarchontoglires",NA,"Callosciurini",NA,NA,NA,NA,NA
"forward_row_1",1559952489,"KY410898.1",0,2160,2177,"127500",2,"reverse_row_1",0,2398,2381,2,238,127500,"Callosciurus finlaysonii",NA,"Metazoa","Chordata","Craniata","Sarcopterygii","Mammalia",NA,"Rodentia","Sciuridae","Callosciurinae","Callosciurus",NA,NA,"Euarchontoglires",NA,"Callosciurini",NA,NA,NA,NA,NA
"forward_row_1",1559952517,"KY410900.1",0,2159,2176,"64678",2,"reverse_row_1",0,2395,2378,2,236,64678,"Callosciurus notatus",NA,"Metazoa","Chordata","Craniata","Sarcopterygii","Mammalia",NA,"Rodentia","Sciuridae","Callosciurinae","Callosciurus",NA,NA,"Euarchontoglires",NA,"Callosciurini",NA,NA,NA,NA,NA
"forward_row_1",1559952531,"KY410901.1",0,2159,2176,"64678",2,"reverse_row_1",0,2391,2374,2,232,64678,"Callosciurus notatus",NA,"Metazoa","Chordata","Craniata","Sarcopterygii","Mammalia",NA,"Rodentia","Sciuridae","Callosciurinae","Callosciurus",NA,NA,"Euarchontoglires",NA,"Callosciurini",NA,NA,NA,NA,NA
"forward_row_1",1559952559,"KY410903.1",0,2159,2176,"64678",2,"reverse_row_1",0,2395,2378,2,236,64678,"Callosciurus notatus",NA,"Metazoa","Chordata","Craniata","Sarcopterygii","Mammalia",NA,"Rodentia","Sciuridae","Callosciurinae","Callosciurus",NA,NA,"Euarchontoglires",NA,"Callosciurini",NA,NA,NA,NA,NA
"forward_row_1",1559952614,"KY410907.1",0,2181,2198,"2505933",2,"reverse_row_1",0,2421,2404,2,240,2505933,"Callosciurus melanogaster",NA,"Metazoa","Chordata","Craniata","Sarcopterygii","Mammalia",NA,"Rodentia","Sciuridae","Callosciurinae","Callosciurus",NA,NA,"Euarchontoglires",NA,"Callosciurini",NA,NA,NA,NA,NA
"forward_row_1",1559952670,"KY410911.1",0,2159,2176,"2505934",2,"reverse_row_1",0,2391,2374,2,232,2505934,"Callosciurus pygerythrus",NA,"Metazoa","Chordata","Craniata","Sarcopterygii","Mammalia",NA,"Rodentia","Sciuridae","Callosciurinae","Callosciurus",NA,NA,"Euarchontoglires",NA,"Callosciurini",NA,NA,NA,NA,NA
"forward_row_2",1559952685,"KY410912.1",0,2154,2171,"2505934",2,"reverse_row_1",0,2389,2372,2,235,2505934,"Callosciurus pygerythrus",NA,"Metazoa","Chordata","Craniata","Sarcopterygii","Mammalia",NA,"Rodentia","Sciuridae","Callosciurinae","Callosciurus",NA,NA,"Euarchontoglires",NA,"Callosciurini",NA,NA,NA,NA,NA
"forward_row_2",1559952713,"KY410914.1",0,2157,2174,"644236",2,"reverse_row_1",0,2392,2375,2,235,644236,"Callosciurus inornatus",NA,"Metazoa","Chordata","Craniata","Sarcopterygii","Mammalia",NA,"Rodentia","Sciuridae","Callosciurinae","Callosciurus",NA,NA,"Euarchontoglires",NA,"Callosciurini",NA,NA,NA,NA,NA
"forward_row_2",1559952727,"KY410915.1",0,2156,2173,"644236",2,"reverse_row_1",0,2391,2374,2,235,644236,"Callosciurus inornatus",NA,"Metazoa","Chordata","Craniata","Sarcopterygii","Mammalia",NA,"Rodentia","Sciuridae","Callosciurinae","Callosciurus",NA,NA,"Euarchontoglires",NA,"Callosciurini",NA,NA,NA,NA,NA
"forward_row_1",1559952982,"KY410933.1",0,2170,2187,"1002722",2,"reverse_row_1",0,2406,2389,2,236,1002722,"Sundasciurus lowii",NA,"Metazoa","Chordata","Craniata","Sarcopterygii","Mammalia",NA,"Rodentia","Sciuridae","Callosciurinae","Sundasciurus",NA,NA,"Euarchontoglires",NA,"Callosciurini",NA,NA,NA,NA,NA
"forward_row_1",1559952996,"KY410934.1",0,2170,2187,"1002722",2,"reverse_row_1",0,2406,2389,2,236,1002722,"Sundasciurus lowii",NA,"Metazoa","Chordata","Craniata","Sarcopterygii","Mammalia",NA,"Rodentia","Sciuridae","Callosciurinae","Sundasciurus",NA,NA,"Euarchontoglires",NA,"Callosciurini",NA,NA,NA,NA,NA
"forward_row_1",1559953324,"KY410957.1",0,2172,2189,"1706218",2,"reverse_row_1",0,2408,2391,2,236,1706218,"Sundasciurus tahan",NA,"Metazoa","Chordata","Craniata","Sarcopterygii","Mammalia",NA,"Rodentia","Sciuridae","Callosciurinae","Sundasciurus",NA,NA,"Euarchontoglires",NA,"Callosciurini",NA,NA,NA,NA,NA
"forward_row_1",1559953381,"KY410961.1",0,2169,2186,"226575",2,"reverse_row_1",0,2405,2388,2,236,226575,"Sundasciurus brookei",NA,"Metazoa","Chordata","Craniata","Sarcopterygii","Mammalia",NA,"Rodentia","Sciuridae","Callosciurinae","Sundasciurus",NA,NA,"Euarchontoglires",NA,"Callosciurini",NA,NA,NA,NA,NA
"forward_row_2",1559953662,"KY410981.1",0,2189,2206,"461710",2,"reverse_row_1",0,2429,2412,2,240,461710,"Tamiops mcclellandii",NA,"Metazoa","Chordata","Craniata","Sarcopterygii","Mammalia",NA,"Rodentia","Sciuridae","Callosciurinae","Tamiops",NA,NA,"Euarchontoglires",NA,"Callosciurini",NA,NA,NA,NA,NA
"forward_row_1",1559953703,"KY410984.1",0,2195,2212,"1684337",2,"reverse_row_1",1,2434,2417,2,239,1684337,"Lariscus obscurus",NA,"Metazoa","Chordata","Craniata","Sarcopterygii","Mammalia",NA,"Rodentia","Sciuridae","Callosciurinae","Lariscus",NA,NA,"Euarchontoglires",NA,"Callosciurini",NA,NA,NA,NA,NA
"forward_row_1",1559953731,"KY410986.1",0,2196,2213,"1684337",2,"reverse_row_1",1,2434,2418,2,238,1684337,"Lariscus obscurus",NA,"Metazoa","Chordata","Craniata","Sarcopterygii","Mammalia",NA,"Rodentia","Sciuridae","Callosciurinae","Lariscus",NA,NA,"Euarchontoglires",NA,"Callosciurini",NA,NA,NA,NA,NA
"forward_row_1",1559953759,"KY410988.1",0,2196,2213,"1684337",2,"reverse_row_1",1,2435,2419,2,239,1684337,"Lariscus obscurus",NA,"Metazoa","Chordata","Craniata","Sarcopterygii","Mammalia",NA,"Rodentia","Sciuridae","Callosciurinae","Lariscus",NA,NA,"Euarchontoglires",NA,"Callosciurini",NA,NA,NA,NA,NA
"forward_row_1",1559953773,"KY410989.1",0,2185,2202,"226563",2,"reverse_row_1",0,2423,2407,2,238,226563,"Nannosciurus melanotis",NA,"Metazoa","Chordata","Craniata","Sarcopterygii","Mammalia",NA,"Rodentia","Sciuridae","Callosciurinae","Nannosciurus",NA,NA,"Euarchontoglires",NA,"Callosciurini",NA,NA,NA,NA,NA
"forward_row_1",1559953801,"KY410991.1",0,2150,2167,"226571",2,"reverse_row_1",0,2383,2366,2,233,226571,"Rhinosciurus laticaudatus",NA,"Metazoa","Chordata","Craniata","Sarcopterygii","Mammalia",NA,"Rodentia","Sciuridae","Callosciurinae","Rhinosciurus",NA,NA,"Euarchontoglires",NA,"Callosciurini",NA,NA,NA,NA,NA
"forward_row_1",1559953814,"KY410992.1",0,2147,2164,"226571",2,"reverse_row_1",0,2378,2361,2,231,226571,"Rhinosciurus laticaudatus",NA,"Metazoa","Chordata","Craniata","Sarcopterygii","Mammalia",NA,"Rodentia","Sciuridae","Callosciurinae","Rhinosciurus",NA,NA,"Euarchontoglires",NA,"Callosciurini",NA,NA,NA,NA,NA
"forward_row_1",1559953827,"KY410993.1",0,2181,2198,"226558",2,"reverse_row_1",1,2423,2406,2,242,226558,"Lariscus insignis",NA,"Metazoa","Chordata","Craniata","Sarcopterygii","Mammalia",NA,"Rodentia","Sciuridae","Callosciurinae","Lariscus",NA,NA,"Euarchontoglires",NA,"Callosciurini",NA,NA,NA,NA,NA
"forward_row_1",1244551816,"KY678348.1",0,2139,2153,"9275",2,"reverse_row_1",1,2373,2356,2,234,9275,"Thylacinus cynocephalus",NA,"Metazoa","Chordata","Craniata","Sarcopterygii","Mammalia",NA,"Dasyuromorphia","Thylacinidae",NA,"Thylacinus",NA,NA,NA,NA,NA,NA,NA,NA,NA,NA
"forward_row_1",1198272687,"KY814715.1",0,2094,2111,"34854",2,"reverse_row_1",0,2327,2310,2,233,34854,"Rattus exulans",NA,"Metazoa","Chordata","Craniata","Sarcopterygii","Mammalia",NA,"Rodentia","Muridae","Murinae","Rattus",NA,NA,"Euarchontoglires",NA,NA,NA,NA,NA,NA,NA
"forward_row_1",1227110593,"KY980789.1",0,900,915,"274618",2,"reverse_row_1",1,1099,1084,2,199,274618,"Schistocerca literosa",NA,"Metazoa","Arthropoda","Hexapoda",NA,"Insecta","Pterygota","Orthoptera","Acrididae","Cyrtacanthacridinae","Schistocerca","Acrididea",NA,NA,"Acridoidea",NA,NA,NA,NA,NA,NA
"forward_row_1",1227110596,"KY980792.1",0,422,437,"99009",2,"reverse_row_1",1,621,606,2,199,99009,"Schistocerca obscura",NA,"Metazoa","Arthropoda","Hexapoda",NA,"Insecta","Pterygota","Orthoptera","Acrididae","Cyrtacanthacridinae","Schistocerca","Acrididea",NA,NA,"Acridoidea",NA,NA,NA,NA,NA,NA
"forward_row_1",1795718830,"LR742769.1",0,2104,2121,"9615",2,"reverse_row_1",0,2344,2327,2,240,9615,"Canis lupus",NA,"Metazoa","Chordata","Craniata","Sarcopterygii","Mammalia",NA,"Carnivora","Canidae",NA,"Canis",NA,NA,"Laurasiatheria",NA,NA,"Canis lupus familiaris",NA,NA,NA,NA
"forward_row_1",1795718839,"LR742778.1",0,2102,2119,"9615",2,"reverse_row_1",0,2342,2325,2,240,9615,"Canis lupus",NA,"Metazoa","Chordata","Craniata","Sarcopterygii","Mammalia",NA,"Carnivora","Canidae",NA,"Canis",NA,NA,"Laurasiatheria",NA,NA,"Canis lupus familiaris",NA,NA,NA,NA
"forward_row_1",1795718844,"LR742783.1",0,2124,2141,"9615",2,"reverse_row_1",0,2364,2347,2,240,9615,"Canis lupus",NA,"Metazoa","Chordata","Craniata","Sarcopterygii","Mammalia",NA,"Carnivora","Canidae",NA,"Canis",NA,NA,"Laurasiatheria",NA,NA,"Canis lupus familiaris",NA,NA,NA,NA
"forward_row_1",1795718845,"LR742784.1",2,2043,2060,"9615",2,"reverse_row_1",0,2283,2268,2,240,9615,"Canis lupus",NA,"Metazoa","Chordata","Craniata","Sarcopterygii","Mammalia",NA,"Carnivora","Canidae",NA,"Canis",NA,NA,"Laurasiatheria",NA,NA,"Canis lupus familiaris",NA,NA,NA,NA
"forward_row_1",1795735156,"LR742858.1",0,2142,2159,"9615",2,"reverse_row_1",0,2382,2365,2,240,9615,"Canis lupus",NA,"Metazoa","Chordata","Craniata","Sarcopterygii","Mammalia",NA,"Carnivora","Canidae",NA,"Canis",NA,NA,"Laurasiatheria",NA,NA,"Canis lupus familiaris",NA,NA,NA,NA
"forward_row_1",1795715360,"LR745068.1",0,2142,2159,"9615",2,"reverse_row_1",0,2382,2365,2,240,9615,"Canis lupus",NA,"Metazoa","Chordata","Craniata","Sarcopterygii","Mammalia",NA,"Carnivora","Canidae",NA,"Canis",NA,NA,"Laurasiatheria",NA,NA,"Canis lupus familiaris",NA,NA,NA,NA
"forward_row_1",1795715372,"LR745080.1",2,2142,2159,"9615",2,"reverse_row_1",0,2382,2367,2,240,9615,"Canis lupus",NA,"Metazoa","Chordata","Craniata","Sarcopterygii","Mammalia",NA,"Carnivora","Canidae",NA,"Canis",NA,NA,"Laurasiatheria",NA,NA,"Canis lupus familiaris",NA,NA,NA,NA
"forward_row_1",1795715374,"LR745082.1",0,2142,2159,"9615",2,"reverse_row_1",0,2382,2365,2,240,9615,"Canis lupus",NA,"Metazoa","Chordata","Craniata","Sarcopterygii","Mammalia",NA,"Carnivora","Canidae",NA,"Canis",NA,NA,"Laurasiatheria",NA,NA,"Canis lupus familiaris",NA,NA,NA,NA
"forward_row_1",1795715376,"LR745084.1",0,2142,2159,"9615",2,"reverse_row_1",0,2382,2365,2,240,9615,"Canis lupus",NA,"Metazoa","Chordata","Craniata","Sarcopterygii","Mammalia",NA,"Carnivora","Canidae",NA,"Canis",NA,NA,"Laurasiatheria",NA,NA,"Canis lupus familiaris",NA,NA,NA,NA
"forward_row_1",1795715401,"LR745109.1",0,2142,2159,"9615",2,"reverse_row_1",0,2382,2365,2,240,9615,"Canis lupus",NA,"Metazoa","Chordata","Craniata","Sarcopterygii","Mammalia",NA,"Carnivora","Canidae",NA,"Canis",NA,NA,"Laurasiatheria",NA,NA,"Canis lupus familiaris",NA,NA,NA,NA
"forward_row_1",2031777355,"LR884207.1",0,2148,2165,"9925",2,"reverse_row_1",0,2382,2365,2,234,9925,"Capra hircus",NA,"Metazoa","Chordata","Craniata","Sarcopterygii","Mammalia",NA,"Artiodactyla","Bovidae","Caprinae","Capra","Pecora",NA,"Laurasiatheria",NA,NA,NA,NA,NA,NA,NA
"forward_row_2",1987733234,"LR968549.1",0,2120,2137,"1873747",2,"reverse_row_1",0,2363,2346,2,243,1873747,"Chelonoidis alburyorum",NA,"Metazoa","Chordata","Craniata","Sarcopterygii",NA,"Testudinata","Testudines","Testudinidae",NA,"Chelonoidis",NA,NA,NA,"Testudinoidea",NA,NA,NA,NA,NA,NA
"forward_row_1",1468550250,"LS992578.1",0,2148,2165,"9925",2,"reverse_row_1",0,2382,2365,2,234,9925,"Capra hircus",NA,"Metazoa","Chordata","Craniata","Sarcopterygii","Mammalia",NA,"Artiodactyla","Bovidae","Caprinae","Capra","Pecora",NA,"Laurasiatheria",NA,NA,NA,NA,NA,NA,NA
"forward_row_1",1468550303,"LS992620.1",0,2148,2165,"9925",2,"reverse_row_1",0,2382,2365,2,234,9925,"Capra hircus",NA,"Metazoa","Chordata","Craniata","Sarcopterygii","Mammalia",NA,"Artiodactyla","Bovidae","Caprinae","Capra","Pecora",NA,"Laurasiatheria",NA,NA,NA,NA,NA,NA,NA
"forward_row_1",1468550311,"LS992628.1",0,2148,2165,"9925",2,"reverse_row_1",0,2382,2365,2,234,9925,"Capra hircus",NA,"Metazoa","Chordata","Craniata","Sarcopterygii","Mammalia",NA,"Artiodactyla","Bovidae","Caprinae","Capra","Pecora",NA,"Laurasiatheria",NA,NA,NA,NA,NA,NA,NA
"forward_row_1",1468550318,"LS992635.1",0,2148,2165,"9925",2,"reverse_row_1",0,2382,2365,2,234,9925,"Capra hircus",NA,"Metazoa","Chordata","Craniata","Sarcopterygii","Mammalia",NA,"Artiodactyla","Bovidae","Caprinae","Capra","Pecora",NA,"Laurasiatheria",NA,NA,NA,NA,NA,NA,NA
"forward_row_1",1468550324,"LS992641.1",0,2148,2165,"9925",2,"reverse_row_1",0,2382,2365,2,234,9925,"Capra hircus",NA,"Metazoa","Chordata","Craniata","Sarcopterygii","Mammalia",NA,"Artiodactyla","Bovidae","Caprinae","Capra","Pecora",NA,"Laurasiatheria",NA,NA,NA,NA,NA,NA,NA
"forward_row_1",1468550343,"LS992660.1",0,2148,2165,"9925",2,"reverse_row_1",0,2382,2365,2,234,9925,"Capra hircus",NA,"Metazoa","Chordata","Craniata","Sarcopterygii","Mammalia",NA,"Artiodactyla","Bovidae","Caprinae","Capra","Pecora",NA,"Laurasiatheria",NA,NA,NA,NA,NA,NA,NA
"forward_row_1",1800684081,"LS997684.1",0,2718,2732,"9606",2,"reverse_row_1",0,2949,2932,2,231,9606,"Homo sapiens",NA,"Metazoa","Chordata","Craniata","Sarcopterygii","Mammalia",NA,"Primates","Hominidae","Homininae","Homo","Simiiformes",NA,"Euarchontoglires","Hominoidea",NA,NA,NA,NA,"Catarrhini",NA
"forward_row_1",1800684111,"LS997724.1",0,2715,2732,"9606",2,"reverse_row_1",0,2949,2933,2,234,9606,"Homo sapiens",NA,"Metazoa","Chordata","Craniata","Sarcopterygii","Mammalia",NA,"Primates","Hominidae","Homininae","Homo","Simiiformes",NA,"Euarchontoglires","Hominoidea",NA,NA,NA,NA,"Catarrhini",NA
"forward_row_1",1800684260,"LS997908.1",0,2715,2732,"9606",2,"reverse_row_1",0,2949,2932,2,234,9606,"Homo sapiens",NA,"Metazoa","Chordata","Craniata","Sarcopterygii","Mammalia",NA,"Primates","Hominidae","Homininae","Homo","Simiiformes",NA,"Euarchontoglires","Hominoidea",NA,NA,NA,NA,"Catarrhini",NA
"forward_row_1",1228317753,"MF056650.1",0,2299,2316,"9606",2,"reverse_row_1",2,2533,2516,2,234,9606,"Homo sapiens",NA,"Metazoa","Chordata","Craniata","Sarcopterygii","Mammalia",NA,"Primates","Hominidae","Homininae","Homo","Simiiformes",NA,"Euarchontoglires","Hominoidea",NA,NA,NA,NA,"Catarrhini",NA
"forward_row_1",1280120411,"MF134663.1",0,2165,2181,"1983743",2,"reverse_row_1",0,2404,2387,2,239,1983743,"Haringtonhippus francisci",NA,"Metazoa","Chordata","Craniata","Sarcopterygii","Mammalia",NA,"Perissodactyla","Equidae",NA,"Haringtonhippus",NA,NA,"Laurasiatheria",NA,NA,NA,NA,NA,NA,NA
"forward_row_1",1253212675,"MF588795.1",0,2693,2710,"9606",2,"reverse_row_1",0,2927,2910,2,234,9606,"Homo sapiens",NA,"Metazoa","Chordata","Craniata","Sarcopterygii","Mammalia",NA,"Primates","Hominidae","Homininae","Homo","Simiiformes",NA,"Euarchontoglires","Hominoidea",NA,NA,NA,NA,"Catarrhini",NA
"forward_row_1",1253213123,"MF588827.1",0,2688,2705,"9606",2,"reverse_row_1",0,2922,2905,2,234,9606,"Homo sapiens",NA,"Metazoa","Chordata","Craniata","Sarcopterygii","Mammalia",NA,"Primates","Hominidae","Homininae","Homo","Simiiformes",NA,"Euarchontoglires","Hominoidea",NA,NA,NA,NA,"Catarrhini",NA
"forward_row_1",1273270387,"MF593978.1",0,2995,3012,"9644",2,"reverse_row_1",0,3232,3215,2,237,9644,"Ursus arctos",NA,"Metazoa","Chordata","Craniata","Sarcopterygii","Mammalia",NA,"Carnivora","Ursidae",NA,"Ursus",NA,NA,"Laurasiatheria",NA,NA,NA,NA,NA,NA,NA
"forward_row_2",1735593318,"MF776870.1",0,2147,2164,"94623",2,"reverse_row_1",0,2390,2374,2,243,94623,"Pinguinus impennis",NA,"Metazoa","Chordata","Craniata","Sarcopterygii","Aves",NA,"Charadriiformes","Laridae",NA,"Pinguinus",NA,NA,NA,NA,NA,NA,NA,NA,NA,NA
"forward_row_2",1382859269,"MG912799.1",0,13977,13960,"1137937",2,"reverse_row_1",0,13738,13752,2,239,1137937,"Chelonoidis duncanensis",NA,"Metazoa","Chordata","Craniata","Sarcopterygii",NA,"Testudinata","Testudines","Testudinidae",NA,"Chelonoidis",NA,NA,NA,"Testudinoidea",NA,NA,NA,NA,NA,NA
"forward_row_1",1540587024,"MH056213.1",0,2104,2121,"320637",2,"reverse_row_1",0,2335,2318,2,231,320637,"Rhynchocyon petersi",NA,"Metazoa","Chordata","Craniata","Sarcopterygii","Mammalia",NA,"Macroscelidea","Macroscelididae",NA,"Rhynchocyon",NA,NA,"Afrotheria",NA,NA,NA,NA,NA,NA,NA
"forward_row_1",1616238734,"MK059642.1",0,2709,2724,"9606",2,"reverse_row_1",0,2941,2924,2,232,9606,"Homo sapiens",NA,"Metazoa","Chordata","Craniata","Sarcopterygii","Mammalia",NA,"Primates","Hominidae","Homininae","Homo","Simiiformes",NA,"Euarchontoglires","Hominoidea",NA,NA,NA,NA,"Catarrhini",NA
"forward_row_1",1573757615,"MK177462.1",0,2117,2134,"141262",2,"reverse_row_1",0,2356,2339,2,239,141262,"Andrias davidianus",NA,"Metazoa","Chordata","Craniata","Sarcopterygii","Amphibia",NA,"Caudata","Cryptobranchidae",NA,"Andrias",NA,NA,"Batrachia","Cryptobranchoidea",NA,NA,NA,NA,NA,NA
"forward_row_1",1573757643,"MK177464.1",0,2094,2111,"141262",2,"reverse_row_1",0,2333,2316,2,239,141262,"Andrias davidianus",NA,"Metazoa","Chordata","Craniata","Sarcopterygii","Amphibia",NA,"Caudata","Cryptobranchidae",NA,"Andrias",NA,NA,"Batrachia","Cryptobranchoidea",NA,NA,NA,NA,NA,NA
"forward_row_1",1573757713,"MK177469.1",0,2105,2122,"141262",2,"reverse_row_1",0,2345,2328,2,240,141262,"Andrias davidianus",NA,"Metazoa","Chordata","Craniata","Sarcopterygii","Amphibia",NA,"Caudata","Cryptobranchidae",NA,"Andrias",NA,NA,"Batrachia","Cryptobranchoidea",NA,NA,NA,NA,NA,NA
"forward_row_1",1573757769,"MK177473.1",0,2110,2127,"141262",2,"reverse_row_1",0,2350,2333,2,240,141262,"Andrias davidianus",NA,"Metazoa","Chordata","Craniata","Sarcopterygii","Amphibia",NA,"Caudata","Cryptobranchidae",NA,"Andrias",NA,NA,"Batrachia","Cryptobranchoidea",NA,NA,NA,NA,NA,NA
"forward_row_1",1573757797,"MK177475.1",0,2113,2130,"141262",2,"reverse_row_1",0,2353,2336,2,240,141262,"Andrias davidianus",NA,"Metazoa","Chordata","Craniata","Sarcopterygii","Amphibia",NA,"Caudata","Cryptobranchidae",NA,"Andrias",NA,NA,"Batrachia","Cryptobranchoidea",NA,NA,NA,NA,NA,NA
"forward_row_1",2178349587,"MK742883.1",0,13112,13096,"34677",2,"reverse_row_1",1,12914,12929,2,198,34677,"Drosophila tsacasi",NA,"Metazoa","Arthropoda","Hexapoda",NA,"Insecta","Pterygota","Diptera","Drosophilidae","Drosophilinae","Drosophila","Muscomorpha",NA,NA,"Ephydroidea","Drosophilini",NA,"Sophophora","melanogaster group",NA,NA
"forward_row_1",1828713914,"MK909144.1",0,2034,2051,"102233",2,"reverse_row_1",2,2272,2255,2,238,102233,"Rhinoceros sondaicus",NA,"Metazoa","Chordata","Craniata","Sarcopterygii","Mammalia",NA,"Perissodactyla","Rhinocerotidae",NA,"Rhinoceros",NA,NA,"Laurasiatheria",NA,NA,NA,NA,NA,NA,NA
"forward_row_1",1828713957,"MK909147.1",0,2130,2147,"102233",2,"reverse_row_1",1,2368,2351,2,238,102233,"Rhinoceros sondaicus",NA,"Metazoa","Chordata","Craniata","Sarcopterygii","Mammalia",NA,"Perissodactyla","Rhinocerotidae",NA,"Rhinoceros",NA,NA,"Laurasiatheria",NA,NA,NA,NA,NA,NA,NA
"forward_row_1",1789850003,"MK937006.1",0,2078,2095,"9612",2,"reverse_row_1",0,2318,2301,2,240,9612,"Canis lupus",NA,"Metazoa","Chordata","Craniata","Sarcopterygii","Mammalia",NA,"Carnivora","Canidae",NA,"Canis",NA,NA,"Laurasiatheria",NA,NA,NA,NA,NA,NA,NA
"forward_row_1",1789850151,"MK937017.1",0,2143,2160,"9612",2,"reverse_row_1",0,2383,2366,2,240,9612,"Canis lupus",NA,"Metazoa","Chordata","Craniata","Sarcopterygii","Mammalia",NA,"Carnivora","Canidae",NA,"Canis",NA,NA,"Laurasiatheria",NA,NA,NA,NA,NA,NA,NA
"forward_row_1",1789850485,"MK937041.1",0,2110,2127,"9612",2,"reverse_row_1",0,2350,2333,2,240,9612,"Canis lupus",NA,"Metazoa","Chordata","Craniata","Sarcopterygii","Mammalia",NA,"Carnivora","Canidae",NA,"Canis",NA,NA,"Laurasiatheria",NA,NA,NA,NA,NA,NA,NA
"forward_row_1",1789850513,"MK937043.1",0,1974,1989,"9612",2,"reverse_row_1",0,2212,2195,2,238,9612,"Canis lupus",NA,"Metazoa","Chordata","Craniata","Sarcopterygii","Mammalia",NA,"Carnivora","Canidae",NA,"Canis",NA,NA,"Laurasiatheria",NA,NA,NA,NA,NA,NA,NA
"forward_row_1",1825512551,"MN006862.1",0,2667,2684,"9606",2,"reverse_row_1",0,2901,2884,2,234,9606,"Homo sapiens",NA,"Metazoa","Chordata","Craniata","Sarcopterygii","Mammalia",NA,"Primates","Hominidae","Homininae","Homo","Simiiformes",NA,"Euarchontoglires","Hominoidea",NA,NA,NA,NA,"Catarrhini",NA
"forward_row_2",1777433921,"MN196503.1",0,3490,3507,"100858",2,"reverse_row_1",0,3734,3718,2,244,100858,"Threskiornis aethiopicus",NA,"Metazoa","Chordata","Craniata","Sarcopterygii","Aves",NA,"Pelecaniformes","Threskiornithidae",NA,"Threskiornis",NA,NA,NA,NA,NA,NA,NA,NA,NA,NA
"forward_row_2",1777433935,"MN196504.1",0,3490,3507,"100858",2,"reverse_row_1",0,3734,3718,2,244,100858,"Threskiornis aethiopicus",NA,"Metazoa","Chordata","Craniata","Sarcopterygii","Aves",NA,"Pelecaniformes","Threskiornithidae",NA,"Threskiornis",NA,NA,NA,NA,NA,NA,NA,NA,NA,NA
"forward_row_2",1777434005,"MN196509.1",0,3485,3502,"100858",2,"reverse_row_1",0,3729,3713,2,244,100858,"Threskiornis aethiopicus",NA,"Metazoa","Chordata","Craniata","Sarcopterygii","Aves",NA,"Pelecaniformes","Threskiornithidae",NA,"Threskiornis",NA,NA,NA,NA,NA,NA,NA,NA,NA,NA
"forward_row_1",2194740699,"MN366395.1",0,2099,2114,"9940",3,"reverse_row_1",1,2332,2316,3,233,9940,"Ovis aries",NA,"Metazoa","Chordata","Craniata","Sarcopterygii","Mammalia",NA,"Artiodactyla","Bovidae","Caprinae","Ovis","Pecora",NA,"Laurasiatheria",NA,NA,NA,NA,NA,NA,NA
"forward_row_1",1868369484,"MN616943.1",0,2121,2138,"39053",3,"reverse_row_1",0,2356,2339,3,235,39053,"Mammut americanum",NA,"Metazoa","Chordata","Craniata","Sarcopterygii","Mammalia",NA,"Proboscidea","Elephantidae",NA,"Mammut",NA,NA,"Afrotheria",NA,NA,NA,NA,NA,NA,NA
"forward_row_1",1868369553,"MN616948.1",0,2138,2155,"39053",2,"reverse_row_1",0,2373,2356,2,235,39053,"Mammut americanum",NA,"Metazoa","Chordata","Craniata","Sarcopterygii","Mammalia",NA,"Proboscidea","Elephantidae",NA,"Mammut",NA,NA,"Afrotheria",NA,NA,NA,NA,NA,NA,NA
"forward_row_1",1827515107,"MN699622.1",0,2118,2135,"9615",2,"reverse_row_1",0,2358,2341,2,240,9615,"Canis lupus",NA,"Metazoa","Chordata","Craniata","Sarcopterygii","Mammalia",NA,"Carnivora","Canidae",NA,"Canis",NA,NA,"Laurasiatheria",NA,NA,"Canis lupus familiaris",NA,NA,NA,NA
"forward_row_1",1827515149,"MN699625.1",0,2128,2145,"9615",2,"reverse_row_1",0,2368,2351,2,240,9615,"Canis lupus",NA,"Metazoa","Chordata","Craniata","Sarcopterygii","Mammalia",NA,"Carnivora","Canidae",NA,"Canis",NA,NA,"Laurasiatheria",NA,NA,"Canis lupus familiaris",NA,NA,NA,NA
"forward_row_1",1827515247,"MN699632.1",0,2134,2151,"9615",2,"reverse_row_1",0,2374,2357,2,240,9615,"Canis lupus",NA,"Metazoa","Chordata","Craniata","Sarcopterygii","Mammalia",NA,"Carnivora","Canidae",NA,"Canis",NA,NA,"Laurasiatheria",NA,NA,"Canis lupus familiaris",NA,NA,NA,NA
"forward_row_1",1922070689,"MN807592.1",0,2134,2151,"121576",2,"reverse_row_1",0,2369,2352,2,235,121576,"Pelomys fallax",NA,"Metazoa","Chordata","Craniata","Sarcopterygii","Mammalia",NA,"Rodentia","Muridae","Murinae","Pelomys",NA,NA,"Euarchontoglires",NA,NA,NA,NA,NA,NA,NA
"forward_row_1",1996610731,"MT636094.1",0,2094,2111,"99490",2,"reverse_row_1",0,2329,2312,2,235,99490,"Loxodonta cyclotis",NA,"Metazoa","Chordata","Craniata","Sarcopterygii","Mammalia",NA,"Proboscidea","Elephantidae",NA,"Loxodonta",NA,NA,"Afrotheria",NA,NA,NA,NA,NA,NA,NA
"forward_row_1",1998567165,"MT928289.1",0,2694,2711,"9606",2,"reverse_row_1",0,2928,2911,2,234,9606,"Homo sapiens",NA,"Metazoa","Chordata","Craniata","Sarcopterygii","Mammalia",NA,"Primates","Hominidae","Homininae","Homo","Simiiformes",NA,"Euarchontoglires","Hominoidea",NA,NA,NA,NA,"Catarrhini",NA
"forward_row_1",2231657129,"MW002713.1",0,2309,2326,"242587",2,"reverse_row_1",0,2570,2553,2,261,242587,"Dryophytes andersonii",NA,"Metazoa","Chordata","Craniata","Sarcopterygii","Amphibia",NA,"Anura","Hylidae","Hylinae","Dryophytes",NA,NA,"Batrachia","Hyloidea","Hylini",NA,NA,NA,NA,NA
"forward_row_1",2231657227,"MW002720.1",0,2337,2354,"242587",2,"reverse_row_1",0,2598,2581,2,261,242587,"Dryophytes andersonii",NA,"Metazoa","Chordata","Craniata","Sarcopterygii","Amphibia",NA,"Anura","Hylidae","Hylinae","Dryophytes",NA,NA,"Batrachia","Hyloidea","Hylini",NA,NA,NA,NA,NA
"forward_row_1",1933153710,"MW027641.1",0,2159,2176,"425181",2,"reverse_row_1",0,2396,2379,2,237,425181,"Sciurus anomalus",NA,"Metazoa","Chordata","Craniata","Sarcopterygii","Mammalia",NA,"Rodentia","Sciuridae","Sciurinae","Sciurus",NA,NA,"Euarchontoglires",NA,"Sciurini",NA,NA,NA,NA,NA
"forward_row_1",1967014791,"MW228405.1",0,2146,2163,"37186",2,"reverse_row_1",0,2379,2362,2,233,37186,"Hippotragus equinus",NA,"Metazoa","Chordata","Craniata","Sarcopterygii","Mammalia",NA,"Artiodactyla","Bovidae","Hippotraginae","Hippotragus","Pecora",NA,"Laurasiatheria",NA,NA,NA,NA,NA,NA,NA
"forward_row_1",2032036079,"MW689251.1",0,2497,2514,"9909",2,"reverse_row_1",0,2730,2713,2,233,9909,"Bos primigenius",NA,"Metazoa","Chordata","Craniata","Sarcopterygii","Mammalia",NA,"Artiodactyla","Bovidae","Bovinae","Bos","Pecora",NA,"Laurasiatheria",NA,NA,NA,NA,NA,NA,NA
"forward_row_1",2057493336,"MW846111.1",0,2104,2121,"46122",2,"reverse_row_1",0,2342,2325,2,238,46122,"Equus sp.",NA,"Metazoa","Chordata","Craniata","Sarcopterygii","Mammalia",NA,"Perissodactyla","Equidae",NA,"Equus",NA,NA,"Laurasiatheria",NA,NA,NA,NA,NA,NA,NA
"forward_row_1",2275335014,"MZ430516.1",0,2147,2164,"2966214",2,"reverse_row_1",0,2379,2362,2,232,2966214,"Camelus knoblochi",NA,"Metazoa","Chordata","Craniata","Sarcopterygii","Mammalia",NA,"Artiodactyla","Camelidae",NA,"Camelus",NA,NA,"Laurasiatheria",NA,NA,NA,NA,NA,NA,NA
"forward_row_2",2125182741,"OK642424.1",0,57,70,"143436",2,"reverse_row_1",0,298,281,2,241,143436,"Gephyromantis luteus",NA,"Metazoa","Chordata","Craniata","Sarcopterygii","Amphibia",NA,"Anura","Mantellidae","Mantellinae","Gephyromantis",NA,NA,"Batrachia","Ranoidea",NA,NA,"Duboimantis",NA,NA,NA
"forward_row_1",2229434093,"OM574930.1",2,2144,2161,"10117",2,"reverse_row_1",0,2376,2359,2,232,10117,"Rattus rattus",NA,"Metazoa","Chordata","Craniata","Sarcopterygii","Mammalia",NA,"Rodentia","Muridae","Murinae","Rattus",NA,NA,"Euarchontoglires",NA,NA,NA,NA,NA,NA,NA
"forward_row_1",2515404408,"OM743354.1",0,2128,2145,"9612",2,"reverse_row_1",0,2368,2351,2,240,9612,"Canis lupus",NA,"Metazoa","Chordata","Craniata","Sarcopterygii","Mammalia",NA,"Carnivora","Canidae",NA,"Canis",NA,NA,"Laurasiatheria",NA,NA,NA,NA,NA,NA,NA
"forward_row_1",2515404590,"OM743367.1",0,2122,2139,"9612",2,"reverse_row_1",0,2362,2345,2,240,9612,"Canis lupus",NA,"Metazoa","Chordata","Craniata","Sarcopterygii","Mammalia",NA,"Carnivora","Canidae",NA,"Canis",NA,NA,"Laurasiatheria",NA,NA,NA,NA,NA,NA,NA
"forward_row_1",2515405290,"OM743417.1",0,2125,2142,"9612",2,"reverse_row_1",0,2365,2348,2,240,9612,"Canis lupus",NA,"Metazoa","Chordata","Craniata","Sarcopterygii","Mammalia",NA,"Carnivora","Canidae",NA,"Canis",NA,NA,"Laurasiatheria",NA,NA,NA,NA,NA,NA,NA
"forward_row_2",2202598306,"OM897120.1",0,62,75,"161778",2,"reverse_row_1",0,306,289,2,244,161778,"Gephyromantis malagasius",NA,"Metazoa","Chordata","Craniata","Sarcopterygii","Amphibia",NA,"Anura","Mantellidae","Mantellinae","Gephyromantis",NA,NA,"Batrachia","Ranoidea",NA,NA,"Laurentomantis",NA,NA,NA
"forward_row_1",2252681831,"ON102004.1",0,13142,13126,"1653868",2,"reverse_row_1",1,12942,12957,2,200,1653868,"Junonia nigrosuffusa",NA,"Metazoa","Arthropoda","Hexapoda",NA,"Insecta","Pterygota","Lepidoptera","Nymphalidae","Nymphalinae","Junonia","Neolepidoptera",NA,"Amphiesmenoptera","Papilionoidea","Junoniini",NA,NA,NA,"Heteroneura",NA
"forward_row_1",2497671250,"ON643085.1",0,2138,2155,"113276",2,"reverse_row_1",0,2369,2352,2,231,113276,"Elephantulus intufi",NA,"Metazoa","Chordata","Craniata","Sarcopterygii","Mammalia",NA,"Macroscelidea","Macroscelididae",NA,"Elephantulus",NA,NA,"Afrotheria",NA,NA,NA,NA,NA,NA,NA
"forward_row_2",2294271969,"OP359457.1",1,204,221,"2976554",2,"reverse_row_1",1,395,379,2,191,2976554,"Uropeltis petersi",NA,"Metazoa","Chordata","Craniata","Sarcopterygii","Lepidosauria",NA,"Squamata","Uropeltidae",NA,"Uropeltis","Serpentes",NA,NA,"Henophidia",NA,NA,NA,NA,NA,NA
"forward_row_2",2326234749,"OP787355.1",0,163,180,"2993588",2,"reverse_row_1",0,377,361,2,214,2993588,"Tropidurus madeiramamore",NA,"Metazoa","Chordata","Craniata","Sarcopterygii","Lepidosauria",NA,"Squamata","Iguanidae","Tropidurinae","Tropidurus",NA,NA,NA,NA,NA,NA,NA,NA,NA,NA
"forward_row_2",2326234808,"OP787356.1",0,157,174,"2993588",2,"reverse_row_1",0,371,355,2,214,2993588,"Tropidurus madeiramamore",NA,"Metazoa","Chordata","Craniata","Sarcopterygii","Lepidosauria",NA,"Squamata","Iguanidae","Tropidurinae","Tropidurus",NA,NA,NA,NA,NA,NA,NA,NA,NA,NA
"forward_row_2",2326234872,"OP787357.1",0,167,184,"2993588",2,"reverse_row_1",0,381,365,2,214,2993588,"Tropidurus madeiramamore",NA,"Metazoa","Chordata","Craniata","Sarcopterygii","Lepidosauria",NA,"Squamata","Iguanidae","Tropidurinae","Tropidurus",NA,NA,NA,NA,NA,NA,NA,NA,NA,NA
"forward_row_1",2587257300,"OP803072.1",0,2153,2169,"222863",2,"reverse_row_1",0,2391,2374,2,238,222863,"Coelodonta antiquitatis",NA,"Metazoa","Chordata","Craniata","Sarcopterygii","Mammalia",NA,"Perissodactyla","Rhinocerotidae",NA,"Coelodonta",NA,NA,"Laurasiatheria",NA,NA,NA,NA,NA,NA,NA
"forward_row_1",2587257342,"OP803075.1",0,2154,2171,"222863",2,"reverse_row_1",0,2392,2375,2,238,222863,"Coelodonta antiquitatis",NA,"Metazoa","Chordata","Craniata","Sarcopterygii","Mammalia",NA,"Perissodactyla","Rhinocerotidae",NA,"Coelodonta",NA,NA,"Laurasiatheria",NA,NA,NA,NA,NA,NA,NA
"forward_row_2",2512242214,"OQ160756.1",0,2188,2205,"3014083",2,"reverse_row_1",0,2426,2409,2,238,3014083,"Tamiops mcclellandii",NA,"Metazoa","Chordata","Craniata","Sarcopterygii","Mammalia",NA,"Rodentia","Sciuridae","Callosciurinae","Tamiops",NA,NA,"Euarchontoglires",NA,"Callosciurini","Tamiops mcclellandii leucotis",NA,NA,NA,NA
"forward_row_2",2512242564,"OQ160781.1",0,2189,2205,"3014087",2,"reverse_row_1",0,2426,2409,2,237,3014087,"Dremomys rufigenis",NA,"Metazoa","Chordata","Craniata","Sarcopterygii","Mammalia",NA,"Rodentia","Sciuridae","Callosciurinae","Dremomys",NA,NA,"Euarchontoglires",NA,"Callosciurini","Dremomys rufigenis laomache",NA,NA,NA,NA
"forward_row_1",2644582805,"OQ160847.1",0,2431,2448,"9913",2,"reverse_row_1",0,2664,2649,2,233,9913,"Bos taurus",NA,"Metazoa","Chordata","Craniata","Sarcopterygii","Mammalia",NA,"Artiodactyla","Bovidae","Bovinae","Bos","Pecora",NA,"Laurasiatheria",NA,NA,NA,NA,NA,NA,NA
"forward_row_1",2644582848,"OQ160850.1",0,2442,2459,"9909",2,"reverse_row_1",0,2675,2658,2,233,9909,"Bos primigenius",NA,"Metazoa","Chordata","Craniata","Sarcopterygii","Mammalia",NA,"Artiodactyla","Bovidae","Bovinae","Bos","Pecora",NA,"Laurasiatheria",NA,NA,NA,NA,NA,NA,NA
"forward_row_1",2644582876,"OQ160852.1",0,2442,2459,"9913",2,"reverse_row_1",0,2675,2658,2,233,9913,"Bos taurus",NA,"Metazoa","Chordata","Craniata","Sarcopterygii","Mammalia",NA,"Artiodactyla","Bovidae","Bovinae","Bos","Pecora",NA,"Laurasiatheria",NA,NA,NA,NA,NA,NA,NA
"forward_row_1",2484205455,"OQ318932.1",0,2713,2730,"9643",2,"reverse_row_1",0,2950,2933,2,237,9643,"Ursus americanus",NA,"Metazoa","Chordata","Craniata","Sarcopterygii","Mammalia",NA,"Carnivora","Ursidae",NA,"Ursus",NA,NA,"Laurasiatheria",NA,NA,NA,NA,NA,NA,NA
"forward_row_1",2484205483,"OQ318934.1",0,2715,2732,"9643",2,"reverse_row_1",0,2952,2935,2,237,9643,"Ursus americanus",NA,"Metazoa","Chordata","Craniata","Sarcopterygii","Mammalia",NA,"Carnivora","Ursidae",NA,"Ursus",NA,NA,"Laurasiatheria",NA,NA,NA,NA,NA,NA,NA
"forward_row_2",2667915634,"OQ363457.1",0,2172,2189,"196524",2,"reverse_row_1",0,2416,2402,2,244,196524,"Chrysococcyx minutillus",NA,"Metazoa","Chordata","Craniata","Sarcopterygii","Aves",NA,"Cuculiformes","Cuculidae",NA,"Chrysococcyx",NA,NA,NA,NA,NA,NA,NA,NA,NA,NA
"forward_row_2",2667915690,"OQ363461.1",0,2140,2157,"196524",2,"reverse_row_1",0,2384,2368,2,244,196524,"Chrysococcyx minutillus",NA,"Metazoa","Chordata","Craniata","Sarcopterygii","Aves",NA,"Cuculiformes","Cuculidae",NA,"Chrysococcyx",NA,NA,NA,NA,NA,NA,NA,NA,NA,NA
"forward_row_1",2667915746,"OQ404724.1",0,2130,2147,"113272",2,"reverse_row_1",0,2359,2342,2,229,113272,"Petrodromus tetradactylus",NA,"Metazoa","Chordata","Craniata","Sarcopterygii","Mammalia",NA,"Macroscelidea","Macroscelididae",NA,"Petrodromus",NA,NA,"Afrotheria",NA,NA,NA,NA,NA,NA,NA
"forward_row_1",2667915786,"OQ404727.1",0,2131,2148,"113272",2,"reverse_row_1",0,2360,2343,2,229,113272,"Petrodromus tetradactylus",NA,"Metazoa","Chordata","Craniata","Sarcopterygii","Mammalia",NA,"Macroscelidea","Macroscelididae",NA,"Petrodromus",NA,NA,"Afrotheria",NA,NA,NA,NA,NA,NA,NA
"forward_row_1",2667915854,"OQ404732.1",0,2132,2149,"113272",2,"reverse_row_1",0,2362,2345,2,230,113272,"Petrodromus tetradactylus",NA,"Metazoa","Chordata","Craniata","Sarcopterygii","Mammalia",NA,"Macroscelidea","Macroscelididae",NA,"Petrodromus",NA,NA,"Afrotheria",NA,NA,NA,NA,NA,NA,NA
"forward_row_1",2667915865,"OQ404733.1",0,2133,2150,"113272",2,"reverse_row_1",0,2363,2346,2,230,113272,"Petrodromus tetradactylus",NA,"Metazoa","Chordata","Craniata","Sarcopterygii","Mammalia",NA,"Macroscelidea","Macroscelididae",NA,"Petrodromus",NA,NA,"Afrotheria",NA,NA,NA,NA,NA,NA,NA
"forward_row_1",2483493871,"OQ707196.1",0,2714,2731,"9606",2,"reverse_row_1",0,2948,2931,2,234,9606,"Homo sapiens",NA,"Metazoa","Chordata","Craniata","Sarcopterygii","Mammalia",NA,"Primates","Hominidae","Homininae","Homo","Simiiformes",NA,"Euarchontoglires","Hominoidea",NA,NA,NA,NA,"Catarrhini",NA
"forward_row_1",2531279896,"OQ915127.1",0,2143,2160,"1862648",2,"reverse_row_1",0,2376,2359,2,233,1862648,"Capricornis sp.",NA,"Metazoa","Chordata","Craniata","Sarcopterygii","Mammalia",NA,"Artiodactyla","Bovidae","Caprinae","Capricornis","Pecora",NA,"Laurasiatheria",NA,NA,NA,NA,NA,NA,NA
"forward_row_1",2531279910,"OQ915128.1",0,2126,2143,"1862648",2,"reverse_row_1",0,2359,2342,2,233,1862648,"Capricornis sp.",NA,"Metazoa","Chordata","Craniata","Sarcopterygii","Mammalia",NA,"Artiodactyla","Bovidae","Caprinae","Capricornis","Pecora",NA,"Laurasiatheria",NA,NA,NA,NA,NA,NA,NA
"forward_row_1",2709200307,"OR019704.1",2,1439,1456,"3134086",2,"reverse_row_1",0,1674,1659,2,235,3134086,"Madrepora piresae",NA,"Metazoa","Cnidaria",NA,NA,"Anthozoa","Hexacorallia","Scleractinia","Oculinidae",NA,"Madrepora",NA,NA,NA,NA,NA,NA,NA,NA,NA,NA
"forward_row_1",2644582572,"OR138103.1",0,2145,2162,"483536",2,"reverse_row_1",0,2375,2358,2,230,483536,"Neohylomys hainanensis",NA,"Metazoa","Chordata","Craniata","Sarcopterygii","Mammalia",NA,"Eulipotyphla","Erinaceidae","Galericinae","Neohylomys",NA,NA,"Laurasiatheria",NA,NA,NA,NA,NA,NA,NA
"forward_row_1",2636039761,"OR880610.1",0,2073,2090,"9627",2,"reverse_row_1",0,2312,2295,2,239,9627,"Vulpes vulpes",NA,"Metazoa","Chordata","Craniata","Sarcopterygii","Mammalia",NA,"Carnivora","Canidae",NA,"Vulpes",NA,NA,"Laurasiatheria",NA,NA,NA,NA,NA,NA,NA
"forward_row_1",2234163788,"OW568852.1",0,2146,2163,"9923",2,"reverse_row_1",0,2380,2363,2,234,9923,"Capra aegagrus",NA,"Metazoa","Chordata","Craniata","Sarcopterygii","Mammalia",NA,"Artiodactyla","Bovidae","Caprinae","Capra","Pecora",NA,"Laurasiatheria",NA,NA,NA,NA,NA,NA,NA
"forward_row_1",2742828071,"PP187733.1",0,2142,2159,"9615",2,"reverse_row_1",0,2382,2365,2,240,9615,"Canis lupus",NA,"Metazoa","Chordata","Craniata","Sarcopterygii","Mammalia",NA,"Carnivora","Canidae",NA,"Canis",NA,NA,"Laurasiatheria",NA,NA,"Canis lupus familiaris",NA,NA,NA,NA
"forward_row_1",2742828141,"PP187738.1",0,1682,1699,"9615",2,"reverse_row_1",0,1922,1905,2,240,9615,"Canis lupus",NA,"Metazoa","Chordata","Craniata","Sarcopterygii","Mammalia",NA,"Carnivora","Canidae",NA,"Canis",NA,NA,"Laurasiatheria",NA,NA,"Canis lupus familiaris",NA,NA,NA,NA
"forward_row_1",2742828211,"PP187743.1",0,1691,1708,"9612",2,"reverse_row_1",0,1931,1914,2,240,9612,"Canis lupus",NA,"Metazoa","Chordata","Craniata","Sarcopterygii","Mammalia",NA,"Carnivora","Canidae",NA,"Canis",NA,NA,"Laurasiatheria",NA,NA,NA,NA,NA,NA,NA
"forward_row_1",2739354641,"PP454662.1",0,2120,2137,"9615",2,"reverse_row_1",0,2360,2343,2,240,9615,"Canis lupus",NA,"Metazoa","Chordata","Craniata","Sarcopterygii","Mammalia",NA,"Carnivora","Canidae",NA,"Canis",NA,NA,"Laurasiatheria",NA,NA,"Canis lupus familiaris",NA,NA,NA,NA
"forward_row_1",2739354669,"PP454664.1",0,2117,2134,"9615",2,"reverse_row_1",0,2357,2340,2,240,9615,"Canis lupus",NA,"Metazoa","Chordata","Craniata","Sarcopterygii","Mammalia",NA,"Carnivora","Canidae",NA,"Canis",NA,NA,"Laurasiatheria",NA,NA,"Canis lupus familiaris",NA,NA,NA,NA
"forward_row_1",2739355075,"PP454693.1",0,2122,2139,"9615",2,"reverse_row_1",0,2362,2345,2,240,9615,"Canis lupus",NA,"Metazoa","Chordata","Craniata","Sarcopterygii","Mammalia",NA,"Carnivora","Canidae",NA,"Canis",NA,NA,"Laurasiatheria",NA,NA,"Canis lupus familiaris",NA,NA,NA,NA
"forward_row_1",2739355105,"PP454695.1",0,2102,2119,"9615",2,"reverse_row_1",0,2342,2325,2,240,9615,"Canis lupus",NA,"Metazoa","Chordata","Craniata","Sarcopterygii","Mammalia",NA,"Carnivora","Canidae",NA,"Canis",NA,NA,"Laurasiatheria",NA,NA,"Canis lupus familiaris",NA,NA,NA,NA
"forward_row_1",2739355161,"PP454699.1",0,2122,2139,"9615",2,"reverse_row_1",0,2362,2345,2,240,9615,"Canis lupus",NA,"Metazoa","Chordata","Craniata","Sarcopterygii","Mammalia",NA,"Carnivora","Canidae",NA,"Canis",NA,NA,"Laurasiatheria",NA,NA,"Canis lupus familiaris",NA,NA,NA,NA
"forward_row_1",2812965858,"PP554799.1",0,2130,2147,"9925",2,"reverse_row_1",0,2364,2347,2,234,9925,"Capra hircus",NA,"Metazoa","Chordata","Craniata","Sarcopterygii","Mammalia",NA,"Artiodactyla","Bovidae","Caprinae","Capra","Pecora",NA,"Laurasiatheria",NA,NA,NA,NA,NA,NA,NA
"forward_row_1",2733868484,"PP812316.1",0,2097,2114,"9615",2,"reverse_row_1",0,2337,2320,2,240,9615,"Canis lupus",NA,"Metazoa","Chordata","Craniata","Sarcopterygii","Mammalia",NA,"Carnivora","Canidae",NA,"Canis",NA,NA,"Laurasiatheria",NA,NA,"Canis lupus familiaris",NA,NA,NA,NA
"forward_row_1",2733868511,"PP812318.1",0,2082,2099,"9615",2,"reverse_row_1",0,2322,2305,2,240,9615,"Canis lupus",NA,"Metazoa","Chordata","Craniata","Sarcopterygii","Mammalia",NA,"Carnivora","Canidae",NA,"Canis",NA,NA,"Laurasiatheria",NA,NA,"Canis lupus familiaris",NA,NA,NA,NA
