"qseqid.x","gi","accession","mismatch_forward","forward_start","forward_stop","staxids","distinct_entries.x","qseqid.y","mismatch_reverse","reverse_start","reverse_stop","distinct_entries.y","product_length"
"forward_row_1","41529255","AB126387.1","0",1141,1124,"201708",2,"reverse_row_1","0",953,970,2,188
"forward_row_1","41529257","AB126388.1","0",1141,1124,"214490",2,"reverse_row_1","1",953,970,2,188
"forward_row_1","41529259","AB126389.1","1",1141,1124,"173978",2,"reverse_row_1","0",953,970,2,188
"forward_row_1","41529261","AB126390.1","0",1141,1124,"201704",2,"reverse_row_1","0",953,970,2,188
"forward_row_1","256252177","AB454088.1","0",1141,1124,"290526",2,"reverse_row_1","0",953,970,2,188
"forward_row_1","256252179","AB454089.1","0",1141,1124,"290524",2,"reverse_row_1","1",955,970,2,186
"forward_row_1","256252181","AB454090.1","0",1141,1124,"290523",2,"reverse_row_1","0",953,970,2,188
"forward_row_1","306922078","AB490928.1","0",662,645,"214486",2,"reverse_row_1","0",474,491,2,188
"forward_row_1","325974401","AB612337.1","1",552,537,"8039",2,"reverse_row_1","2",366,383,2,186
"forward_row_1","325974403","AB612338.1","1",552,537,"8039",2,"reverse_row_1","2",366,383,2,186
"forward_row_1","325974405","AB612339.1","1",552,537,"8039",2,"reverse_row_1","2",366,383,2,186
"forward_row_1","399152426","AB677376.1","2",574,557,"332172",2,"reverse_row_1","1",388,402,2,186
"forward_row_1","399152428","AB677377.1","2",574,557,"332172",2,"reverse_row_1","1",388,402,2,186
"forward_row_1","399152526","AB677426.1","2",574,557,"332172",2,"reverse_row_1","1",388,403,2,186
"forward_row_1","399152528","AB677427.1","2",574,557,"332172",2,"reverse_row_1","1",388,403,2,186
"forward_row_1","399152534","AB677430.1","2",574,557,"332172",2,"reverse_row_1","1",388,403,2,186
"forward_row_1","399152536","AB677431.1","2",574,557,"332172",2,"reverse_row_1","1",388,403,2,186
"forward_row_1","399152538","AB677432.1","2",574,557,"332172",2,"reverse_row_1","1",388,403,2,186
"forward_row_1","14595760","AC092395.1","1",72719,72704,"7227",2,"reverse_row_1","1",72603,72618,2,116
"forward_row_1","1870286305","AC279734.1","0",1283,1295,"3225",2,"reverse_row_1","1",1410,1396,2,127
"forward_row_1","4886712","AF031498.1","0",1141,1124,"72102",2,"reverse_row_1","0",955,970,2,186
"forward_row_1","4886713","AF031499.1","0",1141,1124,"72093",2,"reverse_row_1","2",953,969,2,188
"forward_row_1","4886714","AF031500.1","0",1141,1124,"72084",2,"reverse_row_1","1",953,970,2,188
"forward_row_1","4886715","AF031501.1","0",1141,1124,"72098",2,"reverse_row_1","0",953,970,2,188
"forward_row_1","4886716","AF031502.1","0",1141,1124,"72091",2,"reverse_row_1","1",953,970,2,188
"forward_row_1","4886717","AF031503.1","0",1141,1124,"72061",2,"reverse_row_1","1",953,970,2,188
"forward_row_1","4886718","AF031504.1","0",1141,1124,"72064",2,"reverse_row_1","1",953,970,2,188
"forward_row_1","4886719","AF031505.1","0",1141,1124,"72066",2,"reverse_row_1","1",953,970,2,188
"forward_row_1","4886720","AF031506.1","0",1141,1124,"72074",2,"reverse_row_1","1",953,970,2,188
"forward_row_1","4886721","AF031507.1","0",1141,1124,"72072",2,"reverse_row_1","1",953,970,2,188
"forward_row_1","4886722","AF031508.1","0",1141,1124,"72079",2,"reverse_row_1","1",953,970,2,188
"forward_row_1","4886723","AF031509.1","0",1141,1124,"72082",2,"reverse_row_1","0",953,970,2,188
"forward_row_1","4886724","AF031510.1","0",1141,1124,"72090",2,"reverse_row_1","1",953,970,2,188
"forward_row_1","4886725","AF031511.1","0",1141,1124,"72097",2,"reverse_row_1","0",953,970,2,188
"forward_row_1","4886726","AF031512.1","0",1141,1124,"72096",2,"reverse_row_1","1",953,970,2,188
"forward_row_1","4886727","AF031513.1","0",1141,1124,"72103",2,"reverse_row_1","1",953,970,2,188
"forward_row_1","4886728","AF031514.1","0",1141,1124,"72075",2,"reverse_row_1","1",953,970,2,188
"forward_row_1","4886729","AF031515.1","0",1141,1124,"72104",2,"reverse_row_1","1",953,970,2,188
"forward_row_1","4886730","AF031516.1","0",1141,1124,"72105",2,"reverse_row_1","1",953,970,2,188
"forward_row_1","219937698","AM265625.1","0",1140,1124,"41446",2,"reverse_row_1","0",953,969,2,187
"forward_row_1","1790166132","AP006762.1","1",15533,15516,"154816",2,"reverse_row_1","2",15345,15362,2,188
"forward_row_1","1074199782","AP011436.1","2",15524,15507,"322126",2,"reverse_row_1","2",15336,15352,2,188
"forward_row_1","46391334","AY504825.1","1",1139,1124,"29144",2,"reverse_row_1","2",953,969,2,186
"forward_row_1","54303805","AY625708.1","2",1140,1124,"322126",2,"reverse_row_1","2",953,969,2,187
"forward_row_1","54303809","AY625710.1","1",1140,1124,"143406",2,"reverse_row_1","2",953,970,2,187
"forward_row_1","62131698","AY882863.1","2",1140,1124,"194368",2,"reverse_row_1","1",955,970,2,185
"forward_row_1","62131700","AY882864.1","2",1140,1124,"194368",2,"reverse_row_1","1",955,970,2,185
"forward_row_1","62131710","AY882869.1","2",1140,1124,"194368",2,"reverse_row_1","1",955,970,2,185
"forward_row_1","62131720","AY882874.1","2",1140,1124,"194368",2,"reverse_row_1","1",955,970,2,185
"forward_row_1","62131722","AY882875.1","2",1140,1124,"194368",2,"reverse_row_1","1",955,970,2,185
"forward_row_1","62131724","AY882876.1","2",1140,1124,"194368",2,"reverse_row_1","1",955,970,2,185
"forward_row_1","62131726","AY882877.1","2",1140,1124,"194368",2,"reverse_row_1","1",955,970,2,185
"forward_row_1","63253657","AY952328.1","2",1141,1124,"327683",2,"reverse_row_1","1",955,970,2,186
"forward_row_1","66274426","AY986976.1","0",1141,1124,"41446",2,"reverse_row_1","0",953,969,2,188
"forward_row_1","1243416747","CP023333.1","1",15952323,15952308,"7227",48,"reverse_row_1","1",15952207,15952222,48,116
"forward_row_1","1243416814","CP023339.1","1",15952157,15952142,"7227",49,"reverse_row_1","1",15952041,15952056,49,116
"forward_row_1","2489242827","CP121862.1","1",15704789,15704774,"7240",35,"reverse_row_1","1",15704673,15704688,35,116
"forward_row_1","2489241181","CP121874.1","1",15704789,15704774,"7240",36,"reverse_row_1","1",15704673,15704688,36,116
"forward_row_1","2489242248","CP121880.1","1",15704789,15704774,"7240",37,"reverse_row_1","1",15704673,15704688,37,116
"forward_row_1","2489242014","CP121886.1","1",15704789,15704774,"7240",40,"reverse_row_1","1",15704673,15704688,40,116
"forward_row_1","2489241859","CP121892.1","1",15704789,15704774,"7240",36,"reverse_row_1","1",15704673,15704688,36,116
"forward_row_1","2489236005","CP121904.1","1",15704789,15704774,"7240",36,"reverse_row_1","1",15704673,15704688,36,116
"forward_row_1","2489233523","CP121914.1","1",15704789,15704774,"7240",37,"reverse_row_1","1",15704673,15704688,37,116
"forward_row_1","2489250169","CP122181.1","1",15704789,15704774,"7240",37,"reverse_row_1","1",15704673,15704688,37,116
"forward_row_1","2489249933","CP122187.1","1",15704789,15704774,"7240",38,"reverse_row_1","1",15704673,15704688,38,116
"forward_row_1","2489249776","CP122193.1","1",15704789,15704774,"7240",39,"reverse_row_1","1",15704673,15704688,39,116
"forward_row_1","2489244436","CP122199.1","1",15704789,15704774,"7240",39,"reverse_row_1","1",15704673,15704688,39,116
"forward_row_1","2489244128","CP122211.1","1",15704789,15704774,"7240",37,"reverse_row_1","1",15704673,15704688,37,116
"forward_row_1","2489243770","CP122217.1","1",15704789,15704774,"7240",38,"reverse_row_1","1",15704673,15704688,38,116
"forward_row_1","2489243977","CP122223.1","1",15704789,15704774,"7240",39,"reverse_row_1","1",15704673,15704688,39,116
"forward_row_1","2489243104","CP122229.1","1",15704789,15704774,"7240",37,"reverse_row_1","1",15704673,15704688,37,116
"forward_row_1","2489244713","CP122235.1","1",15704789,15704774,"7240",35,"reverse_row_1","1",15704673,15704688,35,116
"forward_row_1","2489235303","CP122272.1","1",15704789,15704774,"7240",35,"reverse_row_1","1",15704673,15704688,35,116
"forward_row_1","1001094","D58399.1","1",1139,1124,"8038",2,"reverse_row_1","2",953,970,2,186
"forward_row_1","73671870","DQ105208.1","2",1140,1124,"322126",2,"reverse_row_1","2",953,969,2,187
"forward_row_1","73671906","DQ105226.1","2",1140,1124,"341107",2,"reverse_row_1","2",953,969,2,187
"forward_row_1","73671966","DQ105256.1","1",1140,1124,"154816",2,"reverse_row_1","2",953,970,2,187
"forward_row_1","81007374","DQ197956.1","0",1139,1126,"349665",2,"reverse_row_1","1",953,970,2,186
"forward_row_1","81007428","DQ197983.1","2",1141,1124,"107242",2,"reverse_row_1","0",955,969,2,186
"forward_row_1","110610778","DQ678414.1","0",1141,1124,"394695",2,"reverse_row_1","1",953,970,2,188
"forward_row_1","110610780","DQ678415.1","0",1141,1124,"394704",2,"reverse_row_1","0",953,970,2,188
"forward_row_1","110610782","DQ678416.1","1",1141,1124,"72055",2,"reverse_row_1","0",953,970,2,188
"forward_row_1","110610784","DQ678417.1","0",1141,1124,"72058",2,"reverse_row_1","0",953,970,2,188
"forward_row_1","110610786","DQ678418.1","0",1141,1124,"214485",2,"reverse_row_1","1",953,970,2,188
"forward_row_1","110610788","DQ678419.1","0",1141,1124,"72060",2,"reverse_row_1","0",953,970,2,188
"forward_row_1","110610790","DQ678420.1","0",1141,1124,"72061",2,"reverse_row_1","1",953,970,2,188
"forward_row_1","110610792","DQ678421.1","0",1141,1124,"72091",2,"reverse_row_1","1",953,970,2,188
"forward_row_1","110610794","DQ678422.1","0",1141,1124,"72059",2,"reverse_row_1","0",953,970,2,188
"forward_row_1","110610796","DQ678423.1","0",1141,1124,"72056",2,"reverse_row_1","1",953,970,2,188
"forward_row_1","110610798","DQ678424.1","0",1141,1124,"72062",2,"reverse_row_1","1",953,970,2,188
"forward_row_1","110610800","DQ678425.1","0",1141,1124,"72063",2,"reverse_row_1","1",953,970,2,188
"forward_row_1","110610802","DQ678426.1","0",1141,1124,"394688",2,"reverse_row_1","1",953,970,2,188
"forward_row_1","110610804","DQ678427.1","0",1141,1124,"394690",2,"reverse_row_1","0",953,970,2,188
"forward_row_1","110610806","DQ678428.1","0",1141,1124,"72084",2,"reverse_row_1","1",953,970,2,188
"forward_row_1","110610808","DQ678429.1","0",1141,1124,"394698",2,"reverse_row_1","1",953,970,2,188
"forward_row_1","110610810","DQ678430.1","0",1141,1124,"72095",2,"reverse_row_1","0",953,970,2,188
"forward_row_1","110610812","DQ678431.1","0",1141,1124,"72092",2,"reverse_row_1","0",953,970,2,188
"forward_row_1","110610814","DQ678432.1","0",1141,1124,"72101",2,"reverse_row_1","0",955,970,2,186
"forward_row_1","110610816","DQ678433.1","0",1141,1124,"72101",2,"reverse_row_1","0",955,970,2,186
"forward_row_1","110610818","DQ678434.1","0",1141,1124,"72070",2,"reverse_row_1","0",953,970,2,188
"forward_row_1","110610820","DQ678435.1","0",1141,1124,"72064",2,"reverse_row_1","1",953,970,2,188
"forward_row_1","110610822","DQ678436.1","0",1141,1124,"72066",2,"reverse_row_1","1",953,970,2,188
"forward_row_1","110610824","DQ678437.1","0",1141,1124,"72067",2,"reverse_row_1","0",953,970,2,188
"forward_row_1","110610826","DQ678438.1","0",1141,1124,"72069",2,"reverse_row_1","1",953,970,2,188
"forward_row_1","110610828","DQ678439.1","0",1141,1124,"72071",2,"reverse_row_1","0",955,970,2,186
"forward_row_1","110610830","DQ678440.1","0",1141,1124,"72072",2,"reverse_row_1","1",953,970,2,188
"forward_row_1","110610832","DQ678441.1","0",1141,1124,"72073",2,"reverse_row_1","0",953,969,2,188
"forward_row_1","110610834","DQ678442.1","0",1141,1124,"72074",2,"reverse_row_1","1",953,970,2,188
"forward_row_1","110610836","DQ678443.1","0",1141,1124,"72075",2,"reverse_row_1","1",953,970,2,188
"forward_row_1","110610838","DQ678444.1","0",1141,1124,"394691",2,"reverse_row_1","0",953,970,2,188
"forward_row_1","110610840","DQ678445.1","0",1141,1124,"72076",2,"reverse_row_1","0",953,970,2,188
"forward_row_1","110610842","DQ678446.1","0",1141,1124,"72077",2,"reverse_row_1","0",953,970,2,188
"forward_row_1","110610844","DQ678447.1","0",1141,1124,"72080",2,"reverse_row_1","1",955,970,2,186
"forward_row_1","110610846","DQ678448.1","0",1141,1124,"72081",2,"reverse_row_1","0",953,970,2,188
"forward_row_1","110610848","DQ678449.1","0",1141,1124,"72082",2,"reverse_row_1","0",953,970,2,188
"forward_row_1","110610850","DQ678450.1","0",1141,1124,"72083",2,"reverse_row_1","0",953,970,2,188
"forward_row_1","110610852","DQ678451.1","0",1141,1124,"394693",2,"reverse_row_1","0",953,970,2,188
"forward_row_1","110610854","DQ678452.1","0",1141,1124,"394699",2,"reverse_row_1","0",953,970,2,188
"forward_row_1","110610856","DQ678453.1","0",1141,1124,"72085",2,"reverse_row_1","0",953,970,2,188
"forward_row_1","110610858","DQ678454.1","0",1141,1124,"72086",2,"reverse_row_1","1",953,970,2,188
"forward_row_1","110610860","DQ678455.1","0",1141,1124,"394696",2,"reverse_row_1","0",953,970,2,188
"forward_row_1","110610862","DQ678456.1","0",1141,1124,"72087",2,"reverse_row_1","0",953,970,2,188
"forward_row_1","110610864","DQ678457.1","0",1141,1124,"72087",2,"reverse_row_1","0",953,970,2,188
"forward_row_1","110610866","DQ678458.1","0",1141,1124,"72088",2,"reverse_row_1","0",953,969,2,188
"forward_row_1","110610868","DQ678459.1","0",1141,1124,"72089",2,"reverse_row_1","0",953,970,2,188
"forward_row_1","110610870","DQ678460.1","0",1141,1124,"72090",2,"reverse_row_1","1",953,970,2,188
"forward_row_1","110610872","DQ678461.1","0",1141,1124,"72078",2,"reverse_row_1","1",953,970,2,188
"forward_row_1","110610874","DQ678462.1","0",1141,1124,"72093",2,"reverse_row_1","2",953,969,2,188
"forward_row_1","110610876","DQ678463.1","0",1141,1124,"394701",2,"reverse_row_1","0",953,970,2,188
"forward_row_1","110610878","DQ678464.1","0",1141,1124,"72094",2,"reverse_row_1","0",953,970,2,188
"forward_row_1","110610880","DQ678465.1","0",1141,1124,"394703",2,"reverse_row_1","0",953,970,2,188
"forward_row_1","110610882","DQ678466.1","0",1141,1124,"72096",2,"reverse_row_1","1",953,970,2,188
"forward_row_1","110610884","DQ678467.1","0",1141,1124,"72097",2,"reverse_row_1","1",953,970,2,188
"forward_row_1","110610886","DQ678468.1","0",1141,1124,"72098",2,"reverse_row_1","0",953,970,2,188
"forward_row_1","110610888","DQ678469.1","0",1141,1124,"72099",2,"reverse_row_1","0",953,970,2,188
"forward_row_1","110610890","DQ678470.1","0",1141,1124,"72100",2,"reverse_row_1","0",953,970,2,188
"forward_row_1","110610892","DQ678471.1","0",1141,1124,"320568",2,"reverse_row_1","0",955,970,2,186
"forward_row_1","110610894","DQ678472.1","0",1141,1124,"72102",2,"reverse_row_1","0",955,970,2,186
"forward_row_1","110610896","DQ678473.1","0",1141,1124,"201707",2,"reverse_row_1","0",953,970,2,188
"forward_row_1","110610898","DQ678474.1","0",1141,1124,"72104",2,"reverse_row_1","1",953,970,2,188
"forward_row_1","110610900","DQ678475.1","0",1141,1124,"72105",2,"reverse_row_1","1",953,970,2,188
"forward_row_1","110610902","DQ678476.1","0",1141,1124,"72106",2,"reverse_row_1","0",955,970,2,186
"forward_row_1","110610904","DQ678477.1","0",1141,1124,"394708",2,"reverse_row_1","0",953,970,2,188
"forward_row_1","110610906","DQ678478.1","0",1141,1124,"201710",2,"reverse_row_1","0",953,970,2,188
"forward_row_1","110610908","DQ678479.1","0",1141,1124,"72107",2,"reverse_row_1","0",955,970,2,186
"forward_row_1","110610910","DQ678480.1","0",1141,1124,"72108",2,"reverse_row_1","0",955,970,2,186
"forward_row_1","110610912","DQ678481.1","0",1141,1124,"214486",2,"reverse_row_1","0",953,970,2,188
"forward_row_1","110610914","DQ678482.1","0",1141,1124,"105747",2,"reverse_row_1","0",953,970,2,188
"forward_row_1","110610916","DQ678483.1","0",1141,1124,"160818",2,"reverse_row_1","0",953,970,2,188
"forward_row_1","110610918","DQ678484.1","0",1141,1124,"201708",2,"reverse_row_1","1",953,970,2,188
"forward_row_1","110610920","DQ678485.1","0",1141,1124,"173978",2,"reverse_row_1","0",953,970,2,188
"forward_row_1","110610922","DQ678486.1","0",1141,1124,"214490",2,"reverse_row_1","1",953,970,2,188
"forward_row_1","110610924","DQ678487.1","0",1141,1124,"394692",2,"reverse_row_1","0",953,970,2,188
"forward_row_1","110610926","DQ678488.1","0",1141,1124,"201702",2,"reverse_row_1","0",953,970,2,188
"forward_row_1","110610928","DQ678489.1","0",1141,1124,"160817",2,"reverse_row_1","0",953,970,2,188
"forward_row_1","110610930","DQ678490.1","0",1141,1124,"201706",2,"reverse_row_1","1",955,970,2,186
"forward_row_1","110610932","DQ678491.1","0",1141,1124,"214491",2,"reverse_row_1","0",953,970,2,188
"forward_row_1","110610934","DQ678492.1","0",1141,1124,"214487",2,"reverse_row_1","0",953,970,2,188
"forward_row_1","110610936","DQ678493.1","0",1141,1124,"160819",2,"reverse_row_1","1",953,970,2,188
"forward_row_1","110610938","DQ678494.1","0",1141,1124,"201709",2,"reverse_row_1","0",953,970,2,188
"forward_row_1","110610940","DQ678495.1","0",1141,1124,"214493",2,"reverse_row_1","1",953,970,2,188
"forward_row_1","110610942","DQ678496.1","0",1141,1124,"72079",2,"reverse_row_1","1",953,970,2,188
"forward_row_1","110610944","DQ678497.1","0",1141,1124,"394689;394700",2,"reverse_row_1","1",953,970,2,188
"forward_row_1","110610946","DQ678498.1","0",1141,1124,"201704",2,"reverse_row_1","0",953,969,2,188
"forward_row_1","110610948","DQ678499.1","0",1141,1126,"201712",2,"reverse_row_1","0",955,970,2,186
"forward_row_1","110610952","DQ678501.1","1",1141,1124,"201703",2,"reverse_row_1","1",955,970,2,186
"forward_row_1","110610954","DQ678502.1","0",1141,1124,"214483",2,"reverse_row_1","1",953,970,2,188
"forward_row_1","110610956","DQ678503.1","0",1141,1124,"201705",2,"reverse_row_1","0",953,970,2,188
"forward_row_1","110610960","DQ678505.1","0",1139,1126,"394686",2,"reverse_row_1","1",953,970,2,186
"forward_row_1","110610962","DQ678506.1","0",1141,1124,"394687",2,"reverse_row_1","1",953,970,2,188
"forward_row_1","110610964","DQ678507.1","0",1141,1124,"72103",2,"reverse_row_1","1",953,970,2,188
"forward_row_1","110610966","DQ678508.1","0",1141,1124,"394705",2,"reverse_row_1","0",953,970,2,188
"forward_row_1","110610968","DQ678509.1","0",1141,1124,"394697",2,"reverse_row_1","0",953,970,2,188
"forward_row_1","110610970","DQ678510.1","0",1141,1124,"394707",2,"reverse_row_1","1",953,969,2,188
"forward_row_1","110610972","DQ678511.1","0",1141,1124,"394706",2,"reverse_row_1","1",953,970,2,188
"forward_row_1","110610974","DQ678512.1","0",1141,1124,"394702",2,"reverse_row_1","0",953,970,2,188
"forward_row_1","110610976","DQ678513.1","0",1141,1124,"72057",2,"reverse_row_1","0",953,970,2,188
"forward_row_1","110610978","DQ678514.1","0",1141,1124,"394694",2,"reverse_row_1","1",953,970,2,188
"forward_row_1","110610980","DQ678515.1","0",1141,1124,"72065",2,"reverse_row_1","0",953,970,2,188
"forward_row_1","110610982","DQ678516.1","0",1141,1124,"41446",2,"reverse_row_1","0",953,969,2,188
"forward_row_1","134252321","EF151123.1","1",1141,1124,"432398",2,"reverse_row_1","1",953,969,2,188
"forward_row_1","129561699","EF427565.1","0",1139,1126,"349665",2,"reverse_row_1","2",953,970,2,186
"forward_row_1","133923620","EF439206.1","0",1139,1126,"349665",2,"reverse_row_1","1",953,970,2,186
"forward_row_1","133923622","EF439207.1","0",1139,1126,"349665",2,"reverse_row_1","1",953,970,2,186
"forward_row_1","133924272","EF439532.1","0",1139,1126,"349665",2,"reverse_row_1","1",953,970,2,186
"forward_row_1","154744911","EU036441.1","0",1139,1126,"202727",2,"reverse_row_1","1",953,970,2,186
"forward_row_1","154744913","EU036442.1","0",1139,1126,"202727",2,"reverse_row_1","1",953,970,2,186
"forward_row_1","159462065","EU224054.1","0",1139,1126,"202727",2,"reverse_row_1","1",953,970,2,186
"forward_row_1","159462067","EU224055.1","0",1139,1126,"202727",2,"reverse_row_1","1",953,970,2,186
"forward_row_1","170676893","EU492259.1","0",1139,1126,"349665",2,"reverse_row_1","1",953,970,2,186
"forward_row_1","170676895","EU492260.1","0",1139,1126,"349665",2,"reverse_row_1","1",953,970,2,186
"forward_row_1","170676925","EU492275.1","0",1141,1124,"394708",2,"reverse_row_1","0",953,970,2,188
"forward_row_1","226426417","FJ597623.1","1",1139,1124,"633558",2,"reverse_row_1","2",953,970,2,186
"forward_row_1","291170092","GQ174304.1","2",1140,1124,"743463",2,"reverse_row_1","1",953,969,2,187
"forward_row_1","291170096","GQ174306.1","2",1140,1124,"743463",2,"reverse_row_1","1",953,969,2,187
"forward_row_1","291170098","GQ174307.1","2",1140,1124,"743463",2,"reverse_row_1","1",953,969,2,187
"forward_row_1","291170100","GQ174308.1","2",1140,1124,"743463",2,"reverse_row_1","1",953,969,2,187
"forward_row_1","291170104","GQ174310.1","2",1140,1124,"743463",2,"reverse_row_1","1",953,969,2,187
"forward_row_1","291170106","GQ174311.1","2",1140,1124,"743463",2,"reverse_row_1","1",953,969,2,187
"forward_row_1","291170108","GQ174314.1","2",1140,1124,"743463",2,"reverse_row_1","2",953,969,2,187
"forward_row_1","291170112","GQ174316.1","2",1140,1124,"743463",2,"reverse_row_1","2",953,969,2,187
"forward_row_1","291170114","GQ174317.1","2",1140,1124,"743463",2,"reverse_row_1","2",953,969,2,187
"forward_row_1","291170116","GQ174318.1","2",1140,1124,"743463",2,"reverse_row_1","2",953,969,2,187
"forward_row_1","291170201","GQ174357.1","1",1140,1124,"322122",2,"reverse_row_1","2",953,969,2,187
"forward_row_1","291170213","GQ174359.1","2",1140,1124,"322118",2,"reverse_row_1","2",953,969,2,187
"forward_row_1","291170203","GQ174362.1","1",1140,1124,"322122",2,"reverse_row_1","2",953,969,2,187
"forward_row_1","307639970","HQ167698.1","1",1139,1124,"8036",2,"reverse_row_1","2",953,970,2,186
"forward_row_1","307639972","HQ167699.1","1",1139,1124,"8038",2,"reverse_row_1","2",953,970,2,186
"forward_row_1","333448392","HQ713631.1","0",1137,1124,"135752",2,"reverse_row_1","1",955,970,2,182
"forward_row_1","333448396","HQ713633.1","0",1137,1124,"135752",2,"reverse_row_1","1",955,970,2,182
"forward_row_1","375314358","JF340404.1","2",1140,1124,"2892046",2,"reverse_row_1","2",953,969,2,187
"forward_row_1","375314360","JF340405.1","2",1140,1124,"1136805",2,"reverse_row_1","2",953,969,2,187
"forward_row_1","375314362","JF340406.1","2",1140,1124,"1136806",2,"reverse_row_1","2",953,969,2,187
"forward_row_1","375314364","JF340407.1","2",1140,1124,"1136804",2,"reverse_row_1","2",953,969,2,187
"forward_row_1","375314366","JF340408.1","2",1140,1124,"297508",2,"reverse_row_1","2",953,969,2,187
"forward_row_1","338808241","JN003316.1","2",1140,1124,"194368",2,"reverse_row_1","1",955,970,2,185
"forward_row_1","378967020","JQ661382.1","1",15518,15503,"59291",2,"reverse_row_1","1",15334,15349,2,184
"forward_row_1","378967048","JQ661384.1","1",15518,15503,"59291",2,"reverse_row_1","1",15334,15349,2,184
"forward_row_1","378967062","JQ661385.1","1",15518,15503,"59291",2,"reverse_row_1","1",15334,15349,2,184
"forward_row_1","378967104","JQ661388.1","1",15518,15503,"59291",2,"reverse_row_1","1",15334,15349,2,184
"forward_row_1","378967118","JQ661389.1","1",15518,15503,"59291",2,"reverse_row_1","1",15334,15349,2,184
"forward_row_1","459665783","JX262004.1","1",1139,1124,"201498",2,"reverse_row_1","2",953,970,2,186
"forward_row_1","459665791","JX262008.1","1",1139,1124,"152113",2,"reverse_row_1","2",953,970,2,186
"forward_row_1","459665793","JX262009.1","1",1139,1124,"8039",2,"reverse_row_1","2",953,970,2,186
"forward_row_1","459665795","JX262010.1","1",1139,1124,"374848",2,"reverse_row_1","2",953,970,2,186
"forward_row_1","408833645","JX960789.1","1",1139,1124,"107322",2,"reverse_row_1","1",955,970,2,184
"forward_row_1","408833661","JX960797.1","1",1139,1124,"62062",2,"reverse_row_1","2",953,970,2,186
"forward_row_1","408833663","JX960798.1","1",1139,1124,"201498",2,"reverse_row_1","2",953,970,2,186
"forward_row_1","408833665","JX960799.1","1",1139,1124,"201498",2,"reverse_row_1","2",953,970,2,186
"forward_row_1","408833753","JX960843.1","1",1139,1124,"83385",2,"reverse_row_1","2",953,970,2,186
"forward_row_1","408833757","JX960845.1","1",1139,1124,"8036",2,"reverse_row_1","2",953,970,2,186
"forward_row_1","408833759","JX960846.1","1",1139,1124,"8036",2,"reverse_row_1","2",953,970,2,186
"forward_row_1","408833761","JX960847.1","1",1139,1124,"152106",2,"reverse_row_1","2",953,970,2,186
"forward_row_1","408833763","JX960848.1","1",1139,1124,"8037",2,"reverse_row_1","2",953,970,2,186
"forward_row_1","408833765","JX960849.1","1",1139,1124,"8037",2,"reverse_row_1","2",953,970,2,186
"forward_row_1","408833767","JX960850.1","1",1139,1124,"152107",2,"reverse_row_1","2",953,970,2,186
"forward_row_1","408833771","JX960852.1","1",1139,1124,"8038",2,"reverse_row_1","2",953,970,2,186
"forward_row_1","408833777","JX960855.1","1",1139,1124,"8039",2,"reverse_row_1","2",953,970,2,186
"forward_row_1","408833779","JX960856.1","1",1139,1124,"8039",2,"reverse_row_1","2",953,970,2,186
"forward_row_1","408833781","JX960857.1","1",1139,1124,"8040",2,"reverse_row_1","2",953,970,2,186
"forward_row_1","408833783","JX960858.1","1",1139,1124,"8040",2,"reverse_row_1","2",953,970,2,186
"forward_row_1","476004211","KC344825.1","1",761,746,"8040",2,"reverse_row_1","2",575,592,2,186
"forward_row_1","476004213","KC344826.1","1",698,683,"8040",2,"reverse_row_1","2",512,529,2,186
"forward_row_1","519122878","KC920394.1","1",6503,6488,"201498",2,"reverse_row_1","2",6317,6334,2,186
"forward_row_1","519122886","KC920395.1","1",6503,6488,"201498",2,"reverse_row_1","2",6317,6334,2,186
"forward_row_1","519122894","KC920396.1","1",6503,6488,"201498",2,"reverse_row_1","2",6317,6334,2,186
"forward_row_1","519122902","KC920397.1","1",6503,6488,"201498",2,"reverse_row_1","2",6317,6334,2,186
"forward_row_1","519122910","KC920398.1","1",6503,6488,"201498",2,"reverse_row_1","2",6317,6334,2,186
"forward_row_1","519122918","KC920399.1","1",6503,6488,"201498",2,"reverse_row_1","2",6317,6334,2,186
"forward_row_1","519122942","KC920402.1","1",6503,6488,"201498",2,"reverse_row_1","2",6317,6334,2,186
"forward_row_1","519122950","KC920403.1","1",6503,6488,"201498",2,"reverse_row_1","2",6317,6334,2,186
"forward_row_1","519122958","KC920404.1","1",6503,6488,"201498",2,"reverse_row_1","2",6317,6334,2,186
"forward_row_1","519122990","KC920408.1","1",6503,6488,"201498",2,"reverse_row_1","2",6317,6334,2,186
"forward_row_1","519123062","KC920417.1","1",6503,6488,"201498",2,"reverse_row_1","2",6317,6334,2,186
"forward_row_1","519123094","KC920421.1","1",6503,6488,"201498",2,"reverse_row_1","2",6317,6334,2,186
"forward_row_1","558518424","KF667491.1","0",15516,15499,"41446",2,"reverse_row_1","0",15328,15344,2,188
"forward_row_1","575525211","KF836442.1","0",15527,15510,"201706",2,"reverse_row_1","1",15341,15356,2,186
"forward_row_1","576896723","KF908853.1","1",16694,16679,"633558",2,"reverse_row_1","2",16508,16524,2,186
"forward_row_1","668348669","KJ711549.1","1",16771,16756,"201498",2,"reverse_row_1","2",16585,16602,2,186
"forward_row_1","668348683","KJ711550.1","1",16690,16675,"201498",2,"reverse_row_1","2",16504,16521,2,186
"forward_row_1","659680982","KJ746618.1","1",16511,16496,"8039",2,"reverse_row_1","2",16325,16342,2,186
"forward_row_1","669633326","KJ775792.1","0",15525,15508,"290523",2,"reverse_row_1","0",15337,15354,2,188
"forward_row_1","985651941","KR021400.1","1",1117,1102,"633558",2,"reverse_row_1","2",931,947,2,186
"forward_row_1","985651943","KR021401.1","1",1117,1102,"633558",2,"reverse_row_1","2",931,947,2,186
"forward_row_1","985651945","KR021402.1","1",1117,1102,"633558",2,"reverse_row_1","2",931,947,2,186
"forward_row_1","985567896","KT213583.1","2",15516,15499,"297508",2,"reverse_row_1","2",15328,15344,2,188
"forward_row_1","927442736","KT266871.1","1",16510,16495,"83385",2,"reverse_row_1","2",16324,16341,2,186
"forward_row_1","936231020","KT374012.1","2",15524,15507,"322126",2,"reverse_row_1","2",15336,15352,2,188
"forward_row_1","1036114243","KT991518.1","2",15540,15523,"328536",2,"reverse_row_1","1",15354,15369,2,186
"forward_row_1","982899931","KU244695.1","1",1147,1132,"8039",2,"reverse_row_1","2",961,978,2,186
"forward_row_1","973746774","KU258396.1","1",1147,1132,"8039",2,"reverse_row_1","2",961,978,2,186
"forward_row_1","973746776","KU258397.1","1",1147,1132,"8039",2,"reverse_row_1","2",961,978,2,186
"forward_row_1","1010923192","KU674352.1","1",16511,16496,"565044",2,"reverse_row_1","2",16325,16342,2,186
"forward_row_1","1005507109","KU761867.1","1",1152,1137,"8040",2,"reverse_row_1","2",966,983,2,186
"forward_row_1","1005507111","KU761868.1","1",1152,1137,"8040",2,"reverse_row_1","2",966,983,2,186
"forward_row_1","1005507113","KU761869.1","1",1152,1137,"8040",2,"reverse_row_1","2",966,983,2,186
"forward_row_1","1080112592","KU872714.1","1",678,663,"8037",2,"reverse_row_1","2",492,509,2,186
"forward_row_1","1050550793","KX374371.1","0",1141,1124,"41446",2,"reverse_row_1","0",953,969,2,188
"forward_row_1","1050550795","KX374372.1","0",1141,1124,"41446",2,"reverse_row_1","0",953,969,2,188
"forward_row_1","1050550797","KX374373.1","0",1141,1124,"41446",2,"reverse_row_1","0",953,969,2,188
"forward_row_1","1050550799","KX374374.1","0",1141,1124,"41446",2,"reverse_row_1","0",953,969,2,188
"forward_row_1","1050550801","KX374375.1","0",1141,1124,"41446",2,"reverse_row_1","0",953,969,2,188
"forward_row_1","1050550803","KX374376.1","0",1141,1124,"41446",2,"reverse_row_1","0",953,969,2,188
"forward_row_1","1050550805","KX374377.1","0",1141,1124,"41446",2,"reverse_row_1","0",953,969,2,188
"forward_row_1","1050550807","KX374378.1","0",1141,1124,"41446",2,"reverse_row_1","0",953,969,2,188
"forward_row_1","1050550809","KX374379.1","0",1141,1124,"41446",2,"reverse_row_1","1",953,969,2,188
"forward_row_1","1050550811","KX374380.1","0",1141,1124,"41446",2,"reverse_row_1","0",953,969,2,188
"forward_row_1","1050550813","KX374381.1","0",1141,1124,"41446",2,"reverse_row_1","0",953,969,2,188
"forward_row_1","1050550815","KX374382.1","0",1141,1124,"41446",2,"reverse_row_1","0",953,969,2,188
"forward_row_1","1050550817","KX374383.1","0",1141,1124,"41446",2,"reverse_row_1","0",953,969,2,188
"forward_row_1","1050550819","KX374384.1","0",1141,1124,"41446",2,"reverse_row_1","0",953,969,2,188
"forward_row_1","1050550821","KX374385.1","0",1141,1124,"41446",2,"reverse_row_1","0",953,969,2,188
"forward_row_1","1050550823","KX374386.1","0",1141,1124,"41446",2,"reverse_row_1","0",953,969,2,188
"forward_row_1","1050550825","KX374387.1","0",1141,1124,"41446",2,"reverse_row_1","0",953,969,2,188
"forward_row_1","1050550827","KX374388.1","0",1141,1124,"41446",2,"reverse_row_1","0",953,969,2,188
"forward_row_1","1050550829","KX374389.1","0",1141,1124,"41446",2,"reverse_row_1","0",953,969,2,188
"forward_row_1","1050550831","KX374390.1","0",1141,1124,"41446",2,"reverse_row_1","0",953,969,2,188
"forward_row_1","1050550833","KX374391.1","0",1141,1124,"41446",2,"reverse_row_1","0",953,969,2,188
"forward_row_1","1050550835","KX374392.1","0",1141,1124,"41446",2,"reverse_row_1","0",953,969,2,188
"forward_row_1","1050550837","KX374393.1","0",1141,1124,"41446",2,"reverse_row_1","0",953,969,2,188
"forward_row_1","1050550839","KX374394.1","0",1141,1124,"41446",2,"reverse_row_1","0",953,969,2,188
"forward_row_1","1050550841","KX374395.1","0",1141,1124,"41446",2,"reverse_row_1","0",953,969,2,188
"forward_row_1","1050550843","KX374396.1","0",1141,1124,"41446",2,"reverse_row_1","0",953,969,2,188
"forward_row_1","1050550845","KX374397.1","0",1141,1124,"41446",2,"reverse_row_1","0",953,969,2,188
"forward_row_1","1050550847","KX374398.1","0",1141,1124,"41446",2,"reverse_row_1","0",953,969,2,188
"forward_row_1","1050550849","KX374399.1","0",1141,1124,"41446",2,"reverse_row_1","0",953,969,2,188
"forward_row_1","1050550851","KX374400.1","0",1141,1124,"41446",2,"reverse_row_1","0",953,969,2,188
"forward_row_1","1241186082","KX722503.1","0",1141,1124,"41446",2,"reverse_row_1","0",953,969,2,188
"forward_row_1","1241186084","KX722504.1","0",1141,1124,"41446",2,"reverse_row_1","0",953,969,2,188
"forward_row_1","1241186086","KX722505.1","0",1141,1124,"41446",2,"reverse_row_1","0",953,969,2,188
"forward_row_1","1241186088","KX722506.1","0",1141,1124,"41446",2,"reverse_row_1","0",953,969,2,188
"forward_row_1","1241186090","KX722507.1","0",1141,1124,"41446",2,"reverse_row_1","0",953,969,2,188
"forward_row_1","1241186092","KX722508.1","0",1141,1124,"41446",2,"reverse_row_1","0",953,969,2,188
"forward_row_1","1241186094","KX722509.1","0",1141,1124,"41446",2,"reverse_row_1","0",953,969,2,188
"forward_row_1","1151052538","KY122139.1","1",1172,1157,"83385",2,"reverse_row_1","2",986,1003,2,186
"forward_row_1","1151052540","KY122140.1","1",1172,1157,"83385",2,"reverse_row_1","2",986,1003,2,186
"forward_row_1","1151052544","KY122142.1","1",1171,1156,"152113;1955231",2,"reverse_row_1","2",985,1002,2,186
"forward_row_1","1151052548","KY122144.1","1",1171,1156,"152111",2,"reverse_row_1","2",985,1002,2,186
"forward_row_1","1151052552","KY122146.1","1",1171,1156,"85061",2,"reverse_row_1","2",985,1002,2,186
"forward_row_1","1151052554","KY122147.1","1",1171,1156,"8036",2,"reverse_row_1","2",985,1002,2,186
"forward_row_1","1151052562","KY122151.1","1",1171,1156,"85061",2,"reverse_row_1","2",985,1002,2,186
"forward_row_1","1151052568","KY122154.1","1",1171,1156,"85061",2,"reverse_row_1","2",985,1002,2,186
"forward_row_1","1151052574","KY122157.1","1",1171,1156,"152106",2,"reverse_row_1","2",985,1002,2,186
"forward_row_1","1151052578","KY122159.1","1",1171,1156,"8037",2,"reverse_row_1","2",985,1002,2,186
"forward_row_1","1151052580","KY122160.1","1",1171,1156,"85063",2,"reverse_row_1","2",985,1002,2,186
"forward_row_1","1151052582","KY122161.1","1",1171,1156,"85063",2,"reverse_row_1","2",985,1002,2,186
"forward_row_1","1151052584","KY122162.1","1",1171,1156,"85063",2,"reverse_row_1","2",985,1002,2,186
"forward_row_1","1151052586","KY122163.1","1",1171,1156,"85063",2,"reverse_row_1","2",985,1002,2,186
"forward_row_1","1151052588","KY122164.1","1",1171,1156,"85065",2,"reverse_row_1","2",985,1002,2,186
"forward_row_1","1151052592","KY122166.1","1",1171,1156,"85065",2,"reverse_row_1","2",985,1002,2,186
"forward_row_1","1151052596","KY122168.1","1",1171,1156,"152107",2,"reverse_row_1","2",985,1002,2,186
"forward_row_1","1151052598","KY122169.1","1",1171,1156,"152107",2,"reverse_row_1","2",985,1002,2,186
"forward_row_1","1151052600","KY122170.1","1",1189,1174,"85062",2,"reverse_row_1","2",1003,1020,2,186
"forward_row_1","1151052602","KY122171.1","1",1163,1148,"85062",2,"reverse_row_1","2",977,994,2,186
"forward_row_1","1151052604","KY122172.1","1",1168,1153,"85062",2,"reverse_row_1","2",982,999,2,186
"forward_row_1","1151052608","KY122174.1","1",1171,1156,"152113;1955232",2,"reverse_row_1","2",985,1002,2,186
"forward_row_1","1151052626","KY122183.1","1",1171,1156,"374848;423371",2,"reverse_row_1","2",985,1002,2,186
"forward_row_1","1151052630","KY122185.1","1",1171,1156,"85063",2,"reverse_row_1","2",985,1002,2,186
"forward_row_1","1151052632","KY122186.1","1",1171,1156,"85063",2,"reverse_row_1","2",985,1002,2,186
"forward_row_1","1151052636","KY122188.1","1",1171,1156,"85063",2,"reverse_row_1","2",985,1002,2,186
"forward_row_1","1151052640","KY122190.1","1",1171,1156,"85063",2,"reverse_row_1","2",985,1002,2,186
"forward_row_1","1151052642","KY122191.1","1",1171,1156,"85063",2,"reverse_row_1","2",985,1002,2,186
"forward_row_1","1151052644","KY122192.1","1",1171,1156,"85063",2,"reverse_row_1","2",985,1002,2,186
"forward_row_1","1151052646","KY122193.1","1",1171,1156,"374848",2,"reverse_row_1","2",985,1002,2,186
"forward_row_1","1151052648","KY122194.1","1",1171,1156,"374848",2,"reverse_row_1","2",985,1002,2,186
"forward_row_1","1151052654","KY122197.1","1",1171,1156,"374848",2,"reverse_row_1","2",985,1002,2,186
"forward_row_1","1151052658","KY122199.1","1",1171,1156,"230552",2,"reverse_row_1","2",985,1002,2,186
"forward_row_1","1151052662","KY122201.1","1",1171,1156,"230552",2,"reverse_row_1","2",985,1002,2,186
"forward_row_1","1151052674","KY122207.1","1",1171,1156,"1955233",2,"reverse_row_1","2",985,1002,2,186
"forward_row_1","1151052682","KY122211.1","1",1171,1156,"565044",2,"reverse_row_1","2",985,1002,2,186
"forward_row_1","1151052684","KY122212.1","1",1171,1156,"152113",2,"reverse_row_1","2",985,1002,2,186
"forward_row_1","1151052686","KY122213.1","1",1171,1156,"152113",2,"reverse_row_1","2",985,1002,2,186
"forward_row_1","1151052696","KY122218.1","1",1189,1174,"152113",2,"reverse_row_1","2",1003,1020,2,186
"forward_row_1","1151052714","KY122227.1","1",1171,1156,"152113",2,"reverse_row_1","2",985,1002,2,186
"forward_row_1","1151052724","KY122232.1","1",1171,1156,"152113",2,"reverse_row_1","2",985,1002,2,186
"forward_row_1","1248646161","KY307844.1","1",15532,15515,"154816",2,"reverse_row_1","2",15344,15361,2,188
"forward_row_1","1253214550","KY352772.1","0",15519,15504,"278182",2,"reverse_row_1","2",15333,15350,2,186
"forward_row_1","1284884464","KY525803.1","1",1668,1654,"3702",2,"reverse_row_1","1",1496,1511,2,172
"forward_row_1","1545825683","LC440499.1","1",16516,16501,"374848",2,"reverse_row_1","2",16330,16347,2,186
"forward_row_1","1790179362","LC493909.1","0",15526,15509,"394708",2,"reverse_row_1","0",15338,15355,2,188
"forward_row_1","1790179376","LC493910.1","0",15526,15509,"394696",2,"reverse_row_1","0",15338,15355,2,188
"forward_row_1","2417762695","LC663664.1","1",1139,1124,"8038",2,"reverse_row_1","2",953,970,2,186
"forward_row_1","2417762697","LC663665.1","1",1139,1124,"8038",2,"reverse_row_1","2",953,970,2,186
"forward_row_1","1230845125","MF411489.1","1",1139,1124,"29144",2,"reverse_row_1","2",953,969,2,186
"forward_row_1","1230845127","MF411490.1","1",1139,1124,"29144",2,"reverse_row_1","2",953,969,2,186
"forward_row_1","1230845129","MF411491.1","1",1139,1124,"29144",2,"reverse_row_1","2",953,969,2,186
"forward_row_1","1230845131","MF411492.1","1",1139,1124,"29144",2,"reverse_row_1","2",953,969,2,186
"forward_row_1","1230845133","MF411493.1","1",1139,1124,"29144",2,"reverse_row_1","2",953,969,2,186
"forward_row_1","1230845135","MF411494.1","1",1139,1124,"29144",2,"reverse_row_1","2",953,969,2,186
"forward_row_1","1230845137","MF411495.1","1",1139,1124,"29144",2,"reverse_row_1","2",953,969,2,186
"forward_row_1","1230845139","MF411496.1","1",1139,1124,"29144",2,"reverse_row_1","2",953,969,2,186
"forward_row_1","1230845141","MF411497.1","1",1139,1124,"29144",2,"reverse_row_1","2",953,969,2,186
"forward_row_1","1230845143","MF411498.1","1",1139,1124,"29144",2,"reverse_row_1","2",953,969,2,186
"forward_row_1","1230845145","MF411499.1","1",1139,1124,"29144",2,"reverse_row_1","2",953,969,2,186
"forward_row_1","1230845147","MF411500.1","1",1139,1124,"29144",2,"reverse_row_1","2",953,969,2,186
"forward_row_1","1230845149","MF411501.1","1",1139,1124,"29144",2,"reverse_row_1","2",953,969,2,186
"forward_row_1","1230845151","MF411502.1","1",1139,1124,"29144",2,"reverse_row_1","2",953,969,2,186
"forward_row_1","1230845153","MF411503.1","1",1139,1124,"29144",2,"reverse_row_1","2",953,969,2,186
"forward_row_1","1230845155","MF411504.1","1",1139,1124,"29144",2,"reverse_row_1","2",953,969,2,186
"forward_row_1","1230845157","MF411505.1","1",1139,1124,"29144",2,"reverse_row_1","2",953,969,2,186
"forward_row_1","1230845159","MF411506.1","1",1139,1124,"29144",2,"reverse_row_1","2",953,969,2,186
"forward_row_1","1230845161","MF411507.1","1",1139,1124,"29144",2,"reverse_row_1","2",953,969,2,186
"forward_row_1","1230845163","MF411508.1","1",1139,1124,"29144",2,"reverse_row_1","2",953,969,2,186
"forward_row_1","1230845165","MF411509.1","1",1139,1124,"29144",2,"reverse_row_1","2",953,969,2,186
"forward_row_1","1230845167","MF411510.1","1",1139,1124,"29144",2,"reverse_row_1","2",953,969,2,186
"forward_row_1","1230845169","MF411511.1","1",1139,1124,"29144",2,"reverse_row_1","2",953,969,2,186
"forward_row_1","1230845171","MF411512.1","1",1139,1124,"29144",2,"reverse_row_1","2",953,969,2,186
"forward_row_1","1230845173","MF411513.1","1",1139,1124,"29144",2,"reverse_row_1","2",953,969,2,186
"forward_row_1","1230845175","MF411514.1","1",1139,1124,"29144",2,"reverse_row_1","2",953,969,2,186
"forward_row_1","1230845177","MF411515.1","1",1139,1124,"29144",2,"reverse_row_1","2",953,969,2,186
"forward_row_1","1230845179","MF411516.1","1",1139,1124,"29144",2,"reverse_row_1","2",953,969,2,186
"forward_row_1","1230845181","MF411517.1","1",1139,1124,"29144",2,"reverse_row_1","2",953,969,2,186
"forward_row_1","1230845183","MF411518.1","1",1139,1124,"29144",2,"reverse_row_1","2",953,969,2,186
"forward_row_1","1230845185","MF411519.1","1",1139,1124,"29144",2,"reverse_row_1","2",953,969,2,186
"forward_row_1","1230845187","MF411520.1","1",1139,1124,"29144",2,"reverse_row_1","2",953,969,2,186
"forward_row_1","1230845189","MF411521.1","1",1139,1124,"29144",2,"reverse_row_1","2",953,969,2,186
"forward_row_1","1230845191","MF411522.1","1",1139,1124,"29144",2,"reverse_row_1","2",953,969,2,186
"forward_row_1","1230845193","MF411523.1","1",1139,1124,"29144",2,"reverse_row_1","2",953,969,2,186
"forward_row_1","1230845195","MF411524.1","1",1139,1124,"29144",2,"reverse_row_1","2",953,969,2,186
"forward_row_1","1230845197","MF411525.1","1",1139,1124,"29144",2,"reverse_row_1","2",953,969,2,186
"forward_row_1","1230845199","MF411526.1","1",1139,1124,"29144",2,"reverse_row_1","2",953,969,2,186
"forward_row_1","1230845201","MF411527.1","1",1139,1124,"29144",2,"reverse_row_1","2",953,969,2,186
"forward_row_1","1230845203","MF411528.1","1",1139,1124,"29144",2,"reverse_row_1","2",953,969,2,186
"forward_row_1","1230845205","MF411529.1","1",1139,1124,"29144",2,"reverse_row_1","2",953,969,2,186
"forward_row_1","1230845207","MF411530.1","1",1139,1124,"29144",2,"reverse_row_1","2",953,969,2,186
"forward_row_1","1230845209","MF411531.1","1",1139,1124,"29144",2,"reverse_row_1","2",953,969,2,186
"forward_row_1","1230845211","MF411532.1","1",1139,1124,"29144",2,"reverse_row_1","2",953,969,2,186
"forward_row_1","1230845213","MF411533.1","1",1139,1124,"29144",2,"reverse_row_1","2",953,969,2,186
"forward_row_1","1230845215","MF411534.1","1",1139,1124,"29144",2,"reverse_row_1","2",953,969,2,186
"forward_row_1","1230845217","MF411535.1","1",1139,1124,"29144",2,"reverse_row_1","2",953,969,2,186
"forward_row_1","1230845219","MF411536.1","1",1139,1124,"29144",2,"reverse_row_1","2",953,969,2,186
"forward_row_1","1230845221","MF411537.1","1",1139,1124,"29144",2,"reverse_row_1","2",953,969,2,186
"forward_row_1","1230845223","MF411538.1","1",1139,1124,"29144",2,"reverse_row_1","2",953,969,2,186
"forward_row_1","1230845225","MF411539.1","1",1139,1124,"29144",2,"reverse_row_1","2",953,969,2,186
"forward_row_1","1230845227","MF411540.1","1",1139,1124,"29144",2,"reverse_row_1","2",953,969,2,186
"forward_row_1","1230845229","MF411541.1","1",1139,1124,"29144",2,"reverse_row_1","2",953,969,2,186
"forward_row_1","1230845231","MF411542.1","1",1139,1124,"29144",2,"reverse_row_1","2",953,969,2,186
"forward_row_1","1230845233","MF411543.1","1",1139,1124,"29144",2,"reverse_row_1","2",953,969,2,186
"forward_row_1","1230845235","MF411544.1","1",1139,1124,"29144",2,"reverse_row_1","2",953,969,2,186
"forward_row_1","1230845237","MF411545.1","1",1139,1124,"29144",2,"reverse_row_1","2",953,969,2,186
"forward_row_1","1230845239","MF411546.1","1",1139,1124,"29144",2,"reverse_row_1","2",953,969,2,186
"forward_row_1","1230845241","MF411547.1","1",1139,1124,"29144",2,"reverse_row_1","2",953,969,2,186
"forward_row_1","1230845243","MF411548.1","1",1139,1124,"29144",2,"reverse_row_1","2",953,969,2,186
"forward_row_1","1230845245","MF411549.1","1",1139,1124,"29144",2,"reverse_row_1","2",953,969,2,186
"forward_row_1","1230845247","MF411550.1","1",1139,1124,"29144",2,"reverse_row_1","2",953,969,2,186
"forward_row_1","1230845249","MF411551.1","1",1139,1124,"29144",2,"reverse_row_1","2",953,969,2,186
"forward_row_1","1230845251","MF411552.1","1",1139,1124,"29144",2,"reverse_row_1","2",953,969,2,186
"forward_row_1","1230845253","MF411553.1","1",1139,1124,"29144",2,"reverse_row_1","2",953,969,2,186
"forward_row_1","1230845255","MF411554.1","1",1139,1124,"29144",2,"reverse_row_1","2",953,969,2,186
"forward_row_1","1230845257","MF411555.1","1",1139,1124,"29144",2,"reverse_row_1","2",953,969,2,186
"forward_row_1","1230845259","MF411556.1","1",1139,1124,"29144",2,"reverse_row_1","2",953,969,2,186
"forward_row_1","1230845261","MF411557.1","1",1139,1124,"29144",2,"reverse_row_1","2",953,969,2,186
"forward_row_1","1230845263","MF411558.1","1",1139,1124,"29144",2,"reverse_row_1","2",953,969,2,186
"forward_row_1","1230845265","MF411559.1","1",1139,1124,"29144",2,"reverse_row_1","2",953,969,2,186
"forward_row_1","1230845267","MF411560.1","1",1139,1124,"29144",2,"reverse_row_1","2",953,969,2,186
"forward_row_1","1230845269","MF411561.1","1",1139,1124,"29144",2,"reverse_row_1","2",953,969,2,186
"forward_row_1","1230845271","MF411562.1","1",1139,1124,"29144",2,"reverse_row_1","2",953,969,2,186
"forward_row_1","1230845273","MF411563.1","1",1139,1124,"29144",2,"reverse_row_1","2",953,969,2,186
"forward_row_1","1230845275","MF411564.1","1",1139,1124,"29144",2,"reverse_row_1","2",953,969,2,186
"forward_row_1","1230845277","MF411565.1","1",1139,1124,"29144",2,"reverse_row_1","2",953,969,2,186
"forward_row_1","1230845279","MF411566.1","1",1139,1124,"29144",2,"reverse_row_1","2",953,969,2,186
"forward_row_1","1230845281","MF411567.1","1",1139,1124,"29144",2,"reverse_row_1","2",953,969,2,186
"forward_row_1","1230845283","MF411568.1","1",1139,1124,"29144",2,"reverse_row_1","2",953,969,2,186
"forward_row_1","1230845285","MF411569.1","1",1139,1124,"29144",2,"reverse_row_1","2",953,969,2,186
"forward_row_1","1230845287","MF411570.1","1",1139,1124,"29144",2,"reverse_row_1","2",953,969,2,186
"forward_row_1","1230845289","MF411571.1","1",1139,1124,"29144",2,"reverse_row_1","2",953,969,2,186
"forward_row_1","1230845291","MF411572.1","1",1139,1124,"29144",2,"reverse_row_1","2",953,969,2,186
"forward_row_1","1230845293","MF411573.1","1",1139,1124,"29144",2,"reverse_row_1","2",953,969,2,186
"forward_row_1","1230845295","MF411574.1","1",1139,1124,"29144",2,"reverse_row_1","2",953,969,2,186
"forward_row_1","1230845297","MF411575.1","1",1139,1124,"29144",2,"reverse_row_1","2",953,969,2,186
"forward_row_1","1230845299","MF411576.1","1",1139,1124,"29144",2,"reverse_row_1","2",953,969,2,186
"forward_row_1","1230845301","MF411577.1","1",1139,1124,"29144",2,"reverse_row_1","2",953,969,2,186
"forward_row_1","1230845303","MF411578.1","1",1139,1124,"29144",2,"reverse_row_1","2",953,969,2,186
"forward_row_1","1230845305","MF411579.1","1",1139,1124,"29144",2,"reverse_row_1","2",953,969,2,186
"forward_row_1","1230845307","MF411580.1","1",1139,1124,"29144",2,"reverse_row_1","2",953,969,2,186
"forward_row_1","1230845309","MF411581.1","1",1139,1124,"29144",2,"reverse_row_1","2",953,969,2,186
"forward_row_1","1230845311","MF411582.1","1",1139,1124,"29144",2,"reverse_row_1","2",953,969,2,186
"forward_row_1","1230845313","MF411583.1","1",1139,1124,"29144",2,"reverse_row_1","2",953,969,2,186
"forward_row_1","1230845315","MF411584.1","1",1139,1124,"29144",2,"reverse_row_1","2",953,969,2,186
"forward_row_1","1230845317","MF411585.1","1",1139,1124,"29144",2,"reverse_row_1","2",953,969,2,186
"forward_row_1","1230845319","MF411586.1","1",1139,1124,"29144",2,"reverse_row_1","2",953,969,2,186
"forward_row_1","1230845321","MF411587.1","1",1139,1124,"29144",2,"reverse_row_1","2",953,969,2,186
"forward_row_1","1230845323","MF411588.1","1",1139,1124,"29144",2,"reverse_row_1","2",953,969,2,186
"forward_row_1","1230845325","MF411589.1","1",1139,1124,"29144",2,"reverse_row_1","2",953,969,2,186
"forward_row_1","1230845327","MF411590.1","1",1139,1124,"29144",2,"reverse_row_1","2",953,969,2,186
"forward_row_1","1230845329","MF411591.1","1",1139,1124,"29144",2,"reverse_row_1","2",953,969,2,186
"forward_row_1","1230845331","MF411592.1","1",1139,1124,"29144",2,"reverse_row_1","2",953,969,2,186
"forward_row_1","1230845333","MF411593.1","1",1139,1124,"29144",2,"reverse_row_1","2",953,969,2,186
"forward_row_1","1230845335","MF411594.1","1",1139,1124,"29144",2,"reverse_row_1","2",953,969,2,186
"forward_row_1","1230845337","MF411595.1","1",1139,1124,"29144",2,"reverse_row_1","2",953,969,2,186
"forward_row_1","1230845339","MF411596.1","1",1139,1124,"29144",2,"reverse_row_1","2",953,969,2,186
"forward_row_1","1230845341","MF411597.1","1",1139,1124,"29144",2,"reverse_row_1","2",953,969,2,186
"forward_row_1","1230845343","MF411598.1","1",1139,1124,"29144",2,"reverse_row_1","2",953,969,2,186
"forward_row_1","1230845345","MF411599.1","1",1139,1124,"29144",2,"reverse_row_1","2",953,969,2,186
"forward_row_1","1230845347","MF411600.1","1",1139,1124,"29144",2,"reverse_row_1","2",953,969,2,186
"forward_row_1","1230845349","MF411601.1","1",1139,1124,"29144",2,"reverse_row_1","2",953,969,2,186
"forward_row_1","1230845351","MF411602.1","1",1139,1124,"29144",2,"reverse_row_1","2",953,969,2,186
"forward_row_1","1230845353","MF411603.1","1",1139,1124,"29144",2,"reverse_row_1","2",953,969,2,186
"forward_row_1","1230845355","MF411604.1","1",1139,1124,"29144",2,"reverse_row_1","2",953,969,2,186
"forward_row_1","1230845357","MF411605.1","1",1139,1124,"29144",2,"reverse_row_1","2",953,969,2,186
"forward_row_1","1230845359","MF411606.1","1",1139,1124,"29144",2,"reverse_row_1","2",953,969,2,186
"forward_row_1","1230845361","MF411607.1","1",1139,1124,"29144",2,"reverse_row_1","2",953,969,2,186
"forward_row_1","1230845363","MF411608.1","1",1139,1124,"29144",2,"reverse_row_1","2",953,969,2,186
"forward_row_1","1230845365","MF411609.1","1",1139,1124,"29144",2,"reverse_row_1","2",953,969,2,186
"forward_row_1","1230845367","MF411610.1","1",1139,1124,"29144",2,"reverse_row_1","2",953,969,2,186
"forward_row_1","1230845369","MF411611.1","1",1139,1124,"29144",2,"reverse_row_1","2",953,969,2,186
"forward_row_1","1230845371","MF411612.1","1",1139,1124,"29144",2,"reverse_row_1","2",953,969,2,186
"forward_row_1","1230845373","MF411613.1","1",1139,1124,"29144",2,"reverse_row_1","2",953,969,2,186
"forward_row_1","1230845375","MF411614.1","1",1139,1124,"29144",2,"reverse_row_1","2",953,969,2,186
"forward_row_1","1230845377","MF411615.1","1",1139,1124,"29144",2,"reverse_row_1","2",953,969,2,186
"forward_row_1","1230845379","MF411616.1","1",1139,1124,"29144",2,"reverse_row_1","2",953,969,2,186
"forward_row_1","1230845381","MF411617.1","1",1139,1124,"29144",2,"reverse_row_1","2",953,969,2,186
"forward_row_1","1230845383","MF411618.1","1",1139,1124,"29144",2,"reverse_row_1","2",953,969,2,186
"forward_row_1","1230845385","MF411619.1","1",1139,1124,"29144",2,"reverse_row_1","2",953,969,2,186
"forward_row_1","1230845387","MF411620.1","1",1139,1124,"29144",2,"reverse_row_1","2",953,969,2,186
"forward_row_1","1230845389","MF411621.1","1",1139,1124,"29144",2,"reverse_row_1","2",953,969,2,186
"forward_row_1","1230845391","MF411622.1","1",1139,1124,"29144",2,"reverse_row_1","2",953,969,2,186
"forward_row_1","1230845393","MF411623.1","1",1139,1124,"29144",2,"reverse_row_1","2",953,969,2,186
"forward_row_1","1230845395","MF411624.1","1",1139,1124,"29144",2,"reverse_row_1","2",953,969,2,186
"forward_row_1","1230845397","MF411625.1","1",1139,1124,"29144",2,"reverse_row_1","2",953,969,2,186
"forward_row_1","1230845399","MF411626.1","1",1139,1124,"29144",2,"reverse_row_1","2",953,969,2,186
"forward_row_1","1230845401","MF411627.1","1",1139,1124,"29144",2,"reverse_row_1","2",953,969,2,186
"forward_row_1","1230845403","MF411628.1","1",1139,1124,"29144",2,"reverse_row_1","2",953,969,2,186
"forward_row_1","1230845405","MF411629.1","1",1139,1124,"29144",2,"reverse_row_1","2",953,969,2,186
"forward_row_1","1230845407","MF411630.1","1",1139,1124,"29144",2,"reverse_row_1","2",953,969,2,186
"forward_row_1","1230845409","MF411631.1","1",1139,1124,"29144",2,"reverse_row_1","2",953,969,2,186
"forward_row_1","1230845411","MF411632.1","1",1139,1124,"29144",2,"reverse_row_1","2",953,969,2,186
"forward_row_1","1230845413","MF411633.1","1",1139,1124,"29144",2,"reverse_row_1","2",953,969,2,186
"forward_row_1","1230845415","MF411634.1","1",1139,1124,"29144",2,"reverse_row_1","2",953,969,2,186
"forward_row_1","1230845417","MF411635.1","1",1139,1124,"29144",2,"reverse_row_1","2",953,969,2,186
"forward_row_1","1230845419","MF411636.1","1",1139,1124,"29144",2,"reverse_row_1","2",953,969,2,186
"forward_row_1","1230845421","MF411637.1","1",1139,1124,"29144",2,"reverse_row_1","2",953,969,2,186
"forward_row_1","1230845423","MF411638.1","1",1139,1124,"29144",2,"reverse_row_1","2",953,969,2,186
"forward_row_1","1230845425","MF411639.1","1",1139,1124,"29144",2,"reverse_row_1","2",953,969,2,186
"forward_row_1","1230845427","MF411640.1","1",1139,1124,"29144",2,"reverse_row_1","2",953,969,2,186
"forward_row_1","1230845429","MF411641.1","1",1139,1124,"29144",2,"reverse_row_1","2",953,969,2,186
"forward_row_1","1230845431","MF411642.1","1",1139,1124,"29144",2,"reverse_row_1","2",953,969,2,186
"forward_row_1","1230845433","MF411643.1","1",1139,1124,"29144",2,"reverse_row_1","2",953,969,2,186
"forward_row_1","1230845435","MF411644.1","1",1139,1124,"29144",2,"reverse_row_1","2",953,969,2,186
"forward_row_1","1230845437","MF411645.1","1",1139,1124,"29144",2,"reverse_row_1","2",953,969,2,186
"forward_row_1","1230845439","MF411646.1","1",1139,1124,"29144",2,"reverse_row_1","2",953,969,2,186
"forward_row_1","1230845441","MF411647.1","1",1139,1124,"29144",2,"reverse_row_1","2",953,969,2,186
"forward_row_1","1230845443","MF411648.1","1",1139,1124,"29144",2,"reverse_row_1","2",953,969,2,186
"forward_row_1","1230845445","MF411649.1","1",1139,1124,"29144",2,"reverse_row_1","2",953,969,2,186
"forward_row_1","1230845447","MF411650.1","1",1139,1124,"29144",2,"reverse_row_1","2",953,969,2,186
"forward_row_1","1230845449","MF411651.1","1",1139,1124,"29144",2,"reverse_row_1","2",953,969,2,186
"forward_row_1","1230845451","MF411652.1","1",1139,1124,"29144",2,"reverse_row_1","2",953,969,2,186
"forward_row_1","1230845453","MF411653.1","1",1139,1124,"29144",2,"reverse_row_1","2",953,969,2,186
"forward_row_1","1230845455","MF411654.1","1",1139,1124,"29144",2,"reverse_row_1","2",953,969,2,186
"forward_row_1","1230845457","MF411655.1","1",1139,1124,"29144",2,"reverse_row_1","2",953,969,2,186
"forward_row_1","1230845459","MF411656.1","1",1139,1124,"29144",2,"reverse_row_1","2",953,969,2,186
"forward_row_1","1230845461","MF411657.1","1",1139,1124,"29144",2,"reverse_row_1","2",953,969,2,186
"forward_row_1","1230845463","MF411658.1","1",1139,1124,"29144",2,"reverse_row_1","2",953,969,2,186
"forward_row_1","1230845465","MF411659.1","1",1139,1124,"29144",2,"reverse_row_1","2",953,969,2,186
"forward_row_1","1230845467","MF411660.1","1",1139,1124,"29144",2,"reverse_row_1","2",953,969,2,186
"forward_row_1","1230845469","MF411661.1","1",1139,1124,"29144",2,"reverse_row_1","2",953,969,2,186
"forward_row_1","1230845471","MF411662.1","1",1139,1124,"29144",2,"reverse_row_1","2",953,969,2,186
"forward_row_1","1230845473","MF411663.1","1",1139,1124,"29144",2,"reverse_row_1","2",953,969,2,186
"forward_row_1","1230845475","MF411664.1","1",1139,1124,"29144",2,"reverse_row_1","2",953,969,2,186
"forward_row_1","1230845477","MF411665.1","1",1139,1124,"29144",2,"reverse_row_1","2",953,969,2,186
"forward_row_1","1230845479","MF411666.1","1",1139,1124,"29144",2,"reverse_row_1","2",953,969,2,186
"forward_row_1","1230845481","MF411667.1","1",1139,1124,"29144",2,"reverse_row_1","2",953,969,2,186
"forward_row_1","1230845483","MF411668.1","1",1139,1124,"29144",2,"reverse_row_1","2",953,969,2,186
"forward_row_1","1230845485","MF411669.1","1",1139,1124,"29144",2,"reverse_row_1","2",953,969,2,186
"forward_row_1","1230845487","MF411670.1","1",1139,1124,"29144",2,"reverse_row_1","2",953,969,2,186
"forward_row_1","1230845489","MF411671.1","1",1139,1124,"29144",2,"reverse_row_1","2",953,969,2,186
"forward_row_1","1230845491","MF411672.1","1",1139,1124,"29144",2,"reverse_row_1","2",953,969,2,186
"forward_row_1","1230845493","MF411673.1","1",1139,1124,"29144",2,"reverse_row_1","2",953,969,2,186
"forward_row_1","1230845495","MF411674.1","1",1139,1124,"29144",2,"reverse_row_1","2",953,969,2,186
"forward_row_1","1230845497","MF411675.1","1",1139,1124,"29144",2,"reverse_row_1","2",953,969,2,186
"forward_row_1","1230845499","MF411676.1","1",1139,1124,"29144",2,"reverse_row_1","2",953,969,2,186
"forward_row_1","1230845501","MF411677.1","1",1139,1124,"29144",2,"reverse_row_1","2",953,969,2,186
"forward_row_1","1230845503","MF411678.1","1",1139,1124,"29144",2,"reverse_row_1","2",953,969,2,186
"forward_row_1","1230845505","MF411679.1","1",1139,1124,"29144",2,"reverse_row_1","2",953,969,2,186
"forward_row_1","1230845507","MF411680.1","1",1139,1124,"29144",2,"reverse_row_1","2",953,969,2,186
"forward_row_1","1230845509","MF411681.1","1",1139,1124,"29144",2,"reverse_row_1","2",953,969,2,186
"forward_row_1","1230845511","MF411682.1","1",1139,1124,"29144",2,"reverse_row_1","2",953,969,2,186
"forward_row_1","1230845513","MF411683.1","1",1139,1124,"29144",2,"reverse_row_1","2",953,969,2,186
"forward_row_1","1230845515","MF411684.1","1",1139,1124,"29144",2,"reverse_row_1","2",953,969,2,186
"forward_row_1","1230845517","MF411685.1","1",1139,1124,"29144",2,"reverse_row_1","2",953,969,2,186
"forward_row_1","1230845519","MF411686.1","1",1139,1124,"29144",2,"reverse_row_1","2",953,969,2,186
"forward_row_1","1230845521","MF411687.1","1",1139,1124,"29144",2,"reverse_row_1","2",953,969,2,186
"forward_row_1","1230845523","MF411688.1","1",1139,1124,"29144",2,"reverse_row_1","2",953,969,2,186
"forward_row_1","1230845525","MF411689.1","1",1139,1124,"29144",2,"reverse_row_1","2",953,969,2,186
"forward_row_1","1230845527","MF411690.1","1",1139,1124,"29144",2,"reverse_row_1","2",953,969,2,186
"forward_row_1","1230845529","MF411691.1","1",1139,1124,"29144",2,"reverse_row_1","2",953,969,2,186
"forward_row_1","1230845531","MF411692.1","1",1139,1124,"29144",2,"reverse_row_1","2",953,969,2,186
"forward_row_1","1230845533","MF411693.1","1",1139,1124,"29144",2,"reverse_row_1","2",953,969,2,186
"forward_row_1","1230845535","MF411694.1","1",1139,1124,"29144",2,"reverse_row_1","2",953,969,2,186
"forward_row_1","1230845537","MF411695.1","1",1139,1124,"29144",2,"reverse_row_1","2",953,969,2,186
"forward_row_1","1230845539","MF411696.1","1",1139,1124,"29144",2,"reverse_row_1","2",953,969,2,186
"forward_row_1","1230845541","MF411697.1","1",1139,1124,"29144",2,"reverse_row_1","2",953,969,2,186
"forward_row_1","1230845543","MF411698.1","1",1139,1124,"29144",2,"reverse_row_1","2",953,969,2,186
"forward_row_1","1230845545","MF411699.1","1",1139,1124,"29144",2,"reverse_row_1","2",953,969,2,186
"forward_row_1","1230845547","MF411700.1","1",1139,1124,"29144",2,"reverse_row_1","2",953,969,2,186
"forward_row_1","1230845549","MF411701.1","1",1139,1124,"29144",2,"reverse_row_1","2",953,969,2,186
"forward_row_1","1230845551","MF411702.1","1",1139,1124,"29144",2,"reverse_row_1","2",953,969,2,186
"forward_row_1","1230845553","MF411703.1","1",1139,1124,"29144",2,"reverse_row_1","2",953,969,2,186
"forward_row_1","1230845555","MF411704.1","1",1139,1124,"29144",2,"reverse_row_1","2",953,969,2,186
"forward_row_1","1230845557","MF411705.1","1",1139,1124,"29144",2,"reverse_row_1","2",953,969,2,186
"forward_row_1","1230845559","MF411706.1","1",1139,1124,"29144",2,"reverse_row_1","2",953,969,2,186
"forward_row_1","1230845561","MF411707.1","1",1139,1124,"29144",2,"reverse_row_1","2",953,969,2,186
"forward_row_1","1230845563","MF411708.1","1",1139,1124,"29144",2,"reverse_row_1","2",953,969,2,186
"forward_row_1","1230845565","MF411709.1","1",1139,1124,"29144",2,"reverse_row_1","2",953,969,2,186
"forward_row_1","1230845567","MF411710.1","1",1139,1124,"29144",2,"reverse_row_1","2",953,969,2,186
"forward_row_1","1230845569","MF411711.1","1",1139,1124,"29144",2,"reverse_row_1","2",953,969,2,186
"forward_row_1","1230845571","MF411712.1","1",1139,1124,"29144",2,"reverse_row_1","2",953,969,2,186
"forward_row_1","1230845573","MF411713.1","1",1139,1124,"29144",2,"reverse_row_1","2",953,969,2,186
"forward_row_1","1230845575","MF411714.1","1",1139,1124,"29144",2,"reverse_row_1","2",953,969,2,186
"forward_row_1","1230845577","MF411715.1","1",1139,1124,"29144",2,"reverse_row_1","2",953,969,2,186
"forward_row_1","1230845579","MF411716.1","1",1139,1124,"29144",2,"reverse_row_1","2",953,969,2,186
"forward_row_1","1230845581","MF411717.1","1",1139,1124,"29144",2,"reverse_row_1","2",953,969,2,186
"forward_row_1","1230845583","MF411718.1","1",1139,1124,"29144",2,"reverse_row_1","2",953,969,2,186
"forward_row_1","1230845585","MF411719.1","1",1139,1124,"29144",2,"reverse_row_1","2",953,969,2,186
"forward_row_1","1230845589","MF411721.1","1",1139,1124,"29144",2,"reverse_row_1","2",953,969,2,186
"forward_row_1","1230845591","MF411722.1","1",1139,1124,"29144",2,"reverse_row_1","2",953,969,2,186
"forward_row_1","1230845593","MF411723.1","1",1139,1124,"29144",2,"reverse_row_1","2",953,969,2,186
"forward_row_1","1230845595","MF411724.1","1",1139,1124,"29144",2,"reverse_row_1","2",953,969,2,186
"forward_row_1","1230845597","MF411725.1","1",1139,1124,"29144",2,"reverse_row_1","2",953,969,2,186
"forward_row_1","1230845599","MF411726.1","1",1139,1124,"29144",2,"reverse_row_1","2",953,969,2,186
"forward_row_1","1230845601","MF411727.1","1",1139,1124,"29144",2,"reverse_row_1","2",953,969,2,186
"forward_row_1","1230845603","MF411728.1","1",1139,1124,"29144",2,"reverse_row_1","2",953,969,2,186
"forward_row_1","1230845605","MF411729.1","1",1139,1124,"29144",2,"reverse_row_1","2",953,969,2,186
"forward_row_1","1230845607","MF411730.1","1",1139,1124,"29144",2,"reverse_row_1","2",953,969,2,186
"forward_row_1","1230845609","MF411731.1","1",1139,1124,"29144",2,"reverse_row_1","2",953,969,2,186
"forward_row_1","1230845611","MF411732.1","1",1139,1124,"29144",2,"reverse_row_1","2",953,969,2,186
"forward_row_1","1230845613","MF411733.1","1",1139,1124,"29144",2,"reverse_row_1","2",953,969,2,186
"forward_row_1","1230845615","MF411734.1","1",1139,1124,"29144",2,"reverse_row_1","2",953,969,2,186
"forward_row_1","1230845617","MF411735.1","1",1139,1124,"29144",2,"reverse_row_1","2",953,969,2,186
"forward_row_1","1230845619","MF411736.1","1",1139,1124,"29144",2,"reverse_row_1","2",953,969,2,186
"forward_row_1","1230845621","MF411737.1","1",1139,1124,"29144",2,"reverse_row_1","2",953,969,2,186
"forward_row_1","1230845623","MF411738.1","1",1139,1124,"29144",2,"reverse_row_1","2",953,969,2,186
"forward_row_1","1230845625","MF411739.1","1",1139,1124,"29144",2,"reverse_row_1","2",953,969,2,186
"forward_row_1","1230845627","MF411740.1","1",1139,1124,"29144",2,"reverse_row_1","2",953,969,2,186
"forward_row_1","1230845629","MF411741.1","1",1139,1124,"29144",2,"reverse_row_1","2",953,969,2,186
"forward_row_1","1230845631","MF411742.1","1",1139,1124,"29144",2,"reverse_row_1","2",953,969,2,186
"forward_row_1","1230845633","MF411743.1","1",1139,1124,"29144",2,"reverse_row_1","2",953,969,2,186
"forward_row_1","1230845635","MF411744.1","1",1139,1124,"29144",2,"reverse_row_1","2",953,969,2,186
"forward_row_1","1230845637","MF411745.1","1",1139,1124,"29144",2,"reverse_row_1","2",953,969,2,186
"forward_row_1","1230845639","MF411746.1","1",1139,1124,"29144",2,"reverse_row_1","2",953,969,2,186
"forward_row_1","1230845641","MF411747.1","1",1139,1124,"29144",2,"reverse_row_1","2",953,969,2,186
"forward_row_1","1230845643","MF411748.1","1",1139,1124,"29144",2,"reverse_row_1","2",953,969,2,186
"forward_row_1","1230845645","MF411749.1","1",1139,1124,"29144",2,"reverse_row_1","2",953,969,2,186
"forward_row_1","1230845647","MF411750.1","1",1139,1124,"29144",2,"reverse_row_1","2",953,969,2,186
"forward_row_1","1230845649","MF411751.1","1",1139,1124,"29144",2,"reverse_row_1","2",953,969,2,186
"forward_row_1","1230845651","MF411752.1","1",1139,1124,"29144",2,"reverse_row_1","2",953,969,2,186
"forward_row_1","1230845653","MF411753.1","1",1139,1124,"29144",2,"reverse_row_1","2",953,969,2,186
"forward_row_1","1230845655","MF411754.1","1",1139,1124,"29144",2,"reverse_row_1","2",953,969,2,186
"forward_row_1","1230845657","MF411755.1","1",1139,1124,"29144",2,"reverse_row_1","2",953,969,2,186
"forward_row_1","1230845659","MF411756.1","1",1139,1124,"29144",2,"reverse_row_1","2",953,969,2,186
"forward_row_1","1230845661","MF411757.1","1",1139,1124,"29144",2,"reverse_row_1","2",953,969,2,186
"forward_row_1","1230845663","MF411758.1","1",1139,1124,"29144",2,"reverse_row_1","2",953,969,2,186
"forward_row_1","1230845665","MF411759.1","1",1139,1124,"29144",2,"reverse_row_1","2",953,969,2,186
"forward_row_1","1230845667","MF411760.1","1",1139,1124,"29144",2,"reverse_row_1","2",953,969,2,186
"forward_row_1","1230845669","MF411761.1","1",1139,1124,"29144",2,"reverse_row_1","2",953,969,2,186
"forward_row_1","1230845671","MF411762.1","1",1139,1124,"29144",2,"reverse_row_1","2",953,969,2,186
"forward_row_1","1230845673","MF411763.1","1",1139,1124,"29144",2,"reverse_row_1","2",953,969,2,186
"forward_row_1","1230845675","MF411764.1","1",1139,1124,"29144",2,"reverse_row_1","2",953,969,2,186
"forward_row_1","1230845677","MF411765.1","1",1139,1124,"29144",2,"reverse_row_1","2",953,969,2,186
"forward_row_1","1230845679","MF411766.1","1",1139,1124,"29144",2,"reverse_row_1","2",953,969,2,186
"forward_row_1","1230845681","MF411767.1","1",1139,1124,"29144",2,"reverse_row_1","2",953,969,2,186
"forward_row_1","1230845683","MF411768.1","1",1139,1124,"29144",2,"reverse_row_1","2",953,969,2,186
"forward_row_1","1230845685","MF411769.1","1",1139,1124,"29144",2,"reverse_row_1","2",953,969,2,186
"forward_row_1","1230845687","MF411770.1","1",1139,1124,"29144",2,"reverse_row_1","2",953,969,2,186
"forward_row_1","1230845689","MF411771.1","1",1139,1124,"29144",2,"reverse_row_1","2",953,969,2,186
"forward_row_1","1230845691","MF411772.1","1",1139,1124,"29144",2,"reverse_row_1","2",953,969,2,186
"forward_row_1","1230845693","MF411773.1","1",1139,1124,"29144",2,"reverse_row_1","2",953,969,2,186
"forward_row_1","1230845695","MF411774.1","1",1139,1124,"29144",2,"reverse_row_1","2",953,969,2,186
"forward_row_1","1230845697","MF411775.1","1",1139,1124,"29144",2,"reverse_row_1","2",953,969,2,186
"forward_row_1","1230845699","MF411776.1","1",1139,1124,"29144",2,"reverse_row_1","2",953,969,2,186
"forward_row_1","1230845701","MF411777.1","1",1139,1124,"29144",2,"reverse_row_1","2",953,969,2,186
"forward_row_1","1230845703","MF411778.1","1",1139,1124,"29144",2,"reverse_row_1","2",953,969,2,186
"forward_row_1","1230845705","MF411779.1","1",1139,1124,"29144",2,"reverse_row_1","2",953,969,2,186
"forward_row_1","1230845707","MF411780.1","1",1139,1124,"29144",2,"reverse_row_1","2",953,969,2,186
"forward_row_1","1230845709","MF411781.1","1",1139,1124,"29144",2,"reverse_row_1","2",953,969,2,186
"forward_row_1","1230845711","MF411782.1","1",1139,1124,"29144",2,"reverse_row_1","2",953,969,2,186
"forward_row_1","1230845713","MF411783.1","1",1139,1124,"29144",2,"reverse_row_1","2",953,969,2,186
"forward_row_1","1230845715","MF411784.1","1",1139,1124,"29144",2,"reverse_row_1","2",953,969,2,186
"forward_row_1","1230845717","MF411785.1","1",1139,1124,"29144",2,"reverse_row_1","2",953,969,2,186
"forward_row_1","1230845719","MF411786.1","1",1139,1124,"29144",2,"reverse_row_1","2",953,969,2,186
"forward_row_1","1230845721","MF411787.1","1",1139,1124,"29144",2,"reverse_row_1","2",953,969,2,186
"forward_row_1","1230845723","MF411788.1","1",1139,1124,"29144",2,"reverse_row_1","2",953,969,2,186
"forward_row_1","1230845725","MF411789.1","1",1139,1124,"29144",2,"reverse_row_1","2",953,969,2,186
"forward_row_1","1230845727","MF411790.1","1",1139,1124,"29144",2,"reverse_row_1","2",953,969,2,186
"forward_row_1","1230845729","MF411791.1","1",1139,1124,"29144",2,"reverse_row_1","2",953,969,2,186
"forward_row_1","1230845731","MF411792.1","1",1139,1124,"29144",2,"reverse_row_1","2",953,969,2,186
"forward_row_1","1230845733","MF411793.1","1",1139,1124,"29144",2,"reverse_row_1","2",953,969,2,186
"forward_row_1","1230845735","MF411794.1","1",1139,1124,"29144",2,"reverse_row_1","2",953,969,2,186
"forward_row_1","1230845737","MF411795.1","1",1139,1124,"29144",2,"reverse_row_1","2",953,969,2,186
"forward_row_1","1230845739","MF411796.1","1",1139,1124,"29144",2,"reverse_row_1","2",953,969,2,186
"forward_row_1","1230845741","MF411797.1","1",1139,1124,"29144",2,"reverse_row_1","2",953,969,2,186
"forward_row_1","1230845743","MF411798.1","1",1139,1124,"29144",2,"reverse_row_1","2",953,969,2,186
"forward_row_1","1230845745","MF411799.1","1",1139,1124,"29144",2,"reverse_row_1","2",953,969,2,186
"forward_row_1","1230845747","MF411800.1","1",1139,1124,"29144",2,"reverse_row_1","2",953,969,2,186
"forward_row_1","1230845749","MF411801.1","1",1139,1124,"29144",2,"reverse_row_1","2",953,969,2,186
"forward_row_1","1230845751","MF411802.1","1",1139,1124,"29144",2,"reverse_row_1","2",953,969,2,186
"forward_row_1","1230845753","MF411803.1","1",1139,1124,"29144",2,"reverse_row_1","2",953,969,2,186
"forward_row_1","1230845755","MF411804.1","1",1139,1124,"29144",2,"reverse_row_1","2",953,969,2,186
"forward_row_1","1230845757","MF411805.1","1",1139,1124,"29144",2,"reverse_row_1","2",953,969,2,186
"forward_row_1","1230845759","MF411806.1","1",1139,1124,"29144",2,"reverse_row_1","2",953,969,2,186
"forward_row_1","1230845761","MF411807.1","1",1139,1124,"29144",2,"reverse_row_1","2",953,969,2,186
"forward_row_1","1230845763","MF411808.1","1",1139,1124,"29144",2,"reverse_row_1","2",953,969,2,186
"forward_row_1","1230845765","MF411809.1","1",1139,1124,"29144",2,"reverse_row_1","2",953,969,2,186
"forward_row_1","1230845767","MF411810.1","1",1139,1124,"29144",2,"reverse_row_1","2",953,969,2,186
"forward_row_1","1230845769","MF411811.1","1",1139,1124,"29144",2,"reverse_row_1","2",953,969,2,186
"forward_row_1","1230845771","MF411812.1","1",1139,1124,"29144",2,"reverse_row_1","2",953,969,2,186
"forward_row_1","1230845773","MF411813.1","1",1139,1124,"29144",2,"reverse_row_1","2",953,969,2,186
"forward_row_1","1230845775","MF411814.1","1",1139,1124,"29144",2,"reverse_row_1","2",953,969,2,186
"forward_row_1","1230845777","MF411815.1","1",1139,1124,"29144",2,"reverse_row_1","2",953,969,2,186
"forward_row_1","1230845779","MF411816.1","1",1139,1124,"29144",2,"reverse_row_1","2",953,969,2,186
"forward_row_1","1230845781","MF411817.1","1",1139,1124,"29144",2,"reverse_row_1","2",953,969,2,186
"forward_row_1","1230845783","MF411818.1","1",1139,1124,"29144",2,"reverse_row_1","2",953,969,2,186
"forward_row_1","1230845785","MF411819.1","1",1139,1124,"29144",2,"reverse_row_1","2",953,969,2,186
"forward_row_1","1230845787","MF411820.1","1",1139,1124,"29144",2,"reverse_row_1","2",953,969,2,186
"forward_row_1","1230845789","MF411821.1","1",1139,1124,"29144",2,"reverse_row_1","2",953,969,2,186
"forward_row_1","1230845791","MF411822.1","1",1139,1124,"29144",2,"reverse_row_1","2",953,969,2,186
"forward_row_1","1230845793","MF411823.1","1",1139,1124,"29144",2,"reverse_row_1","2",953,969,2,186
"forward_row_1","1230845795","MF411824.1","1",1139,1124,"29144",2,"reverse_row_1","2",953,969,2,186
"forward_row_1","1230845797","MF411825.1","1",1139,1124,"29144",2,"reverse_row_1","2",953,969,2,186
"forward_row_1","1230845799","MF411826.1","1",1139,1124,"29144",2,"reverse_row_1","2",953,969,2,186
"forward_row_1","1230845801","MF411827.1","1",1139,1124,"29144",2,"reverse_row_1","2",953,969,2,186
"forward_row_1","1230845803","MF411828.1","1",1139,1124,"29144",2,"reverse_row_1","2",953,969,2,186
"forward_row_1","1230845805","MF411829.1","1",1139,1124,"29144",2,"reverse_row_1","2",953,969,2,186
"forward_row_1","1230845807","MF411830.1","1",1139,1124,"29144",2,"reverse_row_1","2",953,969,2,186
"forward_row_1","1230845809","MF411831.1","1",1139,1124,"29144",2,"reverse_row_1","2",953,969,2,186
"forward_row_1","1230845811","MF411832.1","1",1139,1124,"29144",2,"reverse_row_1","2",953,969,2,186
"forward_row_1","1230845813","MF411833.1","1",1139,1124,"29144",2,"reverse_row_1","2",953,969,2,186
"forward_row_1","1230845815","MF411834.1","1",1139,1124,"29144",2,"reverse_row_1","2",953,969,2,186
"forward_row_1","1230845817","MF411835.1","1",1139,1124,"29144",2,"reverse_row_1","2",953,969,2,186
"forward_row_1","1230845819","MF411836.1","1",1139,1124,"29144",2,"reverse_row_1","2",953,969,2,186
"forward_row_1","1230845821","MF411837.1","1",1139,1124,"29144",2,"reverse_row_1","2",953,969,2,186
"forward_row_1","1230845823","MF411838.1","1",1139,1124,"29144",2,"reverse_row_1","2",953,969,2,186
"forward_row_1","1230845825","MF411839.1","1",1139,1124,"29144",2,"reverse_row_1","2",953,969,2,186
"forward_row_1","1230845827","MF411840.1","1",1139,1124,"29144",2,"reverse_row_1","2",953,969,2,186
"forward_row_1","1230845829","MF411841.1","1",1139,1124,"29144",2,"reverse_row_1","2",953,969,2,186
"forward_row_1","1230845831","MF411842.1","1",1139,1124,"29144",2,"reverse_row_1","2",953,969,2,186
"forward_row_1","1230845833","MF411843.1","1",1139,1124,"29144",2,"reverse_row_1","2",953,969,2,186
"forward_row_1","1230845835","MF411844.1","1",1139,1124,"29144",2,"reverse_row_1","2",953,969,2,186
"forward_row_1","1230845837","MF411845.1","1",1139,1124,"29144",2,"reverse_row_1","2",953,969,2,186
"forward_row_1","1230845839","MF411846.1","1",1139,1124,"29144",2,"reverse_row_1","2",953,969,2,186
"forward_row_1","1230845841","MF411847.1","1",1139,1124,"29144",2,"reverse_row_1","2",953,969,2,186
"forward_row_1","1230845843","MF411848.1","1",1139,1124,"29144",2,"reverse_row_1","2",953,969,2,186
"forward_row_1","1230845845","MF411849.1","1",1139,1124,"29144",2,"reverse_row_1","2",953,969,2,186
"forward_row_1","1230845847","MF411850.1","1",1139,1124,"29144",2,"reverse_row_1","2",953,969,2,186
"forward_row_1","1230845849","MF411851.1","1",1139,1124,"29144",2,"reverse_row_1","2",953,969,2,186
"forward_row_1","1230845851","MF411852.1","1",1139,1124,"29144",2,"reverse_row_1","2",953,969,2,186
"forward_row_1","1230845853","MF411853.1","1",1139,1124,"29144",2,"reverse_row_1","2",953,969,2,186
"forward_row_1","1230845855","MF411854.1","1",1139,1124,"29144",2,"reverse_row_1","2",953,969,2,186
"forward_row_1","1230845857","MF411855.1","1",1139,1124,"29144",2,"reverse_row_1","2",953,969,2,186
"forward_row_1","1230845859","MF411856.1","1",1139,1124,"29144",2,"reverse_row_1","2",953,969,2,186
"forward_row_1","1230845861","MF411857.1","1",1139,1124,"29144",2,"reverse_row_1","2",953,969,2,186
"forward_row_1","1230845863","MF411858.1","1",1139,1124,"29144",2,"reverse_row_1","2",953,969,2,186
"forward_row_1","1230845865","MF411859.1","1",1139,1124,"29144",2,"reverse_row_1","2",953,969,2,186
"forward_row_1","1230845867","MF411860.1","1",1139,1124,"29144",2,"reverse_row_1","2",953,969,2,186
"forward_row_1","1230845869","MF411861.1","1",1139,1124,"29144",2,"reverse_row_1","2",953,969,2,186
"forward_row_1","1230845871","MF411862.1","1",1139,1124,"29144",2,"reverse_row_1","2",953,969,2,186
"forward_row_1","1230845873","MF411863.1","1",1139,1124,"29144",2,"reverse_row_1","2",953,969,2,186
"forward_row_1","1230845875","MF411864.1","1",1139,1124,"29144",2,"reverse_row_1","2",953,969,2,186
"forward_row_1","1230845877","MF411865.1","1",1139,1124,"29144",2,"reverse_row_1","2",953,969,2,186
"forward_row_1","1230845879","MF411866.1","1",1139,1124,"29144",2,"reverse_row_1","2",953,969,2,186
"forward_row_1","1230845881","MF411867.1","1",1139,1124,"29144",2,"reverse_row_1","2",953,969,2,186
"forward_row_1","1230845883","MF411868.1","1",1139,1124,"29144",2,"reverse_row_1","2",953,969,2,186
"forward_row_1","1230845885","MF411869.1","1",1139,1124,"29144",2,"reverse_row_1","2",953,969,2,186
"forward_row_1","1230845887","MF411870.1","1",1139,1124,"29144",2,"reverse_row_1","2",953,969,2,186
"forward_row_1","1230845889","MF411871.1","1",1139,1124,"29144",2,"reverse_row_1","2",953,969,2,186
"forward_row_1","1230845891","MF411872.1","1",1139,1124,"29144",2,"reverse_row_1","2",953,969,2,186
"forward_row_1","1230845893","MF411873.1","1",1139,1124,"29144",2,"reverse_row_1","2",953,969,2,186
"forward_row_1","1230845895","MF411874.1","1",1139,1124,"29144",2,"reverse_row_1","2",953,969,2,186
"forward_row_1","1230845897","MF411875.1","1",1139,1124,"29144",2,"reverse_row_1","2",953,969,2,186
"forward_row_1","1230845899","MF411876.1","1",1139,1124,"29144",2,"reverse_row_1","2",953,969,2,186
"forward_row_1","1230845901","MF411877.1","1",1139,1124,"29144",2,"reverse_row_1","2",953,969,2,186
"forward_row_1","1230845903","MF411878.1","1",1139,1124,"29144",2,"reverse_row_1","2",953,969,2,186
"forward_row_1","1230845905","MF411879.1","1",1139,1124,"29144",2,"reverse_row_1","2",953,969,2,186
"forward_row_1","1230845907","MF411880.1","1",1139,1124,"29144",2,"reverse_row_1","2",953,969,2,186
"forward_row_1","1230845909","MF411881.1","1",1139,1124,"29144",2,"reverse_row_1","2",953,969,2,186
"forward_row_1","1230845911","MF411882.1","1",1139,1124,"29144",2,"reverse_row_1","2",953,969,2,186
"forward_row_1","1230845913","MF411883.1","1",1139,1124,"29144",2,"reverse_row_1","2",953,969,2,186
"forward_row_1","1230845915","MF411884.1","1",1139,1124,"29144",2,"reverse_row_1","2",953,969,2,186
"forward_row_1","1230845917","MF411885.1","1",1139,1124,"29144",2,"reverse_row_1","2",953,969,2,186
"forward_row_1","1230845919","MF411886.1","1",1139,1124,"29144",2,"reverse_row_1","2",953,969,2,186
"forward_row_1","1230845921","MF411887.1","1",1139,1124,"29144",2,"reverse_row_1","2",953,969,2,186
"forward_row_1","1230845923","MF411888.1","1",1139,1124,"29144",2,"reverse_row_1","2",953,969,2,186
"forward_row_1","1230845925","MF411889.1","1",1139,1124,"29144",2,"reverse_row_1","2",953,969,2,186
"forward_row_1","1230845927","MF411890.1","1",1139,1124,"29144",2,"reverse_row_1","2",953,969,2,186
"forward_row_1","1230845929","MF411891.1","1",1139,1124,"29144",2,"reverse_row_1","2",953,969,2,186
"forward_row_1","1230845931","MF411892.1","1",1139,1124,"29144",2,"reverse_row_1","2",953,969,2,186
"forward_row_1","1230845933","MF411893.1","1",1139,1124,"29144",2,"reverse_row_1","2",953,969,2,186
"forward_row_1","1230845935","MF411894.1","1",1139,1124,"29144",2,"reverse_row_1","2",953,969,2,186
"forward_row_1","1230845937","MF411895.1","1",1139,1124,"29144",2,"reverse_row_1","2",953,969,2,186
"forward_row_1","1230845939","MF411896.1","1",1139,1124,"29144",2,"reverse_row_1","2",953,969,2,186
"forward_row_1","1230845941","MF411897.1","1",1139,1124,"29144",2,"reverse_row_1","2",953,969,2,186
"forward_row_1","1230845943","MF411898.1","1",1139,1124,"29144",2,"reverse_row_1","2",953,969,2,186
"forward_row_1","1230845945","MF411899.1","1",1139,1124,"29144",2,"reverse_row_1","2",953,969,2,186
"forward_row_1","1230845947","MF411900.1","1",1139,1124,"29144",2,"reverse_row_1","2",953,969,2,186
"forward_row_1","1230845949","MF411901.1","1",1139,1124,"29144",2,"reverse_row_1","2",953,969,2,186
"forward_row_1","1230845951","MF411902.1","1",1139,1124,"29144",2,"reverse_row_1","2",953,969,2,186
"forward_row_1","1230845953","MF411903.1","1",1139,1124,"29144",2,"reverse_row_1","2",953,969,2,186
"forward_row_1","1230845955","MF411904.1","1",1139,1124,"29144",2,"reverse_row_1","2",953,969,2,186
"forward_row_1","1230845957","MF411905.1","1",1139,1124,"29144",2,"reverse_row_1","2",953,969,2,186
"forward_row_1","1230845959","MF411906.1","1",1139,1124,"29144",2,"reverse_row_1","2",953,969,2,186
"forward_row_1","1230845961","MF411907.1","1",1139,1124,"29144",2,"reverse_row_1","2",953,969,2,186
"forward_row_1","1230845963","MF411908.1","1",1139,1124,"29144",2,"reverse_row_1","2",953,969,2,186
"forward_row_1","1230845965","MF411909.1","1",1139,1124,"29144",2,"reverse_row_1","2",953,969,2,186
"forward_row_1","1230845967","MF411910.1","1",1139,1124,"29144",2,"reverse_row_1","2",953,969,2,186
"forward_row_1","1230845969","MF411911.1","1",1139,1124,"29144",2,"reverse_row_1","2",953,969,2,186
"forward_row_1","1230845971","MF411912.1","1",1139,1124,"29144",2,"reverse_row_1","2",953,969,2,186
"forward_row_1","1230845973","MF411913.1","1",1139,1124,"29144",2,"reverse_row_1","2",953,969,2,186
"forward_row_1","1230845975","MF411914.1","1",1139,1124,"29144",2,"reverse_row_1","2",953,969,2,186
"forward_row_1","1230845977","MF411915.1","1",1139,1124,"29144",2,"reverse_row_1","2",953,969,2,186
"forward_row_1","1230845979","MF411916.1","1",1139,1124,"29144",2,"reverse_row_1","2",953,969,2,186
"forward_row_1","1230845981","MF411917.1","1",1139,1124,"29144",2,"reverse_row_1","2",953,969,2,186
"forward_row_1","1230845983","MF411918.1","1",1139,1124,"29144",2,"reverse_row_1","2",953,969,2,186
"forward_row_1","1230845985","MF411919.1","1",1139,1124,"29144",2,"reverse_row_1","2",953,969,2,186
"forward_row_1","1230845987","MF411920.1","1",1139,1124,"29144",2,"reverse_row_1","2",953,969,2,186
"forward_row_1","1230845989","MF411921.1","1",1139,1124,"29144",2,"reverse_row_1","2",953,969,2,186
"forward_row_1","1230845991","MF411922.1","1",1139,1124,"29144",2,"reverse_row_1","2",953,969,2,186
"forward_row_1","1230845993","MF411923.1","1",1139,1124,"29144",2,"reverse_row_1","2",953,969,2,186
"forward_row_1","1230845995","MF411924.1","1",1139,1124,"29144",2,"reverse_row_1","2",953,969,2,186
"forward_row_1","1230845997","MF411925.1","1",1139,1124,"29144",2,"reverse_row_1","2",953,969,2,186
"forward_row_1","1230845999","MF411926.1","1",1139,1124,"29144",2,"reverse_row_1","2",953,969,2,186
"forward_row_1","1230846001","MF411927.1","1",1139,1124,"29144",2,"reverse_row_1","2",953,969,2,186
"forward_row_1","1230846003","MF411928.1","1",1139,1124,"29144",2,"reverse_row_1","2",953,969,2,186
"forward_row_1","1230846005","MF411929.1","1",1139,1124,"29144",2,"reverse_row_1","2",953,969,2,186
"forward_row_1","1230846007","MF411930.1","1",1139,1124,"29144",2,"reverse_row_1","2",953,969,2,186
"forward_row_1","1230846009","MF411931.1","1",1139,1124,"29144",2,"reverse_row_1","2",953,969,2,186
"forward_row_1","1230846011","MF411932.1","1",1139,1124,"29144",2,"reverse_row_1","2",953,969,2,186
"forward_row_1","1230846013","MF411933.1","1",1139,1124,"29144",2,"reverse_row_1","2",953,969,2,186
"forward_row_1","1230846015","MF411934.1","1",1139,1124,"29144",2,"reverse_row_1","2",953,969,2,186
"forward_row_1","1230846017","MF411935.1","1",1139,1124,"29144",2,"reverse_row_1","2",953,969,2,186
"forward_row_1","1230846019","MF411936.1","1",1139,1124,"29144",2,"reverse_row_1","2",953,969,2,186
"forward_row_1","1230846021","MF411937.1","1",1139,1124,"29144",2,"reverse_row_1","2",953,969,2,186
"forward_row_1","1230846023","MF411938.1","1",1139,1124,"29144",2,"reverse_row_1","2",953,969,2,186
"forward_row_1","1230846025","MF411939.1","1",1139,1124,"29144",2,"reverse_row_1","2",953,969,2,186
"forward_row_1","1230846027","MF411940.1","1",1139,1124,"29144",2,"reverse_row_1","2",953,969,2,186
"forward_row_1","1230846029","MF411941.1","1",1139,1124,"29144",2,"reverse_row_1","2",953,969,2,186
"forward_row_1","1230846031","MF411942.1","1",1139,1124,"29144",2,"reverse_row_1","2",953,969,2,186
"forward_row_1","1230846033","MF411943.1","1",1139,1124,"29144",2,"reverse_row_1","2",953,969,2,186
"forward_row_1","1230846035","MF411944.1","1",1139,1124,"29144",2,"reverse_row_1","2",953,969,2,186
"forward_row_1","1230846037","MF411945.1","1",1139,1124,"29144",2,"reverse_row_1","2",953,969,2,186
"forward_row_1","1230846039","MF411946.1","1",1139,1124,"29144",2,"reverse_row_1","2",953,969,2,186
"forward_row_1","1230846041","MF411947.1","1",1139,1124,"29144",2,"reverse_row_1","2",953,969,2,186
"forward_row_1","1230846043","MF411948.1","1",1139,1124,"29144",2,"reverse_row_1","2",953,969,2,186
"forward_row_1","1230846045","MF411949.1","1",1139,1124,"29144",2,"reverse_row_1","2",953,969,2,186
"forward_row_1","1230846047","MF411950.1","1",1139,1124,"29144",2,"reverse_row_1","2",953,969,2,186
"forward_row_1","1230846049","MF411951.1","1",1139,1124,"29144",2,"reverse_row_1","2",953,969,2,186
"forward_row_1","1230846051","MF411952.1","1",1139,1124,"29144",2,"reverse_row_1","2",953,969,2,186
"forward_row_1","1230846053","MF411953.1","1",1139,1124,"29144",2,"reverse_row_1","2",953,969,2,186
"forward_row_1","1230846055","MF411954.1","1",1139,1124,"29144",2,"reverse_row_1","2",953,969,2,186
"forward_row_1","1230846057","MF411955.1","1",1139,1124,"29144",2,"reverse_row_1","2",953,969,2,186
"forward_row_1","1230846059","MF411956.1","1",1139,1124,"29144",2,"reverse_row_1","2",953,969,2,186
"forward_row_1","1230846061","MF411957.1","1",1139,1124,"29144",2,"reverse_row_1","2",953,969,2,186
"forward_row_1","1230846063","MF411958.1","1",1139,1124,"29144",2,"reverse_row_1","2",953,969,2,186
"forward_row_1","1230846065","MF411959.1","1",1139,1124,"29144",2,"reverse_row_1","2",953,969,2,186
"forward_row_1","1230846067","MF411960.1","1",1139,1124,"29144",2,"reverse_row_1","2",953,969,2,186
"forward_row_1","1230846069","MF411961.1","1",1139,1124,"29144",2,"reverse_row_1","2",953,969,2,186
"forward_row_1","1230846071","MF411962.1","1",1139,1124,"29144",2,"reverse_row_1","2",953,969,2,186
"forward_row_1","1230846073","MF411963.1","1",1139,1124,"29144",2,"reverse_row_1","2",953,969,2,186
"forward_row_1","1230846075","MF411964.1","1",1139,1124,"29144",2,"reverse_row_1","2",953,969,2,186
"forward_row_1","1230846077","MF411965.1","1",1139,1124,"29144",2,"reverse_row_1","2",953,969,2,186
"forward_row_1","1230846079","MF411966.1","1",1139,1124,"29144",2,"reverse_row_1","2",953,969,2,186
"forward_row_1","1230846081","MF411967.1","1",1139,1124,"29144",2,"reverse_row_1","2",953,969,2,186
"forward_row_1","1230846083","MF411968.1","1",1139,1124,"29144",2,"reverse_row_1","2",953,969,2,186
"forward_row_1","1230846085","MF411969.1","1",1139,1124,"29144",2,"reverse_row_1","2",953,969,2,186
"forward_row_1","1230846087","MF411970.1","1",1139,1124,"29144",2,"reverse_row_1","2",953,969,2,186
"forward_row_1","1230846089","MF411971.1","1",1139,1124,"29144",2,"reverse_row_1","2",953,969,2,186
"forward_row_1","1230846091","MF411972.1","1",1139,1124,"29144",2,"reverse_row_1","2",953,969,2,186
"forward_row_1","1230846093","MF411973.1","1",1139,1124,"29144",2,"reverse_row_1","2",953,969,2,186
"forward_row_1","1230846095","MF411974.1","1",1139,1124,"29144",2,"reverse_row_1","2",953,969,2,186
"forward_row_1","1230846097","MF411975.1","1",1139,1124,"29144",2,"reverse_row_1","2",953,969,2,186
"forward_row_1","1230846099","MF411976.1","1",1139,1124,"29144",2,"reverse_row_1","2",953,969,2,186
"forward_row_1","1230846101","MF411977.1","1",1139,1124,"29144",2,"reverse_row_1","2",953,969,2,186
"forward_row_1","1230846103","MF411978.1","1",1139,1124,"29144",2,"reverse_row_1","2",953,969,2,186
"forward_row_1","1230846105","MF411979.1","1",1139,1124,"29144",2,"reverse_row_1","2",953,969,2,186
"forward_row_1","1230846107","MF411980.1","1",1139,1124,"29144",2,"reverse_row_1","2",953,969,2,186
"forward_row_1","1230846109","MF411981.1","1",1139,1124,"29144",2,"reverse_row_1","2",953,969,2,186
"forward_row_1","1230846111","MF411982.1","1",1139,1124,"29144",2,"reverse_row_1","2",953,969,2,186
"forward_row_1","1230846113","MF411983.1","1",1139,1124,"29144",2,"reverse_row_1","2",953,969,2,186
"forward_row_1","1230846115","MF411984.1","1",1139,1124,"29144",2,"reverse_row_1","2",953,969,2,186
"forward_row_1","1230846117","MF411985.1","1",1139,1124,"29144",2,"reverse_row_1","2",953,969,2,186
"forward_row_1","1230846119","MF411986.1","1",1139,1124,"29144",2,"reverse_row_1","2",953,969,2,186
"forward_row_1","1230846121","MF411987.1","1",1139,1124,"29144",2,"reverse_row_1","2",953,969,2,186
"forward_row_1","1230846123","MF411988.1","1",1139,1124,"29144",2,"reverse_row_1","2",953,969,2,186
"forward_row_1","1230846125","MF411989.1","1",1139,1124,"29144",2,"reverse_row_1","2",953,969,2,186
"forward_row_1","1230846127","MF411990.1","1",1139,1124,"29144",2,"reverse_row_1","2",953,969,2,186
"forward_row_1","1230846129","MF411991.1","1",1139,1124,"29144",2,"reverse_row_1","2",953,969,2,186
"forward_row_1","1230846131","MF411992.1","1",1139,1124,"29144",2,"reverse_row_1","2",953,969,2,186
"forward_row_1","1230846133","MF411993.1","1",1139,1124,"29144",2,"reverse_row_1","2",953,969,2,186
"forward_row_1","1230846135","MF411994.1","1",1139,1124,"29144",2,"reverse_row_1","2",953,969,2,186
"forward_row_1","1230846137","MF411995.1","1",1139,1124,"29144",2,"reverse_row_1","2",953,969,2,186
"forward_row_1","1230846139","MF411996.1","1",1139,1124,"29144",2,"reverse_row_1","2",953,969,2,186
"forward_row_1","1230846141","MF411997.1","1",1139,1124,"29144",2,"reverse_row_1","2",953,969,2,186
"forward_row_1","1230846143","MF411998.1","1",1139,1124,"29144",2,"reverse_row_1","2",953,969,2,186
"forward_row_1","1230846145","MF411999.1","1",1139,1124,"29144",2,"reverse_row_1","2",953,969,2,186
"forward_row_1","1230846147","MF412000.1","1",1139,1124,"29144",2,"reverse_row_1","2",953,969,2,186
"forward_row_1","1230846149","MF412001.1","1",1139,1124,"29144",2,"reverse_row_1","2",953,969,2,186
"forward_row_1","1230846151","MF412002.1","1",1139,1124,"29144",2,"reverse_row_1","2",953,969,2,186
"forward_row_1","1230846153","MF412003.1","1",1139,1124,"29144",2,"reverse_row_1","2",953,969,2,186
"forward_row_1","1230846155","MF412004.1","1",1139,1124,"29144",2,"reverse_row_1","2",953,969,2,186
"forward_row_1","1230846157","MF412005.1","1",1139,1124,"29144",2,"reverse_row_1","2",953,969,2,186
"forward_row_1","1230846159","MF412006.1","1",1139,1124,"29144",2,"reverse_row_1","2",953,969,2,186
"forward_row_1","1230846161","MF412007.1","1",1139,1124,"29144",2,"reverse_row_1","2",953,969,2,186
"forward_row_1","1230846163","MF412008.1","1",1139,1124,"29144",2,"reverse_row_1","2",953,969,2,186
"forward_row_1","1230846165","MF412009.1","1",1139,1124,"29144",2,"reverse_row_1","2",953,969,2,186
"forward_row_1","1230846167","MF412010.1","1",1139,1124,"29144",2,"reverse_row_1","2",953,969,2,186
"forward_row_1","1230846169","MF412011.1","1",1139,1124,"29144",2,"reverse_row_1","2",953,969,2,186
"forward_row_1","1230846171","MF412012.1","1",1139,1124,"29144",2,"reverse_row_1","2",953,969,2,186
"forward_row_1","1230846173","MF412013.1","1",1139,1124,"29144",2,"reverse_row_1","2",953,969,2,186
"forward_row_1","1230846175","MF412014.1","1",1139,1124,"29144",2,"reverse_row_1","2",953,969,2,186
"forward_row_1","1230846177","MF412015.1","1",1139,1124,"29144",2,"reverse_row_1","2",953,969,2,186
"forward_row_1","1230846179","MF412016.1","1",1139,1124,"29144",2,"reverse_row_1","2",953,969,2,186
"forward_row_1","1230846181","MF412017.1","1",1139,1124,"29144",2,"reverse_row_1","2",953,969,2,186
"forward_row_1","1230846183","MF412018.1","1",1139,1124,"29144",2,"reverse_row_1","2",953,969,2,186
"forward_row_1","1230846185","MF412019.1","1",1139,1124,"29144",2,"reverse_row_1","2",953,969,2,186
"forward_row_1","1230846187","MF412020.1","1",1139,1124,"29144",2,"reverse_row_1","2",953,969,2,186
"forward_row_1","1230846189","MF412021.1","1",1139,1124,"29144",2,"reverse_row_1","2",953,969,2,186
"forward_row_1","1230846191","MF412022.1","1",1139,1124,"29144",2,"reverse_row_1","2",953,969,2,186
"forward_row_1","1230846193","MF412023.1","1",1139,1124,"29144",2,"reverse_row_1","2",953,969,2,186
"forward_row_1","1230846195","MF412024.1","1",1139,1124,"29144",2,"reverse_row_1","2",953,969,2,186
"forward_row_1","1230846197","MF412025.1","1",1139,1124,"29144",2,"reverse_row_1","2",953,969,2,186
"forward_row_1","1230846199","MF412026.1","1",1139,1124,"29144",2,"reverse_row_1","2",953,969,2,186
"forward_row_1","1230846201","MF412027.1","1",1139,1124,"29144",2,"reverse_row_1","2",953,969,2,186
"forward_row_1","1230846203","MF412028.1","1",1139,1124,"29144",2,"reverse_row_1","2",953,969,2,186
"forward_row_1","1230846205","MF412029.1","1",1139,1124,"29144",2,"reverse_row_1","2",953,969,2,186
"forward_row_1","1230846207","MF412030.1","1",1139,1124,"29144",2,"reverse_row_1","2",953,969,2,186
"forward_row_1","1230846209","MF412031.1","1",1139,1124,"29144",2,"reverse_row_1","2",953,969,2,186
"forward_row_1","1230846211","MF412032.1","1",1139,1124,"29144",2,"reverse_row_1","2",953,969,2,186
"forward_row_1","1230846213","MF412033.1","1",1139,1124,"29144",2,"reverse_row_1","2",953,969,2,186
"forward_row_1","1230846215","MF412034.1","1",1139,1124,"29144",2,"reverse_row_1","2",953,969,2,186
"forward_row_1","1230846217","MF412035.1","1",1139,1124,"29144",2,"reverse_row_1","2",953,969,2,186
"forward_row_1","1230846219","MF412036.1","1",1139,1124,"29144",2,"reverse_row_1","2",953,969,2,186
"forward_row_1","1230846221","MF412037.1","1",1139,1124,"29144",2,"reverse_row_1","2",953,969,2,186
"forward_row_1","1230846223","MF412038.1","1",1139,1124,"29144",2,"reverse_row_1","2",953,969,2,186
"forward_row_1","1230846225","MF412039.1","1",1139,1124,"29144",2,"reverse_row_1","2",953,969,2,186
"forward_row_1","1230846227","MF412040.1","1",1139,1124,"29144",2,"reverse_row_1","2",953,969,2,186
"forward_row_1","1230846229","MF412041.1","1",1139,1124,"29144",2,"reverse_row_1","2",953,969,2,186
"forward_row_1","1230846231","MF412042.1","1",1139,1124,"29144",2,"reverse_row_1","2",953,969,2,186
"forward_row_1","1230846233","MF412043.1","1",1139,1124,"29144",2,"reverse_row_1","2",953,969,2,186
"forward_row_1","1230846235","MF412044.1","1",1139,1124,"29144",2,"reverse_row_1","2",953,969,2,186
"forward_row_1","1230846237","MF412045.1","1",1139,1124,"29144",2,"reverse_row_1","2",953,969,2,186
"forward_row_1","1230846239","MF412046.1","1",1139,1124,"29144",2,"reverse_row_1","2",953,969,2,186
"forward_row_1","1230846241","MF412047.1","1",1139,1124,"29144",2,"reverse_row_1","2",953,969,2,186
"forward_row_1","1230846243","MF412048.1","1",1139,1124,"29144",2,"reverse_row_1","2",953,969,2,186
"forward_row_1","1230846245","MF412049.1","1",1139,1124,"29144",2,"reverse_row_1","2",953,969,2,186
"forward_row_1","1230846247","MF412050.1","1",1139,1124,"29144",2,"reverse_row_1","2",953,969,2,186
"forward_row_1","1230846249","MF412051.1","1",1139,1124,"29144",2,"reverse_row_1","2",953,969,2,186
"forward_row_1","1230846251","MF412052.1","1",1139,1124,"29144",2,"reverse_row_1","2",953,969,2,186
"forward_row_1","1230846253","MF412053.1","1",1139,1124,"29144",2,"reverse_row_1","2",953,969,2,186
"forward_row_1","1230846255","MF412054.1","1",1139,1124,"29144",2,"reverse_row_1","2",953,969,2,186
"forward_row_1","1230846257","MF412055.1","1",1139,1124,"29144",2,"reverse_row_1","2",953,969,2,186
"forward_row_1","1230846259","MF412056.1","1",1139,1124,"29144",2,"reverse_row_1","2",953,969,2,186
"forward_row_1","1230846261","MF412057.1","1",1139,1124,"29144",2,"reverse_row_1","2",953,969,2,186
"forward_row_1","1230846263","MF412058.1","1",1139,1124,"29144",2,"reverse_row_1","2",953,969,2,186
"forward_row_1","1230846265","MF412059.1","1",1139,1124,"29144",2,"reverse_row_1","2",953,969,2,186
"forward_row_1","1230846267","MF412060.1","1",1139,1124,"29144",2,"reverse_row_1","2",953,969,2,186
"forward_row_1","1230846269","MF412061.1","1",1139,1124,"29144",2,"reverse_row_1","2",953,969,2,186
"forward_row_1","1230846271","MF412062.1","1",1139,1124,"29144",2,"reverse_row_1","2",953,969,2,186
"forward_row_1","1230846273","MF412063.1","1",1139,1124,"29144",2,"reverse_row_1","2",953,969,2,186
"forward_row_1","1230846275","MF412064.1","1",1139,1124,"29144",2,"reverse_row_1","2",953,969,2,186
"forward_row_1","1230846277","MF412065.1","1",1139,1124,"29144",2,"reverse_row_1","2",953,969,2,186
"forward_row_1","1230846279","MF412066.1","1",1139,1124,"29144",2,"reverse_row_1","2",953,969,2,186
"forward_row_1","1230846281","MF412067.1","1",1139,1124,"29144",2,"reverse_row_1","2",953,969,2,186
"forward_row_1","1230846283","MF412068.1","1",1139,1124,"29144",2,"reverse_row_1","2",953,969,2,186
"forward_row_1","1230846285","MF412069.1","1",1139,1124,"29144",2,"reverse_row_1","2",953,969,2,186
"forward_row_1","1230846287","MF412070.1","1",1139,1124,"29144",2,"reverse_row_1","2",953,969,2,186
"forward_row_1","1230846289","MF412071.1","1",1139,1124,"29144",2,"reverse_row_1","2",953,969,2,186
"forward_row_1","1230846291","MF412072.1","1",1139,1124,"29144",2,"reverse_row_1","2",953,969,2,186
"forward_row_1","1230846293","MF412073.1","1",1139,1124,"29144",2,"reverse_row_1","2",953,969,2,186
"forward_row_1","1230846295","MF412074.1","1",1139,1124,"29144",2,"reverse_row_1","2",953,969,2,186
"forward_row_1","1230846297","MF412075.1","1",1139,1124,"29144",2,"reverse_row_1","2",953,969,2,186
"forward_row_1","1230846299","MF412076.1","1",1139,1124,"29144",2,"reverse_row_1","2",953,969,2,186
"forward_row_1","1230846301","MF412077.1","1",1139,1124,"29144",2,"reverse_row_1","2",953,969,2,186
"forward_row_1","1230846303","MF412078.1","1",1139,1124,"29144",2,"reverse_row_1","2",953,969,2,186
"forward_row_1","1230846305","MF412079.1","1",1139,1124,"29144",2,"reverse_row_1","2",953,969,2,186
"forward_row_1","1230846307","MF412080.1","1",1139,1124,"29144",2,"reverse_row_1","2",953,969,2,186
"forward_row_1","1230846309","MF412081.1","1",1139,1124,"29144",2,"reverse_row_1","2",953,969,2,186
"forward_row_1","1230846311","MF412082.1","1",1139,1124,"29144",2,"reverse_row_1","2",953,969,2,186
"forward_row_1","1230846313","MF412083.1","1",1139,1124,"29144",2,"reverse_row_1","2",953,969,2,186
"forward_row_1","1230846315","MF412084.1","1",1139,1124,"29144",2,"reverse_row_1","2",953,969,2,186
"forward_row_1","1230846317","MF412085.1","1",1139,1124,"29144",2,"reverse_row_1","2",953,969,2,186
"forward_row_1","1230846319","MF412086.1","1",1139,1124,"29144",2,"reverse_row_1","2",953,969,2,186
"forward_row_1","1230846321","MF412087.1","1",1139,1124,"29144",2,"reverse_row_1","2",953,969,2,186
"forward_row_1","1230846323","MF412088.1","1",1139,1124,"29144",2,"reverse_row_1","2",953,969,2,186
"forward_row_1","1230846325","MF412089.1","1",1139,1124,"29144",2,"reverse_row_1","2",953,969,2,186
"forward_row_1","1230846327","MF412090.1","1",1139,1124,"29144",2,"reverse_row_1","2",953,969,2,186
"forward_row_1","1230846329","MF412091.1","1",1139,1124,"29144",2,"reverse_row_1","2",953,969,2,186
"forward_row_1","1230846331","MF412092.1","1",1139,1124,"29144",2,"reverse_row_1","2",953,969,2,186
"forward_row_1","1230846333","MF412093.1","1",1139,1124,"29144",2,"reverse_row_1","2",953,969,2,186
"forward_row_1","1230846335","MF412094.1","1",1139,1124,"29144",2,"reverse_row_1","2",953,969,2,186
"forward_row_1","1230846337","MF412095.1","1",1139,1124,"29144",2,"reverse_row_1","2",953,969,2,186
"forward_row_1","1230846339","MF412096.1","1",1139,1124,"29144",2,"reverse_row_1","2",953,969,2,186
"forward_row_1","1230846341","MF412097.1","1",1139,1124,"29144",2,"reverse_row_1","2",953,969,2,186
"forward_row_1","1230846343","MF412098.1","1",1139,1124,"29144",2,"reverse_row_1","2",953,969,2,186
"forward_row_1","1230846345","MF412099.1","1",1139,1124,"29144",2,"reverse_row_1","2",953,969,2,186
"forward_row_1","1230846347","MF412100.1","1",1139,1124,"29144",2,"reverse_row_1","2",953,969,2,186
"forward_row_1","1230846349","MF412101.1","1",1139,1124,"29144",2,"reverse_row_1","2",953,969,2,186
"forward_row_1","1230846351","MF412102.1","1",1139,1124,"29144",2,"reverse_row_1","2",953,969,2,186
"forward_row_1","1230846353","MF412103.1","1",1139,1124,"29144",2,"reverse_row_1","2",953,969,2,186
"forward_row_1","1230846355","MF412104.1","1",1139,1124,"29144",2,"reverse_row_1","2",953,969,2,186
"forward_row_1","1230846357","MF412105.1","1",1139,1124,"29144",2,"reverse_row_1","2",953,969,2,186
"forward_row_1","1230846359","MF412106.1","1",1139,1124,"29144",2,"reverse_row_1","2",953,969,2,186
"forward_row_1","1230846361","MF412107.1","1",1139,1124,"29144",2,"reverse_row_1","2",953,969,2,186
"forward_row_1","1230846363","MF412108.1","1",1139,1124,"29144",2,"reverse_row_1","2",953,969,2,186
"forward_row_1","1230846365","MF412109.1","1",1139,1124,"29144",2,"reverse_row_1","2",953,969,2,186
"forward_row_1","1230846367","MF412110.1","1",1139,1124,"29144",2,"reverse_row_1","2",953,969,2,186
"forward_row_1","1230846369","MF412111.1","1",1139,1124,"29144",2,"reverse_row_1","2",953,969,2,186
"forward_row_1","1230846371","MF412112.1","1",1139,1124,"29144",2,"reverse_row_1","2",953,969,2,186
"forward_row_1","1230846373","MF412113.1","1",1139,1124,"29144",2,"reverse_row_1","2",953,969,2,186
"forward_row_1","1230846375","MF412114.1","1",1139,1124,"29144",2,"reverse_row_1","2",953,969,2,186
"forward_row_1","1230846377","MF412115.1","1",1139,1124,"29144",2,"reverse_row_1","2",953,969,2,186
"forward_row_1","1230846379","MF412116.1","1",1139,1124,"29144",2,"reverse_row_1","2",953,969,2,186
"forward_row_1","1230846381","MF412117.1","1",1139,1124,"29144",2,"reverse_row_1","2",953,969,2,186
"forward_row_1","1230846383","MF412118.1","1",1139,1124,"29144",2,"reverse_row_1","2",953,969,2,186
"forward_row_1","1230846385","MF412119.1","1",1139,1124,"29144",2,"reverse_row_1","2",953,969,2,186
"forward_row_1","1230847018","MF412751.1","1",1139,1124,"29144",2,"reverse_row_1","2",953,969,2,186
"forward_row_1","1230847020","MF412752.1","1",1139,1124,"29144",2,"reverse_row_1","2",953,969,2,186
"forward_row_1","1230847022","MF412753.1","1",1139,1124,"29144",2,"reverse_row_1","2",953,969,2,186
"forward_row_1","1230847024","MF412754.1","1",1139,1124,"29144",2,"reverse_row_1","2",953,969,2,186
"forward_row_1","1230847026","MF412755.1","1",1139,1124,"29144",2,"reverse_row_1","2",953,969,2,186
"forward_row_1","1230847028","MF412756.1","1",1139,1124,"29144",2,"reverse_row_1","2",953,969,2,186
"forward_row_1","1230847030","MF412757.1","1",1139,1124,"29144",2,"reverse_row_1","2",953,969,2,186
"forward_row_1","1230847032","MF412758.1","1",1139,1124,"29144",2,"reverse_row_1","2",953,969,2,186
"forward_row_1","1230847034","MF412759.1","1",1139,1124,"29144",2,"reverse_row_1","2",953,969,2,186
"forward_row_1","1230847036","MF412760.1","1",1139,1124,"29144",2,"reverse_row_1","2",953,969,2,186
"forward_row_1","1230847038","MF412761.1","1",1139,1124,"29144",2,"reverse_row_1","2",953,969,2,186
"forward_row_1","1230847040","MF412762.1","1",1139,1124,"29144",2,"reverse_row_1","2",953,969,2,186
"forward_row_1","1230847042","MF412763.1","1",1139,1124,"29144",2,"reverse_row_1","2",953,969,2,186
"forward_row_1","1230847044","MF412764.1","1",1139,1124,"29144",2,"reverse_row_1","2",953,969,2,186
"forward_row_1","1230847046","MF412765.1","1",1139,1124,"29144",2,"reverse_row_1","2",953,969,2,186
"forward_row_1","1230847048","MF412766.1","1",1139,1124,"29144",2,"reverse_row_1","2",953,969,2,186
"forward_row_1","1230847050","MF412767.1","1",1139,1124,"29144",2,"reverse_row_1","2",953,969,2,186
"forward_row_1","1230847052","MF412768.1","1",1139,1124,"29144",2,"reverse_row_1","2",953,969,2,186
"forward_row_1","1230847054","MF412769.1","1",1139,1124,"29144",2,"reverse_row_1","2",953,969,2,186
"forward_row_1","1230847056","MF412770.1","1",1139,1124,"29144",2,"reverse_row_1","2",953,969,2,186
"forward_row_1","1230847058","MF412771.1","1",1139,1124,"29144",2,"reverse_row_1","2",953,969,2,186
"forward_row_1","1230847060","MF412772.1","1",1139,1124,"29144",2,"reverse_row_1","2",953,969,2,186
"forward_row_1","1230847062","MF412773.1","1",1139,1124,"29144",2,"reverse_row_1","2",953,969,2,186
"forward_row_1","1230847064","MF412774.1","1",1139,1124,"29144",2,"reverse_row_1","2",953,969,2,186
"forward_row_1","1230847066","MF412775.1","1",1139,1124,"29144",2,"reverse_row_1","2",953,969,2,186
"forward_row_1","1230847068","MF412776.1","1",1139,1124,"29144",2,"reverse_row_1","2",953,969,2,186
"forward_row_1","1230847070","MF412777.1","1",1139,1124,"29144",2,"reverse_row_1","2",953,969,2,186
"forward_row_1","1230847072","MF412778.1","1",1139,1124,"29144",2,"reverse_row_1","2",953,969,2,186
"forward_row_1","1230847074","MF412779.1","1",1139,1124,"29144",2,"reverse_row_1","2",953,969,2,186
"forward_row_1","1230847076","MF412780.1","1",1139,1124,"29144",2,"reverse_row_1","2",953,969,2,186
"forward_row_1","1230847078","MF412781.1","1",1139,1124,"29144",2,"reverse_row_1","2",953,969,2,186
"forward_row_1","1230847080","MF412782.1","1",1139,1124,"29144",2,"reverse_row_1","2",953,969,2,186
"forward_row_1","1230847082","MF412783.1","1",1139,1124,"29144",2,"reverse_row_1","2",953,969,2,186
"forward_row_1","1230847084","MF412784.1","1",1139,1124,"29144",2,"reverse_row_1","2",953,969,2,186
"forward_row_1","1230847086","MF412785.1","1",1139,1124,"29144",2,"reverse_row_1","2",953,969,2,186
"forward_row_1","1230847088","MF412786.1","1",1139,1124,"29144",2,"reverse_row_1","2",953,969,2,186
"forward_row_1","1230847090","MF412787.1","1",1139,1124,"29144",2,"reverse_row_1","2",953,969,2,186
"forward_row_1","1230847092","MF412788.1","1",1139,1124,"29144",2,"reverse_row_1","2",953,969,2,186
"forward_row_1","1230847094","MF412789.1","1",1139,1124,"29144",2,"reverse_row_1","2",953,969,2,186
"forward_row_1","1230847096","MF412790.1","1",1139,1124,"29144",2,"reverse_row_1","2",953,969,2,186
"forward_row_1","1230847098","MF412791.1","1",1139,1124,"29144",2,"reverse_row_1","2",953,969,2,186
"forward_row_1","1230847100","MF412792.1","1",1139,1124,"29144",2,"reverse_row_1","2",953,969,2,186
"forward_row_1","1230847102","MF412793.1","1",1139,1124,"29144",2,"reverse_row_1","2",953,969,2,186
"forward_row_1","1230847104","MF412794.1","1",1139,1124,"29144",2,"reverse_row_1","2",953,969,2,186
"forward_row_1","1230847106","MF412795.1","1",1139,1124,"29144",2,"reverse_row_1","2",953,969,2,186
"forward_row_1","1230847108","MF412796.1","1",1139,1124,"29144",2,"reverse_row_1","2",953,969,2,186
"forward_row_1","1230847110","MF412797.1","1",1139,1124,"29144",2,"reverse_row_1","2",953,969,2,186
"forward_row_1","1230847112","MF412798.1","1",1139,1124,"29144",2,"reverse_row_1","2",953,969,2,186
"forward_row_1","1230847114","MF412799.1","1",1139,1124,"29144",2,"reverse_row_1","2",953,969,2,186
"forward_row_1","1230847116","MF412800.1","1",1139,1124,"29144",2,"reverse_row_1","2",953,969,2,186
"forward_row_1","1230847118","MF412801.1","1",1139,1124,"29144",2,"reverse_row_1","2",953,969,2,186
"forward_row_1","1230847120","MF412802.1","1",1139,1124,"29144",2,"reverse_row_1","2",953,969,2,186
"forward_row_1","1230847122","MF412803.1","1",1139,1124,"29144",2,"reverse_row_1","2",953,969,2,186
"forward_row_1","1230847124","MF412804.1","1",1139,1124,"29144",2,"reverse_row_1","2",953,969,2,186
"forward_row_1","1230847126","MF412805.1","1",1139,1124,"29144",2,"reverse_row_1","2",953,969,2,186
"forward_row_1","1230847128","MF412806.1","1",1139,1124,"29144",2,"reverse_row_1","2",953,969,2,186
"forward_row_1","1230847130","MF412807.1","1",1139,1124,"29144",2,"reverse_row_1","2",953,969,2,186
"forward_row_1","1230847132","MF412808.1","1",1139,1124,"29144",2,"reverse_row_1","2",953,969,2,186
"forward_row_1","1230847134","MF412809.1","1",1139,1124,"29144",2,"reverse_row_1","2",953,969,2,186
"forward_row_1","1230847136","MF412810.1","1",1139,1124,"29144",2,"reverse_row_1","2",953,969,2,186
"forward_row_1","1230847138","MF412811.1","1",1139,1124,"29144",2,"reverse_row_1","2",953,969,2,186
"forward_row_1","1230847140","MF412812.1","1",1139,1124,"29144",2,"reverse_row_1","2",953,969,2,186
"forward_row_1","1230847142","MF412813.1","1",1139,1124,"29144",2,"reverse_row_1","2",953,969,2,186
"forward_row_1","1230847144","MF412814.1","1",1139,1124,"29144",2,"reverse_row_1","2",953,969,2,186
"forward_row_1","1230847146","MF412815.1","1",1139,1124,"29144",2,"reverse_row_1","2",953,969,2,186
"forward_row_1","1230847148","MF412816.1","1",1139,1124,"29144",2,"reverse_row_1","2",953,969,2,186
"forward_row_1","1230847150","MF412817.1","1",1139,1124,"29144",2,"reverse_row_1","2",953,969,2,186
"forward_row_1","1230847152","MF412818.1","1",1139,1124,"29144",2,"reverse_row_1","2",953,969,2,186
"forward_row_1","1230847154","MF412819.1","1",1139,1124,"29144",2,"reverse_row_1","2",953,969,2,186
"forward_row_1","1230847156","MF412820.1","1",1139,1124,"29144",2,"reverse_row_1","2",953,969,2,186
"forward_row_1","1230847158","MF412821.1","1",1139,1124,"29144",2,"reverse_row_1","2",953,969,2,186
"forward_row_1","1230847160","MF412822.1","1",1139,1124,"29144",2,"reverse_row_1","2",953,969,2,186
"forward_row_1","1230847162","MF412823.1","1",1139,1124,"29144",2,"reverse_row_1","2",953,969,2,186
"forward_row_1","1230847164","MF412824.1","1",1139,1124,"29144",2,"reverse_row_1","2",953,969,2,186
"forward_row_1","1230847166","MF412825.1","1",1139,1124,"29144",2,"reverse_row_1","2",953,969,2,186
"forward_row_1","1230847168","MF412826.1","1",1139,1124,"29144",2,"reverse_row_1","2",953,969,2,186
"forward_row_1","1230847170","MF412827.1","1",1139,1124,"29144",2,"reverse_row_1","2",953,969,2,186
"forward_row_1","1230847172","MF412828.1","1",1139,1124,"29144",2,"reverse_row_1","2",953,969,2,186
"forward_row_1","1230847174","MF412829.1","1",1139,1124,"29144",2,"reverse_row_1","2",953,969,2,186
"forward_row_1","1230847176","MF412830.1","1",1139,1124,"29144",2,"reverse_row_1","2",953,969,2,186
"forward_row_1","1230847178","MF412831.1","1",1139,1124,"29144",2,"reverse_row_1","2",953,969,2,186
"forward_row_1","1230847180","MF412832.1","1",1139,1124,"29144",2,"reverse_row_1","2",953,969,2,186
"forward_row_1","1230847182","MF412833.1","1",1139,1124,"29144",2,"reverse_row_1","2",953,969,2,186
"forward_row_1","1230847184","MF412834.1","1",1139,1124,"29144",2,"reverse_row_1","2",953,969,2,186
"forward_row_1","1230847186","MF412835.1","1",1139,1124,"29144",2,"reverse_row_1","2",953,969,2,186
"forward_row_1","1230847188","MF412836.1","1",1139,1124,"29144",2,"reverse_row_1","2",953,969,2,186
"forward_row_1","1230847190","MF412837.1","1",1139,1124,"29144",2,"reverse_row_1","2",953,969,2,186
"forward_row_1","1230847192","MF412838.1","1",1139,1124,"29144",2,"reverse_row_1","2",953,969,2,186
"forward_row_1","1230847194","MF412839.1","1",1139,1124,"29144",2,"reverse_row_1","2",953,969,2,186
"forward_row_1","1230847196","MF412840.1","1",1139,1124,"29144",2,"reverse_row_1","2",953,969,2,186
"forward_row_1","1230847198","MF412841.1","1",1139,1124,"29144",2,"reverse_row_1","2",953,969,2,186
"forward_row_1","1230847200","MF412842.1","1",1139,1124,"29144",2,"reverse_row_1","2",953,969,2,186
"forward_row_1","1230847202","MF412843.1","1",1139,1124,"29144",2,"reverse_row_1","2",953,969,2,186
"forward_row_1","1230847204","MF412844.1","1",1139,1124,"29144",2,"reverse_row_1","2",953,969,2,186
"forward_row_1","1230847206","MF412845.1","1",1139,1124,"29144",2,"reverse_row_1","2",953,969,2,186
"forward_row_1","1230847208","MF412846.1","1",1139,1124,"29144",2,"reverse_row_1","2",953,969,2,186
"forward_row_1","1230847210","MF412847.1","1",1139,1124,"29144",2,"reverse_row_1","2",953,969,2,186
"forward_row_1","1230847212","MF412848.1","1",1139,1124,"29144",2,"reverse_row_1","2",953,969,2,186
"forward_row_1","1230847214","MF412849.1","1",1139,1124,"29144",2,"reverse_row_1","2",953,969,2,186
"forward_row_1","1230847216","MF412850.1","1",1139,1124,"29144",2,"reverse_row_1","2",953,969,2,186
"forward_row_1","1230847218","MF412851.1","1",1139,1124,"29144",2,"reverse_row_1","2",953,969,2,186
"forward_row_1","1230847220","MF412852.1","1",1139,1124,"29144",2,"reverse_row_1","2",953,969,2,186
"forward_row_1","1230847222","MF412853.1","1",1139,1124,"29144",2,"reverse_row_1","2",953,969,2,186
"forward_row_1","1230847224","MF412854.1","1",1139,1124,"29144",2,"reverse_row_1","2",953,969,2,186
"forward_row_1","1230847226","MF412855.1","1",1139,1124,"29144",2,"reverse_row_1","2",953,969,2,186
"forward_row_1","1230847228","MF412856.1","1",1139,1124,"29144",2,"reverse_row_1","2",953,969,2,186
"forward_row_1","1230847230","MF412857.1","1",1139,1124,"29144",2,"reverse_row_1","2",953,969,2,186
"forward_row_1","1230847232","MF412858.1","1",1139,1124,"29144",2,"reverse_row_1","2",953,969,2,186
"forward_row_1","1230847234","MF412859.1","1",1139,1124,"29144",2,"reverse_row_1","2",953,969,2,186
"forward_row_1","1230847236","MF412860.1","1",1139,1124,"29144",2,"reverse_row_1","2",953,969,2,186
"forward_row_1","1230847238","MF412861.1","1",1139,1124,"29144",2,"reverse_row_1","2",953,969,2,186
"forward_row_1","1230847240","MF412862.1","1",1139,1124,"29144",2,"reverse_row_1","2",953,969,2,186
"forward_row_1","1230847242","MF412863.1","1",1139,1124,"29144",2,"reverse_row_1","2",953,969,2,186
"forward_row_1","1230847244","MF412864.1","1",1139,1124,"29144",2,"reverse_row_1","2",953,969,2,186
"forward_row_1","1230847246","MF412865.1","1",1139,1124,"29144",2,"reverse_row_1","2",953,969,2,186
"forward_row_1","1230847248","MF412866.1","1",1139,1124,"29144",2,"reverse_row_1","2",953,969,2,186
"forward_row_1","1230847250","MF412867.1","1",1139,1124,"29144",2,"reverse_row_1","2",953,969,2,186
"forward_row_1","1230847252","MF412868.1","1",1139,1124,"29144",2,"reverse_row_1","2",953,969,2,186
"forward_row_1","1230847254","MF412869.1","1",1139,1124,"29144",2,"reverse_row_1","2",953,969,2,186
"forward_row_1","1230847256","MF412870.1","1",1139,1124,"29144",2,"reverse_row_1","2",953,969,2,186
"forward_row_1","1230847258","MF412871.1","1",1139,1124,"29144",2,"reverse_row_1","2",953,969,2,186
"forward_row_1","1230847260","MF412872.1","1",1139,1124,"29144",2,"reverse_row_1","2",953,969,2,186
"forward_row_1","1230847262","MF412873.1","1",1139,1124,"29144",2,"reverse_row_1","2",953,969,2,186
"forward_row_1","1230847264","MF412874.1","1",1139,1124,"29144",2,"reverse_row_1","2",953,969,2,186
"forward_row_1","1230847266","MF412875.1","1",1139,1124,"29144",2,"reverse_row_1","2",953,969,2,186
"forward_row_1","1230847268","MF412876.1","1",1139,1124,"29144",2,"reverse_row_1","2",953,969,2,186
"forward_row_1","1230847270","MF412877.1","1",1139,1124,"29144",2,"reverse_row_1","2",953,969,2,186
"forward_row_1","1230847272","MF412878.1","1",1139,1124,"29144",2,"reverse_row_1","2",953,969,2,186
"forward_row_1","1230847274","MF412879.1","1",1139,1124,"29144",2,"reverse_row_1","2",953,969,2,186
"forward_row_1","1230847276","MF412880.1","1",1139,1124,"29144",2,"reverse_row_1","2",953,969,2,186
"forward_row_1","1230847278","MF412881.1","1",1139,1124,"29144",2,"reverse_row_1","2",953,969,2,186
"forward_row_1","1230847280","MF412882.1","1",1139,1124,"29144",2,"reverse_row_1","2",953,969,2,186
"forward_row_1","1230847282","MF412883.1","1",1139,1124,"29144",2,"reverse_row_1","2",953,969,2,186
"forward_row_1","1230847284","MF412884.1","1",1139,1124,"29144",2,"reverse_row_1","2",953,969,2,186
"forward_row_1","1230847286","MF412885.1","1",1139,1124,"29144",2,"reverse_row_1","2",953,969,2,186
"forward_row_1","1230847288","MF412886.1","1",1139,1124,"29144",2,"reverse_row_1","2",953,969,2,186
"forward_row_1","1230847290","MF412887.1","1",1139,1124,"29144",2,"reverse_row_1","2",953,969,2,186
"forward_row_1","1230847292","MF412888.1","1",1139,1124,"29144",2,"reverse_row_1","2",953,969,2,186
"forward_row_1","1230847294","MF412889.1","1",1139,1124,"29144",2,"reverse_row_1","2",953,969,2,186
"forward_row_1","1230847296","MF412890.1","1",1139,1124,"29144",2,"reverse_row_1","2",953,969,2,186
"forward_row_1","1230847298","MF412891.1","1",1139,1124,"29144",2,"reverse_row_1","2",953,969,2,186
"forward_row_1","1230847300","MF412892.1","1",1139,1124,"29144",2,"reverse_row_1","2",953,969,2,186
"forward_row_1","1230847302","MF412893.1","1",1139,1124,"29144",2,"reverse_row_1","2",953,969,2,186
"forward_row_1","1230847304","MF412894.1","1",1139,1124,"29144",2,"reverse_row_1","2",953,969,2,186
"forward_row_1","1230847306","MF412895.1","1",1139,1124,"29144",2,"reverse_row_1","2",953,969,2,186
"forward_row_1","1230847308","MF412896.1","1",1139,1124,"29144",2,"reverse_row_1","2",953,969,2,186
"forward_row_1","1230847310","MF412897.1","1",1139,1124,"29144",2,"reverse_row_1","2",953,969,2,186
"forward_row_1","1230847312","MF412898.1","1",1139,1124,"29144",2,"reverse_row_1","2",953,969,2,186
"forward_row_1","1230847314","MF412899.1","1",1139,1124,"29144",2,"reverse_row_1","2",953,969,2,186
"forward_row_1","1230847316","MF412900.1","1",1139,1124,"29144",2,"reverse_row_1","2",953,969,2,186
"forward_row_1","1230847318","MF412901.1","1",1139,1124,"29144",2,"reverse_row_1","2",953,969,2,186
"forward_row_1","1230847320","MF412902.1","1",1139,1124,"29144",2,"reverse_row_1","2",953,969,2,186
"forward_row_1","1230847322","MF412903.1","1",1139,1124,"29144",2,"reverse_row_1","2",953,969,2,186
"forward_row_1","1230847324","MF412904.1","1",1139,1124,"29144",2,"reverse_row_1","2",953,969,2,186
"forward_row_1","1230847326","MF412905.1","1",1139,1124,"29144",2,"reverse_row_1","2",953,969,2,186
"forward_row_1","1230847328","MF412906.1","1",1139,1124,"29144",2,"reverse_row_1","2",953,969,2,186
"forward_row_1","1230847330","MF412907.1","1",1139,1124,"29144",2,"reverse_row_1","2",953,969,2,186
"forward_row_1","1230847332","MF412908.1","1",1139,1124,"29144",2,"reverse_row_1","2",953,969,2,186
"forward_row_1","1230847334","MF412909.1","1",1139,1124,"29144",2,"reverse_row_1","2",953,969,2,186
"forward_row_1","1230847336","MF412910.1","1",1139,1124,"29144",2,"reverse_row_1","2",953,969,2,186
"forward_row_1","1230847338","MF412911.1","1",1139,1124,"29144",2,"reverse_row_1","2",953,969,2,186
"forward_row_1","1230847340","MF412912.1","1",1139,1124,"29144",2,"reverse_row_1","2",953,969,2,186
"forward_row_1","1230847342","MF412913.1","1",1139,1124,"29144",2,"reverse_row_1","2",953,969,2,186
"forward_row_1","1230847344","MF412914.1","1",1139,1124,"29144",2,"reverse_row_1","2",953,969,2,186
"forward_row_1","1230847346","MF412915.1","1",1139,1124,"29144",2,"reverse_row_1","2",953,969,2,186
"forward_row_1","1230847348","MF412916.1","1",1139,1124,"29144",2,"reverse_row_1","2",953,969,2,186
"forward_row_1","1230847350","MF412917.1","1",1139,1124,"29144",2,"reverse_row_1","2",953,969,2,186
"forward_row_1","1230847352","MF412918.1","1",1139,1124,"29144",2,"reverse_row_1","2",953,969,2,186
"forward_row_1","1230847354","MF412919.1","1",1139,1124,"29144",2,"reverse_row_1","2",953,969,2,186
"forward_row_1","1230847356","MF412920.1","1",1139,1124,"29144",2,"reverse_row_1","2",953,969,2,186
"forward_row_1","1230847358","MF412921.1","1",1139,1124,"29144",2,"reverse_row_1","2",953,969,2,186
"forward_row_1","1230847360","MF412922.1","1",1139,1124,"29144",2,"reverse_row_1","2",953,969,2,186
"forward_row_1","1230847362","MF412923.1","1",1139,1124,"29144",2,"reverse_row_1","2",953,969,2,186
"forward_row_1","1230847364","MF412924.1","1",1139,1124,"29144",2,"reverse_row_1","2",953,969,2,186
"forward_row_1","1230847366","MF412925.1","1",1139,1124,"29144",2,"reverse_row_1","2",953,969,2,186
"forward_row_1","1230847368","MF412926.1","1",1139,1124,"29144",2,"reverse_row_1","2",953,969,2,186
"forward_row_1","1230847370","MF412927.1","1",1139,1124,"29144",2,"reverse_row_1","2",953,969,2,186
"forward_row_1","1230847372","MF412928.1","1",1139,1124,"29144",2,"reverse_row_1","2",953,969,2,186
"forward_row_1","1230847374","MF412929.1","1",1139,1124,"29144",2,"reverse_row_1","2",953,969,2,186
"forward_row_1","1230847376","MF412930.1","1",1139,1124,"29144",2,"reverse_row_1","2",953,969,2,186
"forward_row_1","1230847378","MF412931.1","1",1139,1124,"29144",2,"reverse_row_1","2",953,969,2,186
"forward_row_1","1230847380","MF412932.1","1",1139,1124,"29144",2,"reverse_row_1","2",953,969,2,186
"forward_row_1","1230847382","MF412933.1","1",1139,1124,"29144",2,"reverse_row_1","2",953,969,2,186
"forward_row_1","1230847384","MF412934.1","1",1139,1124,"29144",2,"reverse_row_1","2",953,969,2,186
"forward_row_1","1230847386","MF412935.1","1",1139,1124,"29144",2,"reverse_row_1","2",953,969,2,186
"forward_row_1","1230847388","MF412936.1","1",1139,1124,"29144",2,"reverse_row_1","2",953,969,2,186
"forward_row_1","1230847390","MF412937.1","1",1139,1124,"29144",2,"reverse_row_1","2",953,969,2,186
"forward_row_1","1230847392","MF412938.1","1",1139,1124,"29144",2,"reverse_row_1","2",953,969,2,186
"forward_row_1","1230847394","MF412939.1","1",1139,1124,"29144",2,"reverse_row_1","2",953,969,2,186
"forward_row_1","1230847396","MF412940.1","1",1139,1124,"29144",2,"reverse_row_1","2",953,969,2,186
"forward_row_1","1230847398","MF412941.1","1",1139,1124,"29144",2,"reverse_row_1","2",953,969,2,186
"forward_row_1","1230847400","MF412942.1","1",1139,1124,"29144",2,"reverse_row_1","2",953,969,2,186
"forward_row_1","1230847402","MF412943.1","1",1139,1124,"29144",2,"reverse_row_1","2",953,969,2,186
"forward_row_1","1230847404","MF412944.1","1",1139,1124,"29144",2,"reverse_row_1","2",953,969,2,186
"forward_row_1","1230847406","MF412945.1","1",1139,1124,"29144",2,"reverse_row_1","2",953,969,2,186
"forward_row_1","1230847408","MF412946.1","1",1139,1124,"29144",2,"reverse_row_1","2",953,969,2,186
"forward_row_1","1230847410","MF412947.1","1",1139,1124,"29144",2,"reverse_row_1","2",953,969,2,186
"forward_row_1","1230847412","MF412948.1","1",1139,1124,"29144",2,"reverse_row_1","2",953,969,2,186
"forward_row_1","1230847414","MF412949.1","1",1139,1124,"29144",2,"reverse_row_1","2",953,969,2,186
"forward_row_1","1230847416","MF412950.1","1",1139,1124,"29144",2,"reverse_row_1","2",953,969,2,186
"forward_row_1","1230847418","MF412951.1","1",1139,1124,"29144",2,"reverse_row_1","2",953,969,2,186
"forward_row_1","1230847420","MF412952.1","1",1139,1124,"29144",2,"reverse_row_1","2",953,969,2,186
"forward_row_1","1230847422","MF412953.1","1",1139,1124,"29144",2,"reverse_row_1","2",953,969,2,186
"forward_row_1","1230847424","MF412954.1","1",1139,1124,"29144",2,"reverse_row_1","2",953,969,2,186
"forward_row_1","1230847426","MF412955.1","1",1139,1124,"29144",2,"reverse_row_1","2",953,969,2,186
"forward_row_1","1230847428","MF412956.1","1",1139,1124,"29144",2,"reverse_row_1","2",953,969,2,186
"forward_row_1","1230847430","MF412957.1","1",1139,1124,"29144",2,"reverse_row_1","2",953,969,2,186
"forward_row_1","1230847432","MF412958.1","1",1139,1124,"29144",2,"reverse_row_1","2",953,969,2,186
"forward_row_1","1230847434","MF412959.1","1",1139,1124,"29144",2,"reverse_row_1","2",953,969,2,186
"forward_row_1","1230847436","MF412960.1","1",1139,1124,"29144",2,"reverse_row_1","2",953,969,2,186
"forward_row_1","1230847438","MF412961.1","1",1139,1124,"29144",2,"reverse_row_1","2",953,969,2,186
"forward_row_1","1230847440","MF412962.1","1",1139,1124,"29144",2,"reverse_row_1","2",953,969,2,186
"forward_row_1","1230847442","MF412963.1","1",1139,1124,"29144",2,"reverse_row_1","2",953,969,2,186
"forward_row_1","1230847444","MF412964.1","1",1139,1124,"29144",2,"reverse_row_1","2",953,969,2,186
"forward_row_1","1230847446","MF412965.1","1",1139,1124,"29144",2,"reverse_row_1","2",953,969,2,186
"forward_row_1","1230847448","MF412966.1","1",1139,1124,"29144",2,"reverse_row_1","2",953,969,2,186
"forward_row_1","1230847450","MF412967.1","1",1139,1124,"29144",2,"reverse_row_1","2",953,969,2,186
"forward_row_1","1230847452","MF412968.1","1",1139,1124,"29144",2,"reverse_row_1","2",953,969,2,186
"forward_row_1","1230847454","MF412969.1","1",1139,1124,"29144",2,"reverse_row_1","2",953,969,2,186
"forward_row_1","1230847456","MF412970.1","1",1139,1124,"29144",2,"reverse_row_1","2",953,969,2,186
"forward_row_1","1230847458","MF412971.1","1",1139,1124,"29144",2,"reverse_row_1","2",953,969,2,186
"forward_row_1","1230847460","MF412972.1","1",1139,1124,"29144",2,"reverse_row_1","2",953,969,2,186
"forward_row_1","1230847462","MF412973.1","1",1139,1124,"29144",2,"reverse_row_1","2",953,969,2,186
"forward_row_1","1230847464","MF412974.1","1",1139,1124,"29144",2,"reverse_row_1","2",953,969,2,186
"forward_row_1","1230847466","MF412975.1","1",1139,1124,"29144",2,"reverse_row_1","2",953,969,2,186
"forward_row_1","1230847468","MF412976.1","1",1139,1124,"29144",2,"reverse_row_1","2",953,969,2,186
"forward_row_1","1230847470","MF412977.1","1",1139,1124,"29144",2,"reverse_row_1","2",953,969,2,186
"forward_row_1","1230847472","MF412978.1","1",1139,1124,"29144",2,"reverse_row_1","2",953,969,2,186
"forward_row_1","1230847474","MF412979.1","1",1139,1124,"29144",2,"reverse_row_1","2",953,969,2,186
"forward_row_1","1230847476","MF412980.1","1",1139,1124,"29144",2,"reverse_row_1","2",953,969,2,186
"forward_row_1","1230847478","MF412981.1","1",1139,1124,"29144",2,"reverse_row_1","2",953,969,2,186
"forward_row_1","1230847480","MF412982.1","1",1139,1124,"29144",2,"reverse_row_1","2",953,969,2,186
"forward_row_1","1230847482","MF412983.1","1",1139,1124,"29144",2,"reverse_row_1","2",953,969,2,186
"forward_row_1","1230847484","MF412984.1","1",1139,1124,"29144",2,"reverse_row_1","2",953,969,2,186
"forward_row_1","1230847486","MF412985.1","1",1139,1124,"29144",2,"reverse_row_1","2",953,969,2,186
"forward_row_1","1230847488","MF412986.1","1",1139,1124,"29144",2,"reverse_row_1","2",953,969,2,186
"forward_row_1","1230847490","MF412987.1","1",1139,1124,"29144",2,"reverse_row_1","2",953,969,2,186
"forward_row_1","1230847492","MF412988.1","1",1139,1124,"29144",2,"reverse_row_1","2",953,969,2,186
"forward_row_1","1230847494","MF412989.1","1",1139,1124,"29144",2,"reverse_row_1","2",953,969,2,186
"forward_row_1","1230847496","MF412990.1","1",1139,1124,"29144",2,"reverse_row_1","2",953,969,2,186
"forward_row_1","1230847498","MF412991.1","1",1139,1124,"29144",2,"reverse_row_1","2",953,969,2,186
"forward_row_1","1230847500","MF412992.1","1",1139,1124,"29144",2,"reverse_row_1","2",953,969,2,186
"forward_row_1","1230847502","MF412993.1","1",1139,1124,"29144",2,"reverse_row_1","2",953,969,2,186
"forward_row_1","1230847504","MF412994.1","1",1139,1124,"29144",2,"reverse_row_1","2",953,969,2,186
"forward_row_1","1230847506","MF412995.1","1",1139,1124,"29144",2,"reverse_row_1","2",953,969,2,186
"forward_row_1","1230847508","MF412996.1","1",1139,1124,"29144",2,"reverse_row_1","2",953,969,2,186
"forward_row_1","1230847510","MF412997.1","1",1139,1124,"29144",2,"reverse_row_1","2",953,969,2,186
"forward_row_1","1230847512","MF412998.1","1",1139,1124,"29144",2,"reverse_row_1","2",953,969,2,186
"forward_row_1","1230847514","MF412999.1","1",1139,1124,"29144",2,"reverse_row_1","2",953,969,2,186
"forward_row_1","1230847516","MF413000.1","1",1139,1124,"29144",2,"reverse_row_1","2",953,969,2,186
"forward_row_1","1230847518","MF413001.1","1",1139,1124,"29144",2,"reverse_row_1","2",953,969,2,186
"forward_row_1","1230847520","MF413002.1","1",1139,1124,"29144",2,"reverse_row_1","2",953,969,2,186
"forward_row_1","1230847522","MF413003.1","1",1139,1124,"29144",2,"reverse_row_1","2",953,969,2,186
"forward_row_1","1230847524","MF413004.1","1",1139,1124,"29144",2,"reverse_row_1","2",953,969,2,186
"forward_row_1","1230847526","MF413005.1","1",1139,1124,"29144",2,"reverse_row_1","2",953,969,2,186
"forward_row_1","1230847528","MF413006.1","1",1139,1124,"29144",2,"reverse_row_1","2",953,969,2,186
"forward_row_1","1230847530","MF413007.1","1",1139,1124,"29144",2,"reverse_row_1","2",953,969,2,186
"forward_row_1","1230847532","MF413008.1","1",1139,1124,"29144",2,"reverse_row_1","2",953,969,2,186
"forward_row_1","1230847534","MF413009.1","1",1139,1124,"29144",2,"reverse_row_1","2",953,969,2,186
"forward_row_1","1230847536","MF413010.1","1",1139,1124,"29144",2,"reverse_row_1","2",953,969,2,186
"forward_row_1","1230847538","MF413011.1","1",1139,1124,"29144",2,"reverse_row_1","2",953,969,2,186
"forward_row_1","1230847540","MF413012.1","1",1139,1124,"29144",2,"reverse_row_1","2",953,969,2,186
"forward_row_1","1230847542","MF413013.1","1",1139,1124,"29144",2,"reverse_row_1","2",953,969,2,186
"forward_row_1","1230847544","MF413014.1","1",1139,1124,"29144",2,"reverse_row_1","2",953,969,2,186
"forward_row_1","1230847546","MF413015.1","1",1139,1124,"29144",2,"reverse_row_1","2",953,969,2,186
"forward_row_1","1230847548","MF413016.1","1",1139,1124,"29144",2,"reverse_row_1","2",953,969,2,186
"forward_row_1","1230847550","MF413017.1","1",1139,1124,"29144",2,"reverse_row_1","2",953,969,2,186
"forward_row_1","1230847552","MF413018.1","1",1139,1124,"29144",2,"reverse_row_1","2",953,969,2,186
"forward_row_1","1230847554","MF413019.1","1",1139,1124,"29144",2,"reverse_row_1","2",953,969,2,186
"forward_row_1","1230847556","MF413020.1","1",1139,1124,"29144",2,"reverse_row_1","2",953,969,2,186
"forward_row_1","1230847558","MF413021.1","1",1139,1124,"29144",2,"reverse_row_1","2",953,969,2,186
"forward_row_1","1230847560","MF413022.1","1",1139,1124,"29144",2,"reverse_row_1","2",953,969,2,186
"forward_row_1","1230847562","MF413023.1","1",1139,1124,"29144",2,"reverse_row_1","2",953,969,2,186
"forward_row_1","1230847564","MF413024.1","1",1139,1124,"29144",2,"reverse_row_1","2",953,969,2,186
"forward_row_1","1230847566","MF413025.1","1",1139,1124,"29144",2,"reverse_row_1","2",953,969,2,186
"forward_row_1","1230847568","MF413026.1","1",1139,1124,"29144",2,"reverse_row_1","2",953,969,2,186
"forward_row_1","1230847570","MF413027.1","1",1139,1124,"29144",2,"reverse_row_1","2",953,969,2,186
"forward_row_1","1230847572","MF413028.1","1",1139,1124,"29144",2,"reverse_row_1","2",953,969,2,186
"forward_row_1","1230847574","MF413029.1","1",1139,1124,"29144",2,"reverse_row_1","2",953,969,2,186
"forward_row_1","1230847576","MF413030.1","1",1139,1124,"29144",2,"reverse_row_1","2",953,969,2,186
"forward_row_1","1230847578","MF413031.1","1",1139,1124,"29144",2,"reverse_row_1","2",953,969,2,186
"forward_row_1","1230847580","MF413032.1","1",1139,1124,"29144",2,"reverse_row_1","2",953,969,2,186
"forward_row_1","1230847582","MF413033.1","1",1139,1124,"29144",2,"reverse_row_1","2",953,969,2,186
"forward_row_1","1230847584","MF413034.1","1",1139,1124,"29144",2,"reverse_row_1","2",953,969,2,186
"forward_row_1","1230847586","MF413035.1","1",1139,1124,"29144",2,"reverse_row_1","2",953,969,2,186
"forward_row_1","1230847588","MF413036.1","1",1139,1124,"29144",2,"reverse_row_1","2",953,969,2,186
"forward_row_1","1230847590","MF413037.1","1",1139,1124,"29144",2,"reverse_row_1","2",953,969,2,186
"forward_row_1","1230847592","MF413038.1","1",1139,1124,"29144",2,"reverse_row_1","2",953,969,2,186
"forward_row_1","1230847594","MF413039.1","1",1139,1124,"29144",2,"reverse_row_1","2",953,969,2,186
"forward_row_1","1230847596","MF413040.1","1",1139,1124,"29144",2,"reverse_row_1","2",953,969,2,186
"forward_row_1","1230847598","MF413041.1","1",1139,1124,"29144",2,"reverse_row_1","2",953,969,2,186
"forward_row_1","1230847600","MF413042.1","1",1139,1124,"29144",2,"reverse_row_1","2",953,969,2,186
"forward_row_1","1230847602","MF413043.1","1",1139,1124,"29144",2,"reverse_row_1","2",953,969,2,186
"forward_row_1","1230847604","MF413044.1","1",1139,1124,"29144",2,"reverse_row_1","2",953,969,2,186
"forward_row_1","1230847606","MF413045.1","1",1139,1124,"29144",2,"reverse_row_1","2",953,969,2,186
"forward_row_1","1230847608","MF413046.1","1",1139,1124,"29144",2,"reverse_row_1","2",953,969,2,186
"forward_row_1","1230847610","MF413047.1","1",1139,1124,"29144",2,"reverse_row_1","2",953,969,2,186
"forward_row_1","1230847612","MF413048.1","1",1139,1124,"29144",2,"reverse_row_1","2",953,969,2,186
"forward_row_1","1230847614","MF413049.1","1",1139,1124,"29144",2,"reverse_row_1","2",953,969,2,186
"forward_row_1","1230847616","MF413050.1","1",1139,1124,"29144",2,"reverse_row_1","2",953,969,2,186
"forward_row_1","1230847618","MF413051.1","1",1139,1124,"29144",2,"reverse_row_1","2",953,969,2,186
"forward_row_1","1230847620","MF413052.1","1",1139,1124,"29144",2,"reverse_row_1","2",953,969,2,186
"forward_row_1","1230847622","MF413053.1","1",1139,1124,"29144",2,"reverse_row_1","2",953,969,2,186
"forward_row_1","1230847624","MF413054.1","1",1139,1124,"29144",2,"reverse_row_1","2",953,969,2,186
"forward_row_1","1230847626","MF413055.1","1",1139,1124,"29144",2,"reverse_row_1","2",953,969,2,186
"forward_row_1","1230847628","MF413056.1","1",1139,1124,"29144",2,"reverse_row_1","2",953,969,2,186
"forward_row_1","1230847630","MF413057.1","1",1139,1124,"29144",2,"reverse_row_1","2",953,969,2,186
"forward_row_1","1230847632","MF413058.1","1",1139,1124,"29144",2,"reverse_row_1","2",953,969,2,186
"forward_row_1","1230847634","MF413059.1","1",1139,1124,"29144",2,"reverse_row_1","2",953,969,2,186
"forward_row_1","1230847636","MF413060.1","1",1139,1124,"29144",2,"reverse_row_1","2",953,969,2,186
"forward_row_1","1230847638","MF413061.1","1",1139,1124,"29144",2,"reverse_row_1","2",953,969,2,186
"forward_row_1","1230847640","MF413062.1","1",1139,1124,"29144",2,"reverse_row_1","2",953,969,2,186
"forward_row_1","1230847642","MF413063.1","1",1139,1124,"29144",2,"reverse_row_1","2",953,969,2,186
"forward_row_1","1230847644","MF413064.1","1",1139,1124,"29144",2,"reverse_row_1","2",953,969,2,186
"forward_row_1","1230847646","MF413065.1","1",1139,1124,"29144",2,"reverse_row_1","2",953,969,2,186
"forward_row_1","1230847648","MF413066.1","1",1139,1124,"29144",2,"reverse_row_1","2",953,969,2,186
"forward_row_1","1230847650","MF413067.1","1",1139,1124,"29144",2,"reverse_row_1","2",953,969,2,186
"forward_row_1","1230847652","MF413068.1","1",1139,1124,"29144",2,"reverse_row_1","2",953,969,2,186
"forward_row_1","1230847654","MF413069.1","1",1139,1124,"29144",2,"reverse_row_1","2",953,969,2,186
"forward_row_1","1230847656","MF413070.1","1",1139,1124,"29144",2,"reverse_row_1","2",953,969,2,186
"forward_row_1","1230847658","MF413071.1","1",1139,1124,"29144",2,"reverse_row_1","2",953,969,2,186
"forward_row_1","1230847660","MF413072.1","1",1139,1124,"29144",2,"reverse_row_1","2",953,969,2,186
"forward_row_1","1230847662","MF413073.1","1",1139,1124,"29144",2,"reverse_row_1","2",953,969,2,186
"forward_row_1","1230847664","MF413074.1","1",1139,1124,"29144",2,"reverse_row_1","2",953,969,2,186
"forward_row_1","1230847666","MF413075.1","1",1139,1124,"29144",2,"reverse_row_1","2",953,969,2,186
"forward_row_1","1230847668","MF413076.1","1",1139,1124,"29144",2,"reverse_row_1","2",953,969,2,186
"forward_row_1","1230847670","MF413077.1","1",1139,1124,"29144",2,"reverse_row_1","2",953,969,2,186
"forward_row_1","1230847672","MF413078.1","1",1139,1124,"29144",2,"reverse_row_1","2",953,969,2,186
"forward_row_1","1230847674","MF413079.1","1",1139,1124,"29144",2,"reverse_row_1","2",953,969,2,186
"forward_row_1","1230847676","MF413080.1","1",1139,1124,"29144",2,"reverse_row_1","2",953,969,2,186
"forward_row_1","1230847678","MF413081.1","1",1139,1124,"29144",2,"reverse_row_1","2",953,969,2,186
"forward_row_1","1230847680","MF413082.1","1",1139,1124,"29144",2,"reverse_row_1","2",953,969,2,186
"forward_row_1","1230847682","MF413083.1","1",1139,1124,"29144",2,"reverse_row_1","2",953,969,2,186
"forward_row_1","1230847684","MF413084.1","1",1139,1124,"29144",2,"reverse_row_1","2",953,969,2,186
"forward_row_1","1230847686","MF413085.1","1",1139,1124,"29144",2,"reverse_row_1","2",953,969,2,186
"forward_row_1","1230847688","MF413086.1","1",1139,1124,"29144",2,"reverse_row_1","2",953,969,2,186
"forward_row_1","1230847690","MF413087.1","1",1139,1124,"29144",2,"reverse_row_1","2",953,969,2,186
"forward_row_1","1230847692","MF413088.1","1",1139,1124,"29144",2,"reverse_row_1","2",953,969,2,186
"forward_row_1","1230847694","MF413089.1","1",1139,1124,"29144",2,"reverse_row_1","2",953,969,2,186
"forward_row_1","1230847696","MF413090.1","1",1139,1124,"29144",2,"reverse_row_1","2",953,969,2,186
"forward_row_1","1230847698","MF413091.1","1",1139,1124,"29144",2,"reverse_row_1","2",953,969,2,186
"forward_row_1","1230847700","MF413092.1","1",1139,1124,"29144",2,"reverse_row_1","2",953,969,2,186
"forward_row_1","1230847702","MF413093.1","1",1139,1124,"29144",2,"reverse_row_1","2",953,969,2,186
"forward_row_1","1230847704","MF413094.1","1",1139,1124,"29144",2,"reverse_row_1","2",953,969,2,186
"forward_row_1","1230847706","MF413095.1","1",1139,1124,"29144",2,"reverse_row_1","2",953,969,2,186
"forward_row_1","1230847708","MF413096.1","1",1139,1124,"29144",2,"reverse_row_1","2",953,969,2,186
"forward_row_1","1230847710","MF413097.1","1",1139,1124,"29144",2,"reverse_row_1","2",953,969,2,186
"forward_row_1","1230847712","MF413098.1","1",1139,1124,"29144",2,"reverse_row_1","2",953,969,2,186
"forward_row_1","1230847714","MF413099.1","1",1139,1124,"29144",2,"reverse_row_1","2",953,969,2,186
"forward_row_1","1230847716","MF413100.1","1",1139,1124,"29144",2,"reverse_row_1","2",953,969,2,186
"forward_row_1","1230847718","MF413101.1","1",1139,1124,"29144",2,"reverse_row_1","2",953,969,2,186
"forward_row_1","1230847720","MF413102.1","1",1139,1124,"29144",2,"reverse_row_1","2",953,969,2,186
"forward_row_1","1230847722","MF413103.1","1",1139,1124,"29144",2,"reverse_row_1","2",953,969,2,186
"forward_row_1","1230847724","MF413104.1","1",1139,1124,"29144",2,"reverse_row_1","2",953,969,2,186
"forward_row_1","1230847726","MF413105.1","1",1139,1124,"29144",2,"reverse_row_1","2",953,969,2,186
"forward_row_1","1230847728","MF413106.1","1",1139,1124,"29144",2,"reverse_row_1","2",953,969,2,186
"forward_row_1","1230847730","MF413107.1","1",1139,1124,"29144",2,"reverse_row_1","2",953,969,2,186
"forward_row_1","1230847732","MF413108.1","1",1139,1124,"29144",2,"reverse_row_1","2",953,969,2,186
"forward_row_1","1230847734","MF413109.1","1",1139,1124,"29144",2,"reverse_row_1","2",953,969,2,186
"forward_row_1","1230847736","MF413110.1","1",1139,1124,"29144",2,"reverse_row_1","2",953,969,2,186
"forward_row_1","1230847738","MF413111.1","1",1139,1124,"29144",2,"reverse_row_1","2",953,969,2,186
"forward_row_1","1230847740","MF413112.1","1",1139,1124,"29144",2,"reverse_row_1","2",953,969,2,186
"forward_row_1","1230847742","MF413113.1","1",1139,1124,"29144",2,"reverse_row_1","2",953,969,2,186
"forward_row_1","1230847744","MF413114.1","1",1139,1124,"29144",2,"reverse_row_1","2",953,969,2,186
"forward_row_1","1230847746","MF413115.1","1",1139,1124,"29144",2,"reverse_row_1","2",953,969,2,186
"forward_row_1","1230847748","MF413116.1","1",1139,1124,"29144",2,"reverse_row_1","2",953,969,2,186
"forward_row_1","1230847750","MF413117.1","1",1139,1124,"29144",2,"reverse_row_1","2",953,969,2,186
"forward_row_1","1230847752","MF413118.1","1",1139,1124,"29144",2,"reverse_row_1","2",953,969,2,186
"forward_row_1","1230847754","MF413119.1","1",1139,1124,"29144",2,"reverse_row_1","2",953,969,2,186
"forward_row_1","1230847756","MF413120.1","1",1139,1124,"29144",2,"reverse_row_1","2",953,969,2,186
"forward_row_1","1230847758","MF413121.1","1",1139,1124,"29144",2,"reverse_row_1","2",953,969,2,186
"forward_row_1","1230847760","MF413122.1","1",1139,1124,"29144",2,"reverse_row_1","2",953,969,2,186
"forward_row_1","1230847762","MF413123.1","1",1139,1124,"29144",2,"reverse_row_1","2",953,969,2,186
"forward_row_1","1230847764","MF413124.1","1",1139,1124,"29144",2,"reverse_row_1","2",953,969,2,186
"forward_row_1","1230847766","MF413125.1","1",1139,1124,"29144",2,"reverse_row_1","2",953,969,2,186
"forward_row_1","1230847768","MF413126.1","1",1139,1124,"29144",2,"reverse_row_1","2",953,969,2,186
"forward_row_1","1230847770","MF413127.1","1",1139,1124,"29144",2,"reverse_row_1","2",953,969,2,186
"forward_row_1","1230847772","MF413128.1","1",1139,1124,"29144",2,"reverse_row_1","2",953,969,2,186
"forward_row_1","1230847774","MF413129.1","1",1139,1124,"29144",2,"reverse_row_1","2",953,969,2,186
"forward_row_1","1230847776","MF413130.1","1",1139,1124,"29144",2,"reverse_row_1","2",953,969,2,186
"forward_row_1","1230847778","MF413131.1","1",1139,1124,"29144",2,"reverse_row_1","2",953,969,2,186
"forward_row_1","1230847780","MF413132.1","1",1139,1124,"29144",2,"reverse_row_1","2",953,969,2,186
"forward_row_1","1230847782","MF413133.1","1",1139,1124,"29144",2,"reverse_row_1","2",953,969,2,186
"forward_row_1","1230847784","MF413134.1","1",1139,1124,"29144",2,"reverse_row_1","2",953,969,2,186
"forward_row_1","1230847786","MF413135.1","1",1139,1124,"29144",2,"reverse_row_1","2",953,969,2,186
"forward_row_1","1230847788","MF413136.1","1",1139,1124,"29144",2,"reverse_row_1","2",953,969,2,186
"forward_row_1","1230847790","MF413137.1","1",1139,1124,"29144",2,"reverse_row_1","2",953,969,2,186
"forward_row_1","1230847792","MF413138.1","1",1139,1124,"29144",2,"reverse_row_1","2",953,969,2,186
"forward_row_1","1230847794","MF413139.1","1",1139,1124,"29144",2,"reverse_row_1","2",953,969,2,186
"forward_row_1","1230847796","MF413140.1","1",1139,1124,"29144",2,"reverse_row_1","2",953,969,2,186
"forward_row_1","1230847798","MF413141.1","1",1139,1124,"29144",2,"reverse_row_1","2",953,969,2,186
"forward_row_1","1230847800","MF413142.1","1",1139,1124,"29144",2,"reverse_row_1","2",953,969,2,186
"forward_row_1","1230847802","MF413143.1","1",1139,1124,"29144",2,"reverse_row_1","2",953,969,2,186
"forward_row_1","1230847804","MF413144.1","1",1139,1124,"29144",2,"reverse_row_1","2",953,969,2,186
"forward_row_1","1230847806","MF413145.1","1",1139,1124,"29144",2,"reverse_row_1","2",953,969,2,186
"forward_row_1","1230847808","MF413146.1","1",1139,1124,"29144",2,"reverse_row_1","2",953,969,2,186
"forward_row_1","1230847810","MF413147.1","1",1139,1124,"29144",2,"reverse_row_1","2",953,969,2,186
"forward_row_1","1230847812","MF413148.1","1",1139,1124,"29144",2,"reverse_row_1","2",953,969,2,186
"forward_row_1","1230847814","MF413149.1","1",1139,1124,"29144",2,"reverse_row_1","2",953,969,2,186
"forward_row_1","1230847816","MF413150.1","1",1139,1124,"29144",2,"reverse_row_1","2",953,969,2,186
"forward_row_1","1230847818","MF413151.1","1",1139,1124,"29144",2,"reverse_row_1","2",953,969,2,186
"forward_row_1","1230847820","MF413152.1","1",1139,1124,"29144",2,"reverse_row_1","2",953,969,2,186
"forward_row_1","1230847822","MF413153.1","1",1139,1124,"29144",2,"reverse_row_1","2",953,969,2,186
"forward_row_1","1230847824","MF413154.1","1",1139,1124,"29144",2,"reverse_row_1","2",953,969,2,186
"forward_row_1","1230847826","MF413155.1","1",1139,1124,"29144",2,"reverse_row_1","2",953,969,2,186
"forward_row_1","1230847828","MF413156.1","1",1139,1124,"29144",2,"reverse_row_1","2",953,969,2,186
"forward_row_1","1230847830","MF413157.1","1",1139,1124,"29144",2,"reverse_row_1","2",953,969,2,186
"forward_row_1","1230847832","MF413158.1","1",1139,1124,"29144",2,"reverse_row_1","2",953,969,2,186
"forward_row_1","1230847834","MF413159.1","1",1139,1124,"29144",2,"reverse_row_1","2",953,969,2,186
"forward_row_1","1230847836","MF413160.1","1",1139,1124,"29144",2,"reverse_row_1","2",953,969,2,186
"forward_row_1","1230847838","MF413161.1","1",1139,1124,"29144",2,"reverse_row_1","2",953,969,2,186
"forward_row_1","1230847840","MF413162.1","1",1139,1124,"29144",2,"reverse_row_1","2",953,969,2,186
"forward_row_1","1230847842","MF413163.1","1",1139,1124,"29144",2,"reverse_row_1","2",953,969,2,186
"forward_row_1","1230847844","MF413164.1","1",1139,1124,"29144",2,"reverse_row_1","2",953,969,2,186
"forward_row_1","1230847846","MF413165.1","1",1139,1124,"29144",2,"reverse_row_1","2",953,969,2,186
"forward_row_1","1230847848","MF413166.1","1",1139,1124,"29144",2,"reverse_row_1","2",953,969,2,186
"forward_row_1","1230847850","MF413167.1","1",1139,1124,"29144",2,"reverse_row_1","2",953,969,2,186
"forward_row_1","1230847852","MF413168.1","1",1139,1124,"29144",2,"reverse_row_1","2",953,969,2,186
"forward_row_1","1230847854","MF413169.1","1",1139,1124,"29144",2,"reverse_row_1","2",953,969,2,186
"forward_row_1","1230847856","MF413170.1","1",1139,1124,"29144",2,"reverse_row_1","2",953,969,2,186
"forward_row_1","1230847858","MF413171.1","1",1139,1124,"29144",2,"reverse_row_1","2",953,969,2,186
"forward_row_1","1230847860","MF413172.1","1",1139,1124,"29144",2,"reverse_row_1","2",953,969,2,186
"forward_row_1","1230847862","MF413173.1","1",1139,1124,"29144",2,"reverse_row_1","2",953,969,2,186
"forward_row_1","1230847864","MF413174.1","1",1139,1124,"29144",2,"reverse_row_1","2",953,969,2,186
"forward_row_1","1230847866","MF413175.1","1",1139,1124,"29144",2,"reverse_row_1","2",953,969,2,186
"forward_row_1","1230847868","MF413176.1","1",1139,1124,"29144",2,"reverse_row_1","2",953,969,2,186
"forward_row_1","1230847870","MF413177.1","1",1139,1124,"29144",2,"reverse_row_1","2",953,969,2,186
"forward_row_1","1230847872","MF413178.1","1",1139,1124,"29144",2,"reverse_row_1","2",953,969,2,186
"forward_row_1","1230847874","MF413179.1","1",1139,1124,"29144",2,"reverse_row_1","2",953,969,2,186
"forward_row_1","1230847876","MF413180.1","1",1139,1124,"29144",2,"reverse_row_1","2",953,969,2,186
"forward_row_1","1230847878","MF413181.1","1",1139,1124,"29144",2,"reverse_row_1","2",953,969,2,186
"forward_row_1","1230847880","MF413182.1","1",1139,1124,"29144",2,"reverse_row_1","2",953,969,2,186
"forward_row_1","1230847882","MF413183.1","1",1139,1124,"29144",2,"reverse_row_1","2",953,969,2,186
"forward_row_1","1230847884","MF413184.1","1",1139,1124,"29144",2,"reverse_row_1","2",953,969,2,186
"forward_row_1","1230847886","MF413185.1","1",1139,1124,"29144",2,"reverse_row_1","2",953,969,2,186
"forward_row_1","1230847888","MF413186.1","1",1139,1124,"29144",2,"reverse_row_1","2",953,969,2,186
"forward_row_1","1230847890","MF413187.1","1",1139,1124,"29144",2,"reverse_row_1","2",953,969,2,186
"forward_row_1","1230847892","MF413188.1","1",1139,1124,"29144",2,"reverse_row_1","2",953,969,2,186
"forward_row_1","1230847894","MF413189.1","1",1139,1124,"29144",2,"reverse_row_1","2",953,969,2,186
"forward_row_1","1230847896","MF413190.1","1",1139,1124,"29144",2,"reverse_row_1","2",953,969,2,186
"forward_row_1","1230847898","MF413191.1","1",1139,1124,"29144",2,"reverse_row_1","2",953,969,2,186
"forward_row_1","1230847900","MF413192.1","1",1139,1124,"29144",2,"reverse_row_1","2",953,969,2,186
"forward_row_1","1230847902","MF413193.1","1",1139,1124,"29144",2,"reverse_row_1","2",953,969,2,186
"forward_row_1","1230847904","MF413194.1","1",1139,1124,"29144",2,"reverse_row_1","2",953,969,2,186
"forward_row_1","1230847906","MF413195.1","1",1139,1124,"29144",2,"reverse_row_1","2",953,969,2,186
"forward_row_1","1230847908","MF413196.1","1",1139,1124,"29144",2,"reverse_row_1","2",953,969,2,186
"forward_row_1","1230847910","MF413197.1","1",1139,1124,"29144",2,"reverse_row_1","2",953,969,2,186
"forward_row_1","1230847912","MF413198.1","1",1139,1124,"29144",2,"reverse_row_1","2",953,969,2,186
"forward_row_1","1230847914","MF413199.1","1",1139,1124,"29144",2,"reverse_row_1","2",953,969,2,186
"forward_row_1","1230847916","MF413200.1","1",1139,1124,"29144",2,"reverse_row_1","2",953,969,2,186
"forward_row_1","1230847918","MF413201.1","1",1139,1124,"29144",2,"reverse_row_1","2",953,969,2,186
"forward_row_1","1230847920","MF413202.1","1",1139,1124,"29144",2,"reverse_row_1","2",953,969,2,186
"forward_row_1","1230847922","MF413203.1","1",1139,1124,"29144",2,"reverse_row_1","2",953,969,2,186
"forward_row_1","1230847924","MF413204.1","1",1139,1124,"29144",2,"reverse_row_1","2",953,969,2,186
"forward_row_1","1230847926","MF413205.1","1",1139,1124,"29144",2,"reverse_row_1","2",953,969,2,186
"forward_row_1","1230847928","MF413206.1","1",1139,1124,"29144",2,"reverse_row_1","2",953,969,2,186
"forward_row_1","1230847930","MF413207.1","1",1139,1124,"29144",2,"reverse_row_1","2",953,969,2,186
"forward_row_1","1230847932","MF413208.1","1",1139,1124,"29144",2,"reverse_row_1","2",953,969,2,186
"forward_row_1","1230847934","MF413209.1","1",1139,1124,"29144",2,"reverse_row_1","2",953,969,2,186
"forward_row_1","1230847936","MF413210.1","1",1139,1124,"29144",2,"reverse_row_1","2",953,969,2,186
"forward_row_1","1230847938","MF413211.1","1",1139,1124,"29144",2,"reverse_row_1","2",953,969,2,186
"forward_row_1","1230847940","MF413212.1","1",1139,1124,"29144",2,"reverse_row_1","2",953,969,2,186
"forward_row_1","1230847942","MF413213.1","1",1139,1124,"29144",2,"reverse_row_1","2",953,969,2,186
"forward_row_1","1230847944","MF413214.1","1",1139,1124,"29144",2,"reverse_row_1","2",953,969,2,186
"forward_row_1","1230847946","MF413215.1","1",1139,1124,"29144",2,"reverse_row_1","2",953,969,2,186
"forward_row_1","1230847948","MF413216.1","1",1139,1124,"29144",2,"reverse_row_1","2",953,969,2,186
"forward_row_1","1230847950","MF413217.1","1",1139,1124,"29144",2,"reverse_row_1","2",953,969,2,186
"forward_row_1","1230847952","MF413218.1","1",1139,1124,"29144",2,"reverse_row_1","2",953,969,2,186
"forward_row_1","1230847954","MF413219.1","1",1139,1124,"29144",2,"reverse_row_1","2",953,969,2,186
"forward_row_1","1230847956","MF413220.1","1",1139,1124,"29144",2,"reverse_row_1","2",953,969,2,186
"forward_row_1","1230847958","MF413221.1","1",1139,1124,"29144",2,"reverse_row_1","2",953,969,2,186
"forward_row_1","1230847960","MF413222.1","1",1139,1124,"29144",2,"reverse_row_1","2",953,969,2,186
"forward_row_1","1230847962","MF413223.1","1",1139,1124,"29144",2,"reverse_row_1","2",953,969,2,186
"forward_row_1","1230847964","MF413224.1","1",1139,1124,"29144",2,"reverse_row_1","2",953,969,2,186
"forward_row_1","1230847966","MF413225.1","1",1139,1124,"29144",2,"reverse_row_1","2",953,969,2,186
"forward_row_1","1230847968","MF413226.1","1",1139,1124,"29144",2,"reverse_row_1","2",953,969,2,186
"forward_row_1","1230847970","MF413227.1","1",1139,1124,"29144",2,"reverse_row_1","2",953,969,2,186
"forward_row_1","1230847972","MF413228.1","1",1139,1124,"29144",2,"reverse_row_1","2",953,969,2,186
"forward_row_1","1230847974","MF413229.1","1",1139,1124,"29144",2,"reverse_row_1","2",953,969,2,186
"forward_row_1","1230847976","MF413230.1","1",1139,1124,"29144",2,"reverse_row_1","2",953,969,2,186
"forward_row_1","1230847978","MF413231.1","1",1139,1124,"29144",2,"reverse_row_1","2",953,969,2,186
"forward_row_1","1230847980","MF413232.1","1",1139,1124,"29144",2,"reverse_row_1","2",953,969,2,186
"forward_row_1","1230847982","MF413233.1","1",1139,1124,"29144",2,"reverse_row_1","2",953,969,2,186
"forward_row_1","1230847984","MF413234.1","1",1139,1124,"29144",2,"reverse_row_1","2",953,969,2,186
"forward_row_1","1230847986","MF413235.1","1",1139,1124,"29144",2,"reverse_row_1","2",953,969,2,186
"forward_row_1","1230847988","MF413236.1","1",1139,1124,"29144",2,"reverse_row_1","2",953,969,2,186
"forward_row_1","1230847990","MF413237.1","1",1139,1124,"29144",2,"reverse_row_1","2",953,969,2,186
"forward_row_1","1230847992","MF413238.1","1",1139,1124,"29144",2,"reverse_row_1","2",953,969,2,186
"forward_row_1","1230847994","MF413239.1","1",1139,1124,"29144",2,"reverse_row_1","2",953,969,2,186
"forward_row_1","1230847996","MF413240.1","1",1139,1124,"29144",2,"reverse_row_1","2",953,969,2,186
"forward_row_1","1230847998","MF413241.1","1",1139,1124,"29144",2,"reverse_row_1","2",953,969,2,186
"forward_row_1","1230848000","MF413242.1","1",1139,1124,"29144",2,"reverse_row_1","2",953,969,2,186
"forward_row_1","1230848002","MF413243.1","1",1139,1124,"29144",2,"reverse_row_1","2",953,969,2,186
"forward_row_1","1230848004","MF413244.1","1",1139,1124,"29144",2,"reverse_row_1","2",953,969,2,186
"forward_row_1","1230848006","MF413245.1","1",1139,1124,"29144",2,"reverse_row_1","2",953,969,2,186
"forward_row_1","1230848008","MF413246.1","1",1139,1124,"29144",2,"reverse_row_1","2",953,969,2,186
"forward_row_1","1230848010","MF413247.1","1",1139,1124,"29144",2,"reverse_row_1","2",953,969,2,186
"forward_row_1","1230848012","MF413248.1","1",1139,1124,"29144",2,"reverse_row_1","2",953,969,2,186
"forward_row_1","1230848014","MF413249.1","1",1139,1124,"29144",2,"reverse_row_1","2",953,969,2,186
"forward_row_1","1230848016","MF413250.1","1",1139,1124,"29144",2,"reverse_row_1","2",953,969,2,186
"forward_row_1","1230848018","MF413251.1","1",1139,1124,"29144",2,"reverse_row_1","2",953,969,2,186
"forward_row_1","1230848020","MF413252.1","1",1139,1124,"29144",2,"reverse_row_1","2",953,969,2,186
"forward_row_1","1230848022","MF413253.1","1",1139,1124,"29144",2,"reverse_row_1","2",953,969,2,186
"forward_row_1","1230848024","MF413254.1","1",1139,1124,"29144",2,"reverse_row_1","2",953,969,2,186
"forward_row_1","1230848026","MF413255.1","1",1139,1124,"29144",2,"reverse_row_1","2",953,969,2,186
"forward_row_1","1230848028","MF413256.1","1",1139,1124,"29144",2,"reverse_row_1","2",953,969,2,186
"forward_row_1","1230848030","MF413257.1","1",1139,1124,"29144",2,"reverse_row_1","2",953,969,2,186
"forward_row_1","1230848032","MF413258.1","1",1139,1124,"29144",2,"reverse_row_1","2",953,969,2,186
"forward_row_1","1230848034","MF413259.1","1",1139,1124,"29144",2,"reverse_row_1","2",953,969,2,186
"forward_row_1","1230848036","MF413260.1","1",1139,1124,"29144",2,"reverse_row_1","2",953,969,2,186
"forward_row_1","1230848038","MF413261.1","1",1139,1124,"29144",2,"reverse_row_1","2",953,969,2,186
"forward_row_1","1230848040","MF413262.1","1",1139,1124,"29144",2,"reverse_row_1","2",953,969,2,186
"forward_row_1","1230848042","MF413263.1","1",1139,1124,"29144",2,"reverse_row_1","2",953,969,2,186
"forward_row_1","1230848044","MF413264.1","1",1139,1124,"29144",2,"reverse_row_1","2",953,969,2,186
"forward_row_1","1230848046","MF413265.1","1",1139,1124,"29144",2,"reverse_row_1","2",953,969,2,186
"forward_row_1","1230848048","MF413266.1","1",1139,1124,"29144",2,"reverse_row_1","2",953,969,2,186
"forward_row_1","1230848050","MF413267.1","1",1139,1124,"29144",2,"reverse_row_1","2",953,969,2,186
"forward_row_1","1230848052","MF413268.1","1",1139,1124,"29144",2,"reverse_row_1","2",953,969,2,186
"forward_row_1","1230848054","MF413269.1","1",1139,1124,"29144",2,"reverse_row_1","2",953,969,2,186
"forward_row_1","1230848056","MF413270.1","1",1139,1124,"29144",2,"reverse_row_1","2",953,969,2,186
"forward_row_1","1230848058","MF413271.1","1",1139,1124,"29144",2,"reverse_row_1","2",953,969,2,186
"forward_row_1","1230848060","MF413272.1","1",1139,1124,"29144",2,"reverse_row_1","2",953,969,2,186
"forward_row_1","1230848062","MF413273.1","1",1139,1124,"29144",2,"reverse_row_1","2",953,969,2,186
"forward_row_1","1230848064","MF413274.1","1",1139,1124,"29144",2,"reverse_row_1","2",953,969,2,186
"forward_row_1","1230848066","MF413275.1","1",1139,1124,"29144",2,"reverse_row_1","2",953,969,2,186
"forward_row_1","1230848068","MF413276.1","1",1139,1124,"29144",2,"reverse_row_1","2",953,969,2,186
"forward_row_1","1230848070","MF413277.1","1",1139,1124,"29144",2,"reverse_row_1","2",953,969,2,186
"forward_row_1","1230848072","MF413278.1","1",1139,1124,"29144",2,"reverse_row_1","2",953,969,2,186
"forward_row_1","1230848074","MF413279.1","1",1139,1124,"29144",2,"reverse_row_1","2",953,969,2,186
"forward_row_1","1230848076","MF413280.1","1",1139,1124,"29144",2,"reverse_row_1","2",953,969,2,186
"forward_row_1","1230848078","MF413281.1","1",1139,1124,"29144",2,"reverse_row_1","2",953,969,2,186
"forward_row_1","1230848080","MF413282.1","1",1139,1124,"29144",2,"reverse_row_1","2",953,969,2,186
"forward_row_1","1230848082","MF413283.1","1",1139,1124,"29144",2,"reverse_row_1","2",953,969,2,186
"forward_row_1","1230848084","MF413284.1","1",1139,1124,"29144",2,"reverse_row_1","2",953,969,2,186
"forward_row_1","1230848086","MF413285.1","1",1139,1124,"29144",2,"reverse_row_1","2",953,969,2,186
"forward_row_1","1230848088","MF413286.1","1",1139,1124,"29144",2,"reverse_row_1","2",953,969,2,186
"forward_row_1","1230848090","MF413287.1","1",1139,1124,"29144",2,"reverse_row_1","2",953,969,2,186
"forward_row_1","1230848092","MF413288.1","1",1139,1124,"29144",2,"reverse_row_1","2",953,969,2,186
"forward_row_1","1230848094","MF413289.1","1",1139,1124,"29144",2,"reverse_row_1","2",953,969,2,186
"forward_row_1","1230848096","MF413290.1","1",1139,1124,"29144",2,"reverse_row_1","2",953,969,2,186
"forward_row_1","1230848098","MF413291.1","1",1139,1124,"29144",2,"reverse_row_1","2",953,969,2,186
"forward_row_1","1230848100","MF413292.1","1",1139,1124,"29144",2,"reverse_row_1","2",953,969,2,186
"forward_row_1","1230848102","MF413293.1","1",1139,1124,"29144",2,"reverse_row_1","2",953,969,2,186
"forward_row_1","1230848104","MF413294.1","1",1139,1124,"29144",2,"reverse_row_1","2",953,969,2,186
"forward_row_1","1230848106","MF413295.1","1",1139,1124,"29144",2,"reverse_row_1","2",953,969,2,186
"forward_row_1","1230848108","MF413296.1","1",1139,1124,"29144",2,"reverse_row_1","2",953,969,2,186
"forward_row_1","1276391848","MF621737.1","1",15516,15501,"8038",2,"reverse_row_1","2",15330,15347,2,186
"forward_row_1","1276391862","MF621738.1","1",15516,15501,"8038",2,"reverse_row_1","2",15330,15347,2,186
"forward_row_1","1276391876","MF621739.1","1",15516,15501,"8038",2,"reverse_row_1","2",15330,15347,2,186
"forward_row_1","1276391890","MF621740.1","1",15515,15500,"8036",2,"reverse_row_1","2",15329,15346,2,186
"forward_row_1","1276391904","MF621741.1","1",15515,15500,"8036",2,"reverse_row_1","2",15329,15346,2,186
"forward_row_1","1276391932","MF621743.1","1",15516,15501,"8036",2,"reverse_row_1","2",15330,15347,2,186
"forward_row_1","1276391946","MF621744.1","1",15517,15502,"8040",2,"reverse_row_1","2",15331,15348,2,186
"forward_row_1","1276391974","MF621746.1","1",15518,15503,"8040",2,"reverse_row_1","2",15332,15349,2,186
"forward_row_1","1276391988","MF621747.1","1",15517,15502,"8040",2,"reverse_row_1","2",15331,15348,2,186
"forward_row_1","1276392002","MF621748.1","1",15518,15503,"8040",2,"reverse_row_1","2",15332,15349,2,186
"forward_row_1","1464921177","MG238239.1","2",1140,1124,"1136804",2,"reverse_row_1","2",953,969,2,187
"forward_row_1","1464921193","MG238247.1","2",1140,1124,"2048579",2,"reverse_row_1","2",953,969,2,187
"forward_row_1","1464921195","MG238248.1","2",1140,1124,"2048579",2,"reverse_row_1","2",953,969,2,187
"forward_row_1","1464921197","MG238249.1","2",1140,1124,"2048579",2,"reverse_row_1","2",953,969,2,187
"forward_row_1","1464921243","MG238272.1","2",1140,1124,"297508",2,"reverse_row_1","2",953,969,2,187
"forward_row_1","1464921259","MG238280.1","2",1140,1124,"341108",2,"reverse_row_1","2",953,969,2,187
"forward_row_1","1464921261","MG238281.1","2",1140,1124,"341108",2,"reverse_row_1","2",953,969,2,187
"forward_row_1","1464921271","MG238286.1","2",1140,1124,"1136806",2,"reverse_row_1","2",953,969,2,187
"forward_row_1","1464921273","MG238287.1","2",1140,1124,"1136806",2,"reverse_row_1","2",953,969,2,187
"forward_row_1","1464921287","MG238294.1","2",1070,1054,"2048585",2,"reverse_row_1","2",883,899,2,187
"forward_row_1","1347733699","MG791924.1","2",1141,1124,"1483112",2,"reverse_row_1","1",955,970,2,186
"forward_row_1","1347733701","MG791925.1","2",1141,1124,"1483112",2,"reverse_row_1","1",955,970,2,186
"forward_row_1","1347733703","MG791926.1","2",1141,1124,"1483112",2,"reverse_row_1","1",955,970,2,186
"forward_row_1","1347733705","MG791927.1","2",1141,1124,"1483112",2,"reverse_row_1","1",955,970,2,186
"forward_row_1","1569049100","MH027696.1","1",1122,1106,"143406",2,"reverse_row_1","2",935,952,2,187
"forward_row_1","1488568623","MH378777.1","0",15528,15511,"72099",3,"reverse_row_1","0",15340,15357,3,188
"forward_row_1","1488568651","MH378779.1","0",15525,15508,"201708",2,"reverse_row_1","1",15337,15354,2,188
"forward_row_1","1488568693","MH378782.1","0",15522,15505,"214483",2,"reverse_row_1","1",15334,15351,2,188
"forward_row_1","1579176408","MH430802.1","1",1189,1174,"152106",2,"reverse_row_1","2",1003,1020,2,186
"forward_row_1","1579176410","MH430803.1","1",1139,1124,"152106",2,"reverse_row_1","2",953,970,2,186
"forward_row_1","1579176412","MH430804.1","1",1189,1174,"152106",2,"reverse_row_1","2",1003,1020,2,186
"forward_row_1","1579176414","MH430805.1","1",1139,1124,"152106",2,"reverse_row_1","2",953,970,2,186
"forward_row_1","1579176416","MH430806.1","1",1188,1173,"152107",2,"reverse_row_1","2",1002,1019,2,186
"forward_row_1","1778007500","MK258077.1","1",15515,15500,"201498",2,"reverse_row_1","2",15329,15346,2,186
"forward_row_1","1778007514","MK258078.1","1",15515,15500,"201498",2,"reverse_row_1","2",15329,15346,2,186
"forward_row_1","1778007528","MK258079.1","1",15515,15500,"201498",2,"reverse_row_1","2",15329,15346,2,186
"forward_row_1","1778007542","MK258080.1","1",15514,15499,"201498",2,"reverse_row_1","2",15328,15345,2,186
"forward_row_1","1778007556","MK258081.1","1",15514,15499,"201498",2,"reverse_row_1","2",15328,15345,2,186
"forward_row_1","1778007570","MK258082.1","1",15514,15499,"201498",2,"reverse_row_1","2",15328,15345,2,186
"forward_row_1","1778007584","MK258083.1","1",15515,15500,"201498",2,"reverse_row_1","2",15329,15346,2,186
"forward_row_1","1778007598","MK258084.1","1",15515,15500,"201498",2,"reverse_row_1","2",15329,15346,2,186
"forward_row_1","2158462455","MK336887.1","0",15521,15504,"41446",2,"reverse_row_1","0",15333,15349,2,188
"forward_row_1","2158462469","MK336888.1","0",15521,15504,"41446",2,"reverse_row_1","0",15333,15349,2,188
"forward_row_1","1815520368","MK695625.1","1",15517,15502,"152107",2,"reverse_row_1","2",15331,15348,2,186
"forward_row_1","1815520452","MK695631.1","1",15517,15502,"152113",2,"reverse_row_1","2",15331,15348,2,186
"forward_row_1","1782764411","MN530959.1","1",15516,15501,"8039",2,"reverse_row_1","2",15330,15347,2,186
"forward_row_1","1782764425","MN530960.1","1",15516,15501,"8039",2,"reverse_row_1","2",15330,15347,2,186
"forward_row_1","1782764453","MN530962.1","1",15515,15500,"8036",2,"reverse_row_1","2",15329,15346,2,186
"forward_row_1","1782764467","MN530963.1","1",15515,15500,"8036",2,"reverse_row_1","2",15329,15346,2,186
"forward_row_1","1907864668","MN957795.1","1",15517,15502,"85061",2,"reverse_row_1","2",15331,15348,2,186
"forward_row_1","1907864682","MN957796.1","1",15517,15502,"85061",2,"reverse_row_1","2",15331,15348,2,186
"forward_row_1","1907864696","MN957797.1","1",15517,15502,"85061",2,"reverse_row_1","2",15331,15348,2,186
"forward_row_1","1896498909","MT410911.1","0",15521,15508,"202727",2,"reverse_row_1","1",15335,15352,2,186
"forward_row_1","2026651510","MT584656.1","0",15520,15503,"41446",2,"reverse_row_1","0",15332,15348,2,188
"forward_row_1","1939463919","MT789709.1","0",15521,15504,"41446",2,"reverse_row_1","0",15333,15349,2,188
"forward_row_1","2127677514","MT880631.1","1",16512,16497,"8036",2,"reverse_row_1","2",16326,16343,2,186
"forward_row_1","2127677528","MT880632.1","1",16513,16498,"8036",2,"reverse_row_1","2",16327,16344,2,186
"forward_row_1","2127677542","MT880633.1","1",16514,16499,"8036",2,"reverse_row_1","2",16328,16345,2,186
"forward_row_1","2127677556","MT880634.1","1",16513,16498,"8036",2,"reverse_row_1","2",16327,16344,2,186
"forward_row_1","2127677570","MT880635.1","1",16509,16494,"8036",2,"reverse_row_1","2",16323,16340,2,186
"forward_row_1","2127677584","MT880636.1","1",16512,16497,"8036",2,"reverse_row_1","2",16326,16343,2,186
"forward_row_1","2127677598","MT880637.1","1",16509,16494,"8036",2,"reverse_row_1","2",16323,16340,2,186
"forward_row_1","2127677612","MT880638.1","1",16512,16497,"8036",2,"reverse_row_1","2",16326,16343,2,186
"forward_row_1","2127677626","MT880639.1","1",16509,16494,"8036",2,"reverse_row_1","2",16323,16340,2,186
"forward_row_1","2127677640","MT880640.1","1",16509,16494,"8036",2,"reverse_row_1","2",16323,16340,2,186
"forward_row_1","2127677654","MT880641.1","1",16509,16494,"8036",2,"reverse_row_1","2",16323,16340,2,186
"forward_row_1","2127677668","MT880642.1","1",16509,16494,"8036",2,"reverse_row_1","2",16323,16340,2,186
"forward_row_1","2127677682","MT880643.1","1",16509,16494,"8036",2,"reverse_row_1","2",16323,16340,2,186
"forward_row_1","2127677696","MT880644.1","1",16509,16494,"8036",2,"reverse_row_1","2",16323,16340,2,186
"forward_row_1","2127677710","MT880645.1","1",16509,16494,"8036",2,"reverse_row_1","2",16323,16340,2,186
"forward_row_1","2127677724","MT880646.1","1",16509,16494,"8036",2,"reverse_row_1","2",16323,16340,2,186
"forward_row_1","2127677738","MT880647.1","1",16509,16494,"8036",2,"reverse_row_1","2",16323,16340,2,186
"forward_row_1","2127677752","MT880648.1","1",16509,16494,"8036",2,"reverse_row_1","2",16323,16340,2,186
"forward_row_1","2127677766","MT880649.1","1",16509,16494,"8036",2,"reverse_row_1","2",16323,16340,2,186
"forward_row_1","2127677780","MT880650.1","1",16510,16495,"8036",2,"reverse_row_1","2",16324,16341,2,186
"forward_row_1","2127677794","MT880651.1","1",16512,16497,"8036",2,"reverse_row_1","2",16326,16343,2,186
"forward_row_1","2127677808","MT880652.1","1",16510,16495,"8036",2,"reverse_row_1","2",16324,16341,2,186
"forward_row_1","2127677822","MT880653.1","1",16510,16495,"8036",2,"reverse_row_1","2",16324,16341,2,186
"forward_row_1","2127677836","MT880654.1","1",16509,16494,"8036",2,"reverse_row_1","2",16323,16340,2,186
"forward_row_1","2127677850","MT880655.1","1",16510,16495,"8036",2,"reverse_row_1","2",16324,16341,2,186
"forward_row_1","2127677864","MT880656.1","1",16509,16494,"8036",2,"reverse_row_1","2",16323,16340,2,186
"forward_row_1","2127677878","MT880657.1","1",16510,16495,"8036",2,"reverse_row_1","2",16324,16341,2,186
"forward_row_1","2127677892","MT880658.1","1",16510,16495,"8036",2,"reverse_row_1","2",16324,16341,2,186
"forward_row_1","2127677906","MT880659.1","1",16512,16497,"8036",2,"reverse_row_1","2",16326,16343,2,186
"forward_row_1","2127677920","MT880660.1","1",16512,16497,"8036",2,"reverse_row_1","2",16326,16343,2,186
"forward_row_1","2127677934","MT880661.1","1",16512,16497,"8036",2,"reverse_row_1","2",16326,16343,2,186
"forward_row_1","2127677948","MT880662.1","1",16512,16497,"8036",2,"reverse_row_1","2",16326,16343,2,186
"forward_row_1","2127677962","MT880663.1","1",16512,16497,"8036",2,"reverse_row_1","2",16326,16343,2,186
"forward_row_1","2127677976","MT880664.1","1",16512,16497,"8036",2,"reverse_row_1","2",16326,16343,2,186
"forward_row_1","2127677990","MT880665.1","1",16512,16497,"8036",2,"reverse_row_1","2",16326,16343,2,186
"forward_row_1","2127678004","MT880666.1","1",16512,16497,"8036",2,"reverse_row_1","2",16326,16343,2,186
"forward_row_1","2127678018","MT880667.1","1",16512,16497,"8036",2,"reverse_row_1","2",16326,16343,2,186
"forward_row_1","2127678032","MT880668.1","1",16512,16497,"8036",2,"reverse_row_1","2",16326,16343,2,186
"forward_row_1","2127678046","MT880669.1","1",16509,16494,"8036",2,"reverse_row_1","2",16323,16340,2,186
"forward_row_1","2127678060","MT880670.1","1",16509,16494,"8036",2,"reverse_row_1","2",16323,16340,2,186
"forward_row_1","2127678074","MT880671.1","1",16509,16494,"8036",2,"reverse_row_1","2",16323,16340,2,186
"forward_row_1","2127678088","MT880672.1","1",16509,16494,"8036",2,"reverse_row_1","2",16323,16340,2,186
"forward_row_1","2127678102","MT880673.1","1",16509,16494,"8036",2,"reverse_row_1","2",16323,16340,2,186
"forward_row_1","2127678116","MT880674.1","1",16509,16494,"8036",2,"reverse_row_1","2",16323,16340,2,186
"forward_row_1","2127678130","MT880675.1","1",16509,16494,"8036",2,"reverse_row_1","2",16323,16340,2,186
"forward_row_1","2127678144","MT880676.1","1",16509,16494,"8036",2,"reverse_row_1","2",16323,16340,2,186
"forward_row_1","2127678158","MT880677.1","1",16509,16494,"8036",2,"reverse_row_1","2",16323,16340,2,186
"forward_row_1","2127678172","MT880678.1","1",16509,16494,"8036",2,"reverse_row_1","2",16323,16340,2,186
"forward_row_1","2127678186","MT880679.1","1",16509,16494,"8036",2,"reverse_row_1","2",16323,16340,2,186
"forward_row_1","2127678200","MT880680.1","1",16512,16497,"8036",2,"reverse_row_1","2",16326,16343,2,186
"forward_row_1","2127678214","MT880681.1","1",16512,16497,"8036",2,"reverse_row_1","2",16326,16343,2,186
"forward_row_1","2127678228","MT880682.1","1",16513,16498,"8036",2,"reverse_row_1","2",16327,16344,2,186
"forward_row_1","2127678242","MT880683.1","1",16509,16494,"8036",2,"reverse_row_1","2",16323,16340,2,186
"forward_row_1","2127678256","MT880684.1","1",16515,16500,"8036",2,"reverse_row_1","2",16329,16346,2,186
"forward_row_1","2127678270","MT880685.1","1",16513,16498,"8036",2,"reverse_row_1","2",16327,16344,2,186
"forward_row_1","2127678284","MT880686.1","1",16509,16494,"8036",2,"reverse_row_1","2",16323,16340,2,186
"forward_row_1","2127678298","MT880687.1","1",16509,16494,"8036",2,"reverse_row_1","2",16323,16340,2,186
"forward_row_1","2127678312","MT880688.1","1",16509,16494,"8036",2,"reverse_row_1","2",16323,16340,2,186
"forward_row_1","2127678326","MT880689.1","1",16509,16494,"8036",2,"reverse_row_1","2",16323,16340,2,186
"forward_row_1","2127678340","MT880690.1","1",16509,16494,"8036",2,"reverse_row_1","2",16323,16340,2,186
"forward_row_1","2127678354","MT880691.1","1",16512,16497,"8036",2,"reverse_row_1","2",16326,16343,2,186
"forward_row_1","2127678368","MT880692.1","1",16509,16494,"8036",2,"reverse_row_1","2",16323,16340,2,186
"forward_row_1","2127678382","MT880693.1","1",16513,16498,"8036",2,"reverse_row_1","2",16327,16344,2,186
"forward_row_1","2127678396","MT880694.1","1",16509,16494,"8036",2,"reverse_row_1","2",16323,16340,2,186
"forward_row_1","2127678410","MT880695.1","1",16509,16494,"8036",2,"reverse_row_1","2",16323,16340,2,186
"forward_row_1","2127678424","MT880696.1","1",16509,16494,"8036",2,"reverse_row_1","2",16323,16340,2,186
"forward_row_1","2127678438","MT880697.1","1",16509,16494,"8036",2,"reverse_row_1","2",16323,16340,2,186
"forward_row_1","2127678452","MT880698.1","1",16509,16494,"8036",2,"reverse_row_1","2",16323,16340,2,186
"forward_row_1","2127678466","MT880699.1","1",16509,16494,"8036",2,"reverse_row_1","2",16323,16340,2,186
"forward_row_1","2127678480","MT880700.1","1",16509,16494,"8036",2,"reverse_row_1","2",16323,16340,2,186
"forward_row_1","2127678494","MT880701.1","1",16509,16494,"8036",2,"reverse_row_1","2",16323,16340,2,186
"forward_row_1","2127678508","MT880702.1","1",16509,16494,"8036",2,"reverse_row_1","2",16323,16340,2,186
"forward_row_1","2127678522","MT880703.1","1",16509,16494,"8036",2,"reverse_row_1","2",16323,16340,2,186
"forward_row_1","2127678536","MT880704.1","1",16509,16494,"8036",2,"reverse_row_1","2",16323,16340,2,186
"forward_row_1","2127678550","MT880705.1","1",16509,16494,"8036",2,"reverse_row_1","2",16323,16340,2,186
"forward_row_1","2127678564","MT880706.1","1",16509,16494,"8036",2,"reverse_row_1","2",16323,16340,2,186
"forward_row_1","2127678578","MT880707.1","1",16509,16494,"8036",2,"reverse_row_1","2",16323,16340,2,186
"forward_row_1","2127678592","MT880708.1","1",16512,16497,"8036",2,"reverse_row_1","2",16326,16343,2,186
"forward_row_1","2127678606","MT880709.1","1",16510,16495,"8036",2,"reverse_row_1","2",16324,16341,2,186
"forward_row_1","2127678620","MT880710.1","1",16512,16497,"8036",2,"reverse_row_1","2",16326,16343,2,186
"forward_row_1","2127678634","MT880711.1","1",16512,16497,"8036",2,"reverse_row_1","2",16326,16343,2,186
"forward_row_1","2127678648","MT880712.1","1",16512,16497,"8036",2,"reverse_row_1","2",16326,16343,2,186
"forward_row_1","2127678662","MT880713.1","1",16512,16497,"8036",2,"reverse_row_1","2",16326,16343,2,186
"forward_row_1","2127678676","MT880714.1","1",16512,16497,"8036",2,"reverse_row_1","2",16326,16343,2,186
"forward_row_1","2127678690","MT880715.1","1",16512,16497,"8036",2,"reverse_row_1","2",16326,16343,2,186
"forward_row_1","2127678704","MT880716.1","1",16512,16497,"8036",2,"reverse_row_1","2",16326,16343,2,186
"forward_row_1","2127678718","MT880717.1","1",16512,16497,"8036",2,"reverse_row_1","2",16326,16343,2,186
"forward_row_1","2127678732","MT880718.1","1",16512,16497,"8036",2,"reverse_row_1","2",16326,16343,2,186
"forward_row_1","2127678746","MT880719.1","1",16512,16497,"8036",2,"reverse_row_1","2",16326,16343,2,186
"forward_row_1","2127678760","MT880720.1","1",16512,16497,"8036",2,"reverse_row_1","2",16326,16343,2,186
"forward_row_1","2127678774","MT880721.1","1",16512,16497,"8036",2,"reverse_row_1","2",16326,16343,2,186
"forward_row_1","2127678788","MT880722.1","1",16512,16497,"8036",2,"reverse_row_1","2",16326,16343,2,186
"forward_row_1","2127678802","MT880723.1","1",16512,16497,"8036",2,"reverse_row_1","2",16326,16343,2,186
"forward_row_1","2127678816","MT880724.1","1",16512,16497,"8036",2,"reverse_row_1","2",16326,16343,2,186
"forward_row_1","2020303109","MW181766.1","1",15517,15502,"1955233",2,"reverse_row_1","2",15331,15348,2,186
"forward_row_1","2020303123","MW181767.1","1",15517,15502,"1955233",2,"reverse_row_1","2",15331,15348,2,186
"forward_row_1","2030286809","MW630964.1","0",1140,1124,"72070",2,"reverse_row_1","0",953,970,2,187
"forward_row_1","2020303151","MW664921.1","1",15515,15500,"85062",2,"reverse_row_1","2",15329,15346,2,186
"forward_row_1","2020303165","MW664922.1","1",15515,15500,"85062",2,"reverse_row_1","2",15329,15346,2,186
"forward_row_1","2020303193","MW664924.1","1",15516,15501,"359311",2,"reverse_row_1","2",15330,15347,2,186
"forward_row_1","2293347944","MW847427.1","0",1137,1124,"135752",2,"reverse_row_1","1",955,970,2,182
"forward_row_1","2293348040","MW847475.1","2",1140,1124,"76931",2,"reverse_row_1","1",955,969,2,185
"forward_row_1","2282268547","MZ570846.1","1",1113,1098,"8038",2,"reverse_row_1","2",927,944,2,186
"forward_row_1","2282268549","MZ570847.1","1",1113,1098,"8038",2,"reverse_row_1","2",927,944,2,186
"forward_row_1","2282268551","MZ570848.1","1",1113,1098,"8038",2,"reverse_row_1","2",927,944,2,186
"forward_row_1","2282268553","MZ570849.1","1",1113,1098,"8038",2,"reverse_row_1","2",927,944,2,186
"forward_row_1","2282268555","MZ570850.1","1",1113,1098,"8037",2,"reverse_row_1","2",927,944,2,186
"forward_row_1","2282268557","MZ570851.1","1",1113,1098,"8037",2,"reverse_row_1","2",927,944,2,186
"forward_row_1","2282268559","MZ570852.1","1",1113,1098,"8037",2,"reverse_row_1","2",927,944,2,186
"forward_row_1","2282268561","MZ570853.1","1",1113,1098,"8037",2,"reverse_row_1","2",927,944,2,186
"forward_row_1","2279947948","MZ571353.1","1",15517,15502,"85062",2,"reverse_row_1","2",15331,15348,2,186
"forward_row_1","2279947962","MZ571354.1","1",15517,15502,"85062",2,"reverse_row_1","2",15331,15348,2,186
"forward_row_1","2279947976","MZ571355.1","1",15517,15502,"85061",2,"reverse_row_1","2",15331,15348,2,186
"forward_row_1","2158470331","MZ902351.1","0",15524,15507,"72109",2,"reverse_row_1","0",15338,15352,2,186
"forward_row_1","2158470345","MZ902352.1","0",15523,15506,"1472224",2,"reverse_row_1","1",15335,15351,2,188
"forward_row_1","2158470359","MZ902353.1","0",15521,15504,"41446",2,"reverse_row_1","0",15333,15349,2,188
"forward_row_1","5835890","NC_000860.1","1",16481,16466,"8038",2,"reverse_row_1","2",16295,16312,2,186
"forward_row_1","5835904","NC_000861.1","1",16516,16501,"8036",2,"reverse_row_1","2",16330,16347,2,186
"forward_row_1","16357374","NC_003195.1","0",15521,15508,"143344",2,"reverse_row_1","1",15337,15352,2,184
"forward_row_1","25057499","NC_004376.1","1",15510,15495,"181406",2,"reverse_row_1","1",15324,15342,2,186
"forward_row_1","29570613","NC_004693.1","1",15567,15552,"29144",2,"reverse_row_1","2",15381,15397,2,186
"forward_row_1","42632187","NC_005450.1","0",15551,15534,"214486",2,"reverse_row_1","0",15363,15380,2,188
"forward_row_1","119360483","NC_008672.1","1",15533,15516,"154816",2,"reverse_row_1","2",15345,15362,2,188
"forward_row_1","119360721","NC_008677.1","1",15522,15505,"3358807",2,"reverse_row_1","2",15334,15351,2,188
"forward_row_1","288903178","NC_013812.1","0",15515,15498,"41446",2,"reverse_row_1","0",15327,15343,2,188
"forward_row_1","345894296","NC_015995.1","1",16854,16839,"633558",2,"reverse_row_1","2",16668,16685,2,186
"forward_row_1","359422066","NC_016426.1","1",16690,16675,"201498",2,"reverse_row_1","2",16504,16521,2,186
"forward_row_1","452849648","NC_020349.1","0",15445,15432,"394686",2,"reverse_row_1","1",15261,15276,2,184
"forward_row_1","570700687","NC_023265.1","0",15523,15506,"290523",2,"reverse_row_1","0",15335,15352,2,188
"forward_row_1","584593629","NC_023456.1","0",15529,15512,"160818",2,"reverse_row_1","0",15341,15358,2,188
"forward_row_1","669026351","NC_024549.1","1",15510,15493,"201705",2,"reverse_row_1","0",15322,15339,2,188
"forward_row_1","669026828","NC_024585.1","1",16511,16496,"374848",2,"reverse_row_1","2",16325,16342,2,186
"forward_row_1","722490465","NC_025589.1","1",16609,16594,"62062",2,"reverse_row_1","2",16423,16440,2,186
"forward_row_1","746000014","NC_026100.1","1",15526,15509,"290524",2,"reverse_row_1","1",15340,15355,2,186
"forward_row_1","746000349","NC_026128.1","1",15523,15506,"143406",2,"reverse_row_1","2",15335,15352,2,188
"forward_row_1","749111601","NC_026191.1","0",15525,15508,"160819",2,"reverse_row_1","0",15337,15354,2,188
"forward_row_1","884997090","NC_027438.1","0",15535,15518,"201710",2,"reverse_row_1","0",15347,15364,2,188
"forward_row_1","884997104","NC_027439.1","0",15525,15508,"201709",2,"reverse_row_1","0",15337,15354,2,188
"forward_row_1","884997118","NC_027440.1","1",15526,15509,"201703",3,"reverse_row_1","1",15340,15355,3,186
"forward_row_1","884997317","NC_027444.1","0",15522,15505,"214483",2,"reverse_row_1","1",15334,15351,2,188
"forward_row_1","884997331","NC_027445.1","0",15525,15508,"201708",2,"reverse_row_1","1",15337,15354,2,188
"forward_row_1","884997345","NC_027446.1","0",15524,15507,"214487",2,"reverse_row_1","0",15336,15353,2,188
"forward_row_1","884997359","NC_027447.1","0",15524,15507,"105747",2,"reverse_row_1","0",15336,15353,2,188
"forward_row_1","927372518","NC_027853.1","2",15524,15507,"322126",2,"reverse_row_1","2",15336,15352,2,188
"forward_row_1","937547007","NC_028018.1","1",16510,16495,"83385",2,"reverse_row_1","2",16324,16341,2,186
"forward_row_1","1016881429","NC_029877.1","1",16511,16496,"565044",2,"reverse_row_1","2",16325,16342,2,186
"forward_row_1","1088477500","NC_031546.1","1",15527,15510,"322118",2,"reverse_row_1","2",15339,15355,2,188
"forward_row_1","1088477633","NC_031548.1","2",15501,15484,"643331",2,"reverse_row_1","2",15313,15329,2,188
"forward_row_1","1125812409","NC_032292.1","2",15541,15524,"194368",2,"reverse_row_1","1",15355,15370,2,186
"forward_row_1","1150084153","NC_033954.1","1",15517,15502,"425500",2,"reverse_row_1","1",15329,15345,2,188
"forward_row_1","1267170532","NC_036048.1","0",15526,15509,"394691",2,"reverse_row_1","0",15338,15355,2,188
"forward_row_1","1299048865","NC_036392.1","1",15518,15503,"8040",2,"reverse_row_1","2",15332,15349,2,186
"forward_row_1","1369124618","NC_037249.1","1",16069,16054,"242287",2,"reverse_row_1","2",15883,15899,2,186
"forward_row_1","1381393660","NC_037502.1","1",15517,15502,"8039",2,"reverse_row_1","2",15331,15348,2,186
"forward_row_1","1511246753","NC_039777.1","0",15528,15511,"72099",3,"reverse_row_1","0",15340,15357,3,188
"forward_row_1","1511246767","NC_039778.1","0",15527,15510,"72089",2,"reverse_row_1","0",15339,15356,2,188
"forward_row_1","1511246781","NC_039779.1","0",15531,15514,"214485",2,"reverse_row_1","1",15343,15360,2,188
"forward_row_1","1642521931","NC_042195.1","1",15516,15501,"2557536",2,"reverse_row_1","2",15330,15347,2,186
"forward_row_1","1829765167","NC_046706.1","1",15518,15503,"152106",2,"reverse_row_1","2",15332,15349,2,186
"forward_row_1","1829765181","NC_046707.1","1",15517,15502,"152107",2,"reverse_row_1","2",15331,15348,2,186
"forward_row_1","1829765223","NC_046710.1","1",15517,15502,"152113",2,"reverse_row_1","2",15331,15348,2,186
"forward_row_1","1980526459","NC_052754.1","0",15526,15509,"394708",2,"reverse_row_1","0",15338,15355,2,188
"forward_row_1","2018133224","NC_053985.1","0",15526,15509,"72091",2,"reverse_row_1","1",15338,15355,2,188
"forward_row_1","2055401876","NC_056099.1","0",15524,15507,"72109",2,"reverse_row_1","0",15336,15352,2,188
"forward_row_1","2055401890","NC_056100.1","0",15523,15506,"1472224",2,"reverse_row_1","1",15335,15351,2,188
"forward_row_1","2088232134","NC_056778.1","0",15525,15508,"394695",2,"reverse_row_1","1",15337,15354,2,188
"forward_row_1","2088232190","NC_056782.1","0",15525,15508,"72084",2,"reverse_row_1","1",15337,15354,2,188
"forward_row_1","2088232204","NC_056783.1","0",15526,15509,"394699",2,"reverse_row_1","0",15338,15355,2,188
"forward_row_1","2172620563","NC_059927.1","1",15516,15501,"359311",2,"reverse_row_1","2",15330,15347,2,186
"forward_row_1","2192932780","NC_060709.1","0",15522,15507,"72065",2,"reverse_row_1","0",15336,15353,2,186
"forward_row_1","2192932794","NC_060710.1","0",15526,15509,"72085",2,"reverse_row_1","0",15338,15355,2,188
"forward_row_1","2192932808","NC_060711.1","0",15524,15507,"394707",2,"reverse_row_1","0",15336,15353,2,188
"forward_row_1","2228973317","NC_062730.1","2",15530,15513,"322121",2,"reverse_row_1","2",15342,15358,2,188
"forward_row_1","2289426052","NC_065762.1","1",15517,15502,"152110",2,"reverse_row_1","2",15331,15348,2,186
"forward_row_1","2314981672","NC_066907.1","1",15517,15502,"8037",2,"reverse_row_1","2",15331,15348,2,186
"forward_row_1","2314982036","NC_066933.1","0",15525,15508,"72063",2,"reverse_row_1","1",15337,15354,2,188
"forward_row_1","2328347912","NC_067575.1","1",15516,15501,"359312",2,"reverse_row_1","2",15330,15347,2,186
"forward_row_1","2328388947","NC_068270.1","1",15516,15501,"85065",2,"reverse_row_1","2",15330,15347,2,186
"forward_row_1","2328388961","NC_068271.1","1",15517,15502,"423371",2,"reverse_row_1","2",15331,15348,2,186
"forward_row_1","2386968503","NC_068843.1","1",15680,15665,"91658",2,"reverse_row_1","1",15496,15510,2,184
"forward_row_1","2587926102","NC_082756.1","0",15526,15509,"394698",2,"reverse_row_1","1",15338,15355,2,188
"forward_row_1","2587926116","NC_082757.1","1",15526,15509,"72055",2,"reverse_row_1","0",15338,15355,2,188
"forward_row_1","2587926130","NC_082758.1","0",15526,15509,"72066",2,"reverse_row_1","1",15338,15355,2,188
"forward_row_1","2587926144","NC_082759.1","0",15524,15507,"72101",2,"reverse_row_1","0",15338,15353,2,186
"forward_row_1","2587926158","NC_082760.1","0",15526,15509,"72088",2,"reverse_row_1","0",15338,15354,2,188
"forward_row_1","2587926172","NC_082761.1","0",15526,15509,"72073",2,"reverse_row_1","0",15338,15354,2,188
"forward_row_1","2587926186","NC_082762.1","0",15525,15508,"72107",2,"reverse_row_1","0",15339,15354,2,186
"forward_row_1","2587926200","NC_082763.1","0",15526,15509,"72108",2,"reverse_row_1","0",15340,15355,2,186
"forward_row_1","2587926214","NC_082764.1","0",15525,15508,"72078",2,"reverse_row_1","1",15337,15354,2,188
"forward_row_1","2587926228","NC_082765.1","0",15526,15509,"72087",2,"reverse_row_1","0",15338,15355,2,188
"forward_row_1","2587926242","NC_082766.1","0",15524,15507,"72094",2,"reverse_row_1","0",15336,15353,2,188
"forward_row_1","2587926256","NC_082767.1","0",15527,15510,"72076",2,"reverse_row_1","0",15339,15356,2,188
"forward_row_1","2587926312","NC_082771.1","0",15526,15509,"394703",2,"reverse_row_1","0",15338,15355,2,188
"forward_row_1","2587926326","NC_082772.1","0",15526,15509,"72057",2,"reverse_row_1","0",15338,15355,2,188
"forward_row_1","2587926368","NC_082775.1","0",15526,15509,"72079",2,"reverse_row_1","1",15338,15355,2,188
"forward_row_1","2587926382","NC_082776.1","0",15524,15507,"72060",2,"reverse_row_1","0",15336,15353,2,188
"forward_row_1","2587926410","NC_082778.1","0",15524,15507,"72067",2,"reverse_row_1","0",15336,15353,2,188
"forward_row_1","2587926424","NC_082779.1","0",15526,15509,"72093",2,"reverse_row_1","2",15338,15354,2,188
"forward_row_1","2587926550","NC_082788.1","0",15525,15508,"72106",2,"reverse_row_1","0",15337,15354,2,188
"forward_row_1","2587926578","NC_082790.1","0",15531,15514,"72086",2,"reverse_row_1","0",15343,15360,2,188
"forward_row_1","2587926592","NC_082791.1","0",15526,15509,"72096",2,"reverse_row_1","1",15338,15355,2,188
"forward_row_1","2587926606","NC_082792.1","0",15527,15510,"72097",2,"reverse_row_1","1",15339,15356,2,188
"forward_row_1","2587926663","NC_082796.1","0",15524,15507,"201702",2,"reverse_row_1","0",15336,15353,2,188
"forward_row_1","2587926747","NC_082802.1","0",15524,15507,"394704",2,"reverse_row_1","0",15336,15353,2,188
"forward_row_1","2587926943","NC_082816.1","0",15525,15508,"72071",2,"reverse_row_1","0",15339,15354,2,186
"forward_row_1","2587926971","NC_082818.1","0",15526,15509,"72070",2,"reverse_row_1","0",15338,15355,2,188
"forward_row_1","2587927013","NC_082821.1","0",15528,15511,"72069",2,"reverse_row_1","1",15340,15357,2,188
"forward_row_1","2587933604","NC_083040.1","2",15527,15510,"274698",2,"reverse_row_1","1",15341,15355,2,186
"forward_row_1","2587933688","NC_083047.1","0",15525,15508,"394702",2,"reverse_row_1","0",15337,15354,2,188
"forward_row_1","2666674351","NC_085186.1","0",15525,15508,"72098",2,"reverse_row_1","0",15337,15354,2,188
"forward_row_1","2666674365","NC_085187.1","0",15526,15509,"72059",2,"reverse_row_1","0",15338,15355,2,188
"forward_row_1","2666674379","NC_085188.1","0",15528,15511,"72081",2,"reverse_row_1","0",15340,15357,2,188
"forward_row_1","2692949661","NC_086726.1","2",15506,15489,"2048585",2,"reverse_row_1","2",15318,15334,2,188
"forward_row_1","2715331898","NC_088014.1","2",15512,15495,"76927",2,"reverse_row_1","1",15326,15340,2,186
"forward_row_1","2183125161","OK048740.1","0",15524,15507,"72065",2,"reverse_row_1","1",15336,15352,2,188
"forward_row_1","2183125203","OK048743.1","0",15524,15507,"394707",2,"reverse_row_1","0",15336,15353,2,188
"forward_row_1","2305126217","OK623670.1","1",15516,15501,"8038",2,"reverse_row_1","2",15330,15347,2,186
"forward_row_1","2305126293","OK637264.1","1",15516,15501,"8038",2,"reverse_row_1","2",15330,15347,2,186
"forward_row_1","2305126321","OK637266.1","1",15516,15501,"8038",2,"reverse_row_1","2",15330,15347,2,186
"forward_row_1","2310595233","OK679243.1","1",15516,15501,"359312",2,"reverse_row_1","2",15330,15347,2,186
"forward_row_1","2310595247","OK679244.1","1",15516,15501,"85063",2,"reverse_row_1","2",15330,15347,2,186
"forward_row_1","2310595261","OK679245.1","1",15516,15501,"85063",2,"reverse_row_1","2",15330,15347,2,186
"forward_row_1","2305126407","OL404942.1","1",15516,15501,"8037",2,"reverse_row_1","2",15330,15347,2,186
"forward_row_1","2305126421","OL404943.1","1",15516,15501,"8037",2,"reverse_row_1","2",15330,15347,2,186
"forward_row_1","2305126552","OL688780.1","1",15516,15501,"8038",2,"reverse_row_1","2",15330,15347,2,186
"forward_row_1","2305126567","OL688782.1","1",15516,15501,"8038",2,"reverse_row_1","2",15330,15347,2,186
"forward_row_1","2305126581","OL688783.1","1",15516,15501,"8038",2,"reverse_row_1","2",15330,15347,2,186
"forward_row_1","2305126670","OL806602.1","1",15517,15502,"8040",2,"reverse_row_1","2",15331,15348,2,186
"forward_row_1","2305126700","OL806607.1","1",15517,15502,"8040",2,"reverse_row_1","2",15331,15348,2,186
"forward_row_1","2305126715","OL806608.1","1",15517,15502,"8040",2,"reverse_row_1","2",15331,15348,2,186
"forward_row_1","2305126729","OL806611.1","1",15516,15501,"8037",2,"reverse_row_1","2",15330,15347,2,186
"forward_row_1","2305126744","OL806612.1","1",15516,15501,"8037",2,"reverse_row_1","2",15330,15347,2,186
"forward_row_1","2305126759","OL806613.1","1",15516,15501,"8037",2,"reverse_row_1","2",15330,15347,2,186
"forward_row_1","2322549084","OM362906.1","1",15516,15501,"85065",2,"reverse_row_1","2",15330,15347,2,186
"forward_row_1","2322549112","OM362908.1","1",15517,15502,"423371",2,"reverse_row_1","2",15331,15348,2,186
"forward_row_1","2325477910","OM736821.1","1",15518,15503,"8040",2,"reverse_row_1","2",15332,15349,2,186
"forward_row_1","2325477289","OM736887.1","1",2861,2846,"8040",2,"reverse_row_1","2",2675,2692,2,186
"forward_row_1","2257779217","ON164643.1","1",15532,15515,"154816",2,"reverse_row_1","2",15344,15361,2,188
"forward_row_1","2393139172","ON381187.1","1",15517,15502,"374848",2,"reverse_row_1","2",15331,15348,2,186
"forward_row_1","2393139186","ON381188.1","1",15517,15502,"374848",2,"reverse_row_1","2",15331,15348,2,186
"forward_row_1","2373973103","ON507932.1","1",15517,15502,"374848",2,"reverse_row_1","2",15331,15348,2,186
"forward_row_1","2373973117","ON507933.1","1",15517,15502,"374848",2,"reverse_row_1","2",15331,15348,2,186
"forward_row_1","2373974517","OP035060.1","0",15524,15507,"72084",2,"reverse_row_1","1",15336,15353,2,188
"forward_row_1","2373974599","OP035093.1","0",15526,15509,"72079",2,"reverse_row_1","1",15338,15355,2,188
"forward_row_1","2580275964","OP035099.2","0",15527,15510,"72092",2,"reverse_row_1","0",15339,15356,2,188
"forward_row_1","2373974725","OP035142.1","0",15525,15508,"394690",2,"reverse_row_1","0",15337,15354,2,188
"forward_row_1","2580282793","OP035167.2","2",16178,16161,"473324",2,"reverse_row_1","1",15992,16006,2,186
"forward_row_1","2373974790","OP035168.1","1",15535,15518,"1156140",2,"reverse_row_1","2",15347,15363,2,188
"forward_row_1","2373974803","OP035173.1","0",15524,15507,"72094",2,"reverse_row_1","0",15336,15353,2,188
"forward_row_1","2373974856","OP035205.1","0",15525,15508,"72063",2,"reverse_row_1","1",15337,15354,2,188
"forward_row_1","2373974915","OP035238.1","0",15527,15510,"72103",2,"reverse_row_1","1",15339,15356,2,188
"forward_row_1","2373974931","OP035249.1","0",15524,15507,"201702",2,"reverse_row_1","0",15336,15353,2,188
"forward_row_1","2373974953","OP035263.1","0",15524,15507,"72067",2,"reverse_row_1","0",15336,15353,2,188
"forward_row_1","2580282887","OP035269.2","0",15525,15508,"72074",2,"reverse_row_1","0",15337,15354,2,188
"forward_row_1","2373974989","OP035284.1","0",15525,15508,"394693",2,"reverse_row_1","0",15337,15354,2,188
"forward_row_1","2373975001","OP035291.1","0",15526,15509,"72075",2,"reverse_row_1","1",15338,15355,2,188
"forward_row_1","2329468149","OP056911.1","0",15760,15747,"342441",2,"reverse_row_1","1",15576,15591,2,184
"forward_row_1","2580282071","OP057061.2","1",15687,15672,"2968244",2,"reverse_row_1","2",15501,15517,2,186
"forward_row_1","2569352745","OR482534.1","0",15526,15509,"72085",2,"reverse_row_1","0",15338,15355,2,188
"forward_row_1","2569352829","OR482540.1","0",15524,15507,"72065",2,"reverse_row_1","0",15336,15353,2,188
"forward_row_1","2571476492","OR499729.1","0",15526,15509,"72059",2,"reverse_row_1","0",15338,15355,2,188
"forward_row_1","2571476562","OR499734.1","0",15524,15507,"394707",2,"reverse_row_1","0",15336,15353,2,188
"forward_row_1","2576858096","OR546210.1","0",15526,15509,"72063",2,"reverse_row_1","1",15338,15355,2,188
"forward_row_1","2582976281","OR604263.1","0",1141,1124,"1182848",2,"reverse_row_1","1",955,969,2,186
"forward_row_1","2624751347","OR641492.1","0",15524,15507,"214485",2,"reverse_row_1","1",15336,15353,2,188
"forward_row_1","2624751361","OR641493.1","0",15524,15507,"214485",2,"reverse_row_1","1",15336,15353,2,188
"forward_row_1","2624751375","OR641494.1","0",15524,15507,"214485",2,"reverse_row_1","1",15336,15353,2,188
"forward_row_1","2624751389","OR641495.1","0",15524,15507,"214485",2,"reverse_row_1","1",15336,15353,2,188
"forward_row_1","2624751417","OR641497.1","0",15525,15508,"72098",2,"reverse_row_1","0",15337,15354,2,188
"forward_row_1","2624751431","OR641498.1","0",15525,15508,"72098",2,"reverse_row_1","0",15337,15354,2,188
"forward_row_1","2624751445","OR641499.1","0",15525,15508,"72108",2,"reverse_row_1","0",15339,15354,2,186
"forward_row_1","2624751459","OR641500.1","0",15524,15507,"214485",2,"reverse_row_1","1",15336,15353,2,188
"forward_row_1","2624751473","OR641501.1","1",15526,15509,"72055",2,"reverse_row_1","0",15338,15355,2,188
"forward_row_1","2624751487","OR641502.1","1",15526,15509,"72055",2,"reverse_row_1","0",15338,15355,2,188
"forward_row_1","2624751515","OR641504.1","0",15526,15509,"72059",2,"reverse_row_1","0",15338,15355,2,188
"forward_row_1","2624751529","OR641505.1","0",15524,15507,"72060",2,"reverse_row_1","0",15336,15353,2,188
"forward_row_1","2624751543","OR641506.1","0",15525,15508,"72063",2,"reverse_row_1","1",15337,15352,2,188
"forward_row_1","2624751557","OR641507.1","0",15525,15508,"72063",2,"reverse_row_1","1",15337,15354,2,188
"forward_row_1","2624751571","OR641508.1","0",15525,15508,"72063",2,"reverse_row_1","1",15337,15352,2,188
"forward_row_1","2624751585","OR641509.1","0",15525,15508,"72063",2,"reverse_row_1","1",15337,15352,2,188
"forward_row_1","2624751599","OR641510.1","0",15525,15508,"72063",2,"reverse_row_1","1",15337,15354,2,188
"forward_row_1","2624751613","OR641511.1","0",15524,15507,"72067",2,"reverse_row_1","0",15336,15353,2,188
"forward_row_1","2624751627","OR641512.1","0",15524,15507,"72067",2,"reverse_row_1","0",15336,15353,2,188
"forward_row_1","2624751641","OR641513.1","0",15527,15510,"72069",2,"reverse_row_1","1",15339,15356,2,188
"forward_row_1","2624751655","OR641514.1","0",15527,15510,"72069",2,"reverse_row_1","1",15339,15356,2,188
"forward_row_1","2624751669","OR641515.1","0",15526,15509,"72070",2,"reverse_row_1","0",15338,15355,2,188
"forward_row_1","2624751683","OR641516.1","0",15528,15511,"72070",2,"reverse_row_1","0",15340,15357,2,188
"forward_row_1","2624751697","OR641517.1","0",15526,15509,"72073",2,"reverse_row_1","0",15338,15354,2,188
"forward_row_1","2624751711","OR641518.1","0",15526,15509,"72073",2,"reverse_row_1","0",15338,15354,2,188
"forward_row_1","2624751725","OR641519.1","0",15526,15509,"72073",2,"reverse_row_1","0",15338,15354,2,188
"forward_row_1","2624751739","OR641520.1","0",15526,15509,"72073",2,"reverse_row_1","0",15338,15354,2,188
"forward_row_1","2624751753","OR641521.1","0",15527,15510,"72076",2,"reverse_row_1","0",15339,15356,2,188
"forward_row_1","2624751767","OR641522.1","0",15527,15510,"72076",2,"reverse_row_1","0",15339,15356,2,188
"forward_row_1","2624751781","OR641523.1","0",15527,15510,"72076",2,"reverse_row_1","0",15339,15356,2,188
"forward_row_1","2624751795","OR641524.1","0",15526,15509,"72076",2,"reverse_row_1","0",15338,15355,2,188
"forward_row_1","2624751809","OR641525.1","0",15528,15511,"72076",2,"reverse_row_1","0",15340,15357,2,188
"forward_row_1","2624751823","OR641526.1","0",15525,15508,"72078",2,"reverse_row_1","1",15337,15354,2,188
"forward_row_1","2624751837","OR641527.1","0",15525,15508,"72078",2,"reverse_row_1","1",15337,15354,2,188
"forward_row_1","2624751851","OR641528.1","0",15527,15510,"72079",2,"reverse_row_1","1",15339,15356,2,188
"forward_row_1","2624751865","OR641529.1","0",15526,15509,"72079",2,"reverse_row_1","1",15338,15355,2,188
"forward_row_1","2624751893","OR641531.1","0",15527,15510,"72081",2,"reverse_row_1","0",15339,15356,2,188
"forward_row_1","2624751907","OR641532.1","0",15525,15508,"72084",2,"reverse_row_1","1",15337,15354,2,188
"forward_row_1","2624751921","OR641533.1","0",15524,15507,"72084",2,"reverse_row_1","1",15336,15353,2,188
"forward_row_1","2624751935","OR641534.1","0",15524,15507,"72084",2,"reverse_row_1","1",15336,15353,2,188
"forward_row_1","2624751949","OR641535.1","0",15524,15507,"72084",2,"reverse_row_1","1",15336,15353,2,188
"forward_row_1","2624751963","OR641536.1","0",15524,15507,"72084",2,"reverse_row_1","1",15336,15353,2,188
"forward_row_1","2624751977","OR641537.1","0",15526,15509,"72093",2,"reverse_row_1","2",15338,15354,2,188
"forward_row_1","2624752005","OR641539.1","0",15526,15509,"72093",2,"reverse_row_1","2",15338,15354,2,188
"forward_row_1","2624752019","OR641540.1","0",15526,15509,"72093",2,"reverse_row_1","2",15338,15354,2,188
"forward_row_1","2624752033","OR641541.1","0",15526,15509,"72093",2,"reverse_row_1","2",15338,15354,2,188
"forward_row_1","2624752047","OR641542.1","0",15524,15507,"72094",2,"reverse_row_1","0",15336,15353,2,188
"forward_row_1","2624752061","OR641543.1","0",15524,15507,"72094",2,"reverse_row_1","0",15336,15353,2,188
"forward_row_1","2624752075","OR641544.1","0",15526,15509,"394703",2,"reverse_row_1","0",15338,15355,2,188
"forward_row_1","2624752089","OR641545.1","0",15526,15509,"394703",2,"reverse_row_1","0",15338,15355,2,188
"forward_row_1","2624752103","OR641546.1","0",15524,15507,"394704",2,"reverse_row_1","0",15336,15353,2,188
"forward_row_1","2624752117","OR641547.1","0",15524,15507,"394704",2,"reverse_row_1","0",15336,15353,2,188
"forward_row_1","2624752131","OR641548.1","0",15525,15508,"72098",2,"reverse_row_1","0",15337,15354,2,188
"forward_row_1","2624752145","OR641549.1","0",15526,15509,"72098",2,"reverse_row_1","0",15338,15355,2,188
"forward_row_1","2624752159","OR641550.1","0",15528,15511,"72101",2,"reverse_row_1","0",15342,15357,2,186
"forward_row_1","2624752173","OR641551.1","0",15527,15510,"72101",2,"reverse_row_1","0",15341,15356,2,186
"forward_row_1","2624752187","OR641552.1","0",15525,15508,"72106",2,"reverse_row_1","0",15339,15354,2,186
"forward_row_1","2624752201","OR641553.1","0",15525,15508,"72106",2,"reverse_row_1","1",15339,15354,2,186
"forward_row_1","2624752215","OR641554.1","0",15526,15509,"72108",2,"reverse_row_1","0",15340,15355,2,186
"forward_row_1","2694744798","OZ020603.1","2",16206,16189,"948063",2,"reverse_row_1","2",16018,16034,2,188
"forward_row_1","2699845731","OZ023295.1","1",4810626,4810640,"2876618",17,"reverse_row_1","2",4810751,4810735,17,125
"forward_row_1","2739942473","OZ060261.1","1",638994,639010,"316510",31,"reverse_row_1","1",639155,639141,31,161
"forward_row_1","2739942473","OZ060261.1","1",656439,656455,"316510",31,"reverse_row_1","1",656600,656586,31,161
"forward_row_1","2739942476","OZ060264.1","1",3100388,3100404,"316510",34,"reverse_row_1","1",3100549,3100535,34,161
"forward_row_1","2739942476","OZ060264.1","1",3118068,3118084,"316510",34,"reverse_row_1","1",3118229,3118215,34,161
"forward_row_1","2739942485","OZ060273.1","1",21203584,21203600,"316510",29,"reverse_row_1","1",21203745,21203731,29,161
"forward_row_1","2739942485","OZ060273.1","1",21221073,21221089,"316510",29,"reverse_row_1","1",21221234,21221220,29,161
"forward_row_1","2646147308","PP059118.1","0",15508,15495,"135752",2,"reverse_row_1","1",15326,15341,2,182
"forward_row_1","2745580286","PP928773.1","1",10046,10031,"1003834",2,"reverse_row_1","2",9860,9877,2,186
"forward_row_1","2813180009","PQ423884.1","1",15516,15501,"3070686",2,"reverse_row_1","2",15330,15347,2,186
"forward_row_1","2813180023","PQ423885.1","1",15516,15501,"3070686",2,"reverse_row_1","2",15330,15347,2,186
"forward_row_1","2813180037","PQ423886.1","1",15516,15501,"3366713",2,"reverse_row_1","2",15330,15347,2,186
"forward_row_1","2813180051","PQ423887.1","1",15516,15501,"3366713",2,"reverse_row_1","2",15330,15347,2,186
"forward_row_1","2835548932","PQ472886.1","0",1137,1124,"135752",2,"reverse_row_1","1",955,970,2,182
"forward_row_1","2835548938","PQ472889.1","0",1137,1124,"135752",2,"reverse_row_1","1",955,970,2,182
"forward_row_1","2835548942","PQ472891.1","0",1137,1124,"135752",2,"reverse_row_1","1",955,970,2,182
"forward_row_1","2835548944","PQ472892.1","0",1137,1124,"135752",2,"reverse_row_1","1",955,970,2,182
"forward_row_1","2835548946","PQ472893.1","0",1137,1124,"135752",2,"reverse_row_1","1",955,970,2,182
"forward_row_1","2835548948","PQ472894.1","0",1137,1124,"135752",2,"reverse_row_1","1",955,970,2,182
"forward_row_1","2835548950","PQ472895.1","0",1137,1124,"135752",2,"reverse_row_1","1",955,970,2,182
"forward_row_1","2835548952","PQ472896.1","0",1137,1124,"135752",2,"reverse_row_1","1",955,970,2,182
"forward_row_1","2835548954","PQ472897.1","0",1137,1124,"135752",2,"reverse_row_1","1",955,970,2,182
"forward_row_1","2835548966","PQ472903.1","0",1137,1124,"135752",2,"reverse_row_1","1",955,970,2,182
"forward_row_1","2835548968","PQ472904.1","0",1137,1124,"135752",2,"reverse_row_1","1",955,970,2,182
"forward_row_1","471196418","XM_004255120.1","2",685,702,"370355",2,"reverse_row_1","0",863,851,2,178
"forward_row_1","2510622827","XM_056365275.1","1",4408,4422,"2871759",2,"reverse_row_1","1",4527,4513,2,119
